elapsed_seconds,frame_ms,gpu_ms,draw_calls,rss_bytes,streaming_complete,x_cm,y_cm,z_cm
60.012166,26.028164,25.393791,202,1055932416,1,180000.000,123500.000,1230.036
60.037029,24.863169,25.360209,258,1055932416,1,180000.000,123501.296,1229.765
60.061784,24.755459,24.650042,207,1055932416,1,180000.000,123503.832,1229.234
60.087189,25.405042,25.433416,228,1055932416,1,180000.000,123506.656,1228.643
60.113362,26.172958,25.188791,213,1055113216,1,180000.000,123509.495,1228.049
60.138284,24.921790,25.313749,204,1055424512,1,180000.000,123512.313,1227.459
60.163920,25.636293,25.106625,228,1055424512,1,180000.000,123515.162,1226.859
60.189517,25.597040,25.199751,237,1055424512,1,180000.000,123518.004,1226.260
60.215444,25.926501,24.932375,224,1056260096,1,180000.000,123520.886,1225.652
60.239349,23.905333,25.350250,252,1056276480,1,180000.000,123523.565,1225.088
60.265069,25.720168,25.777082,222,1056276480,1,180000.000,123526.391,1224.492
60.291383,26.313499,26.193001,214,1056276480,1,180000.000,123529.327,1223.874
60.316549,25.166210,25.517542,239,1056292864,1,180000.000,123532.145,1223.280
60.342957,26.407789,25.445917,244,1056292864,1,180000.000,123535.069,1222.664
60.367418,24.461418,25.368626,263,1056309248,1,180000.000,123537.792,1222.090
60.392803,25.384918,25.329000,195,1056309248,1,180000.000,123540.609,1221.496
60.419185,26.382167,25.265249,214,1056309248,1,180000.000,123543.518,1220.883
60.443926,24.740875,25.302834,194,1056309248,1,180000.000,123546.278,1220.302
60.469829,25.902707,25.133125,200,1055342592,1,180000.000,123549.093,1219.709
60.494435,24.605960,24.967251,194,1055342592,1,180000.000,123551.888,1219.120
60.518840,24.404831,24.833166,221,1055342592,1,180000.000,123554.589,1218.551
60.544964,26.124544,25.170542,213,1055522816,1,180000.000,123557.519,1217.933
60.569764,24.799831,25.018167,235,1055555584,1,180000.000,123560.238,1217.360
60.594579,24.815209,25.169916,225,1055555584,1,180000.000,123563.014,1216.780
60.620636,26.057042,25.689209,196,1055555584,1,180000.000,123565.885,1216.180
60.646257,25.620498,25.410542,205,1055588352,1,180000.000,123568.756,1215.581
60.671745,25.488418,26.003000,238,1055588352,1,180000.000,123571.586,1214.989
60.698648,26.903082,26.491375,205,1055588352,1,180000.000,123574.576,1214.365
60.723020,24.371501,25.234209,194,1055588352,1,180000.000,123577.301,1213.796
60.748626,25.605835,25.216125,224,1055588352,1,180000.000,123580.143,1213.202
60.774432,25.806457,25.512917,217,1055588352,1,180000.000,123583.007,1212.603
60.799699,25.266457,25.908291,218,1055588352,1,180000.000,123585.830,1212.014
60.826205,26.506834,25.011292,209,1055358976,1,180000.000,123588.691,1211.416
60.852568,26.362751,25.923876,248,1055506432,1,180000.000,123591.687,1210.790
60.876552,23.984041,25.624542,228,1055506432,1,180000.000,123594.363,1210.231
60.901619,25.066417,25.116959,226,1055506432,1,180000.000,123597.128,1209.654
60.930874,29.255416,27.600916,223,1055506432,1,180000.000,123600.364,1208.978
60.955104,24.229836,25.685083,205,1055506432,1,180000.000,123603.099,1208.406
60.980611,25.507458,25.299208,200,1055506432,1,180000.000,123605.921,1207.817
61.007041,26.429459,25.566750,177,1055506432,1,180000.000,123608.833,1207.208
61.032459,25.418166,25.364042,207,1055506432,1,180000.000,123611.652,1206.619
61.057616,25.157332,25.560959,207,1055506432,1,180000.000,123614.467,1206.047
61.082636,25.019292,25.281834,252,1055506432,1,180000.000,123617.261,1205.478
61.111074,28.438583,27.445375,261,1055506432,1,180000.000,123620.415,1204.837
61.136406,25.331374,25.559875,229,1057161216,1,180000.000,123623.211,1204.268
61.163125,26.719626,25.865833,183,1057161216,1,180000.000,123626.184,1203.663
61.188130,25.004584,25.711542,214,1056342016,1,180000.000,123628.915,1203.107
61.212891,24.761081,25.489166,195,1056817152,1,180000.000,123631.731,1202.534
61.238172,25.281418,25.328459,237,1056882688,1,180000.000,123634.546,1201.962
61.264492,26.319668,26.060125,226,1042579456,1,180000.000,123637.458,1201.369
61.291112,26.619624,25.994749,243,1044217856,1,180000.000,123640.379,1200.775
61.316995,25.883667,25.814791,246,1044217856,1,180000.000,123643.299,1200.181
61.343438,26.442915,25.517042,226,1044234240,1,180000.000,123646.210,1199.589
61.367439,24.001166,25.430292,236,1044234240,1,180000.000,123648.913,1199.039
61.392656,25.216460,25.076042,227,1044283392,1,180000.000,123651.702,1198.471
61.419648,26.991956,25.978708,241,1044283392,1,180000.000,123654.697,1197.862
61.445244,25.595918,26.193001,243,1044283392,1,180000.000,123657.549,1197.282
61.470706,25.461793,25.658417,217,1044283392,1,180000.000,123660.382,1196.705
61.496270,25.564164,25.858000,194,1044283392,1,180000.000,123663.224,1196.155
61.523224,26.954211,25.964834,210,1044283392,1,180000.000,123666.188,1195.581
61.547871,24.646875,25.503542,194,1044283392,1,180000.000,123668.960,1195.044
61.574101,26.229791,25.781834,184,1044283392,1,180000.000,123671.858,1194.483
61.599316,25.215834,25.239876,196,1044283392,1,180000.000,123674.672,1193.937
61.625640,26.323665,26.149876,225,1044283392,1,180000.000,123677.599,1193.370
61.650567,24.927374,25.765333,236,1045938176,1,180000.000,123680.352,1192.837
61.680587,30.019503,29.435749,223,1045938176,1,180000.000,123683.700,1192.189
61.708118,27.530957,25.785999,198,1045938176,1,180000.000,123686.728,1191.602
61.733073,24.955418,26.494125,193,1045938176,1,180000.000,123689.535,1191.058
61.762008,28.934706,27.830542,188,1045938176,1,180000.000,123692.726,1190.440
61.790087,28.078999,27.837917,209,1045938176,1,180000.000,123695.850,1189.835
61.819458,29.371418,27.980625,217,1046020096,1,180000.000,123698.981,1189.228
61.844017,24.558790,27.359959,196,1046020096,1,180000.000,123701.857,1188.671
61.870841,26.823584,26.346792,261,1046052864,1,180000.000,123704.824,1188.097
61.896766,25.925666,26.012459,217,1046052864,1,180000.000,123707.703,1187.539
61.922493,25.726959,25.470751,225,1046052864,1,180000.000,123710.554,1186.987
61.947808,25.314499,25.529417,221,1046052864,1,180000.000,123713.380,1186.482
61.974117,26.309211,25.531458,237,1046052864,1,180000.000,123716.267,1185.967
61.999873,25.755625,25.503166,211,1046052864,1,180000.000,123719.152,1185.452
62.025146,25.273707,26.013374,230,1046085632,1,180000.000,123721.959,1184.951
62.051839,26.692085,25.973000,194,1046085632,1,180000.000,123724.916,1184.424
62.078155,26.316248,27.018959,196,1046085632,1,180000.000,123727.870,1183.896
62.105874,27.719669,28.116501,231,1046085632,1,180000.000,123730.953,1183.346
62.132198,26.323166,25.919584,192,1046085632,1,180000.000,123733.873,1182.825
62.159153,26.955042,26.626167,208,1046085632,1,180000.000,123736.852,1182.293
62.185127,25.973916,26.232124,202,1046102016,1,180000.000,123739.754,1181.775
62.211144,26.017126,26.209000,229,1046102016,1,180000.000,123742.652,1181.258
62.237215,26.071209,25.495958,209,1046102016,1,180000.000,123745.504,1180.749
62.263416,26.201539,25.660875,202,1046118400,1,180000.000,123748.452,1180.223
62.288690,25.273874,25.015709,205,1044086784,1,180000.000,123751.184,1179.735
62.313399,24.708584,25.441833,235,1044086784,1,180000.000,123753.986,1179.235
62.338224,24.824627,25.118584,186,1044119552,1,180000.000,123756.752,1178.742
62.364771,26.547290,25.526209,190,1044119552,1,180000.000,123759.689,1178.218
62.390456,25.685541,26.141708,221,1044119552,1,180000.000,123762.566,1177.772
62.416097,25.640961,26.620167,188,1044119552,1,180000.000,123765.424,1177.330
62.442687,26.589375,25.302708,222,1044938752,1,180000.000,123768.326,1176.881
62.467348,24.660915,25.534374,184,1044938752,1,180000.000,123771.105,1176.451
62.493599,26.251335,25.479542,224,1044938752,1,180000.000,123774.000,1176.003
62.518086,24.487372,24.926458,177,1044938752,1,180000.000,123776.731,1175.581
62.543209,25.122292,24.872999,219,1044938752,1,180000.000,123779.503,1175.152
62.567896,24.687000,25.113958,199,1044938752,1,180000.000,123782.264,1174.725
62.592760,24.864584,25.037542,212,1044938752,1,180000.000,123785.036,1174.296
62.618326,25.565583,25.192499,197,1044938752,1,180000.000,123787.872,1173.857
62.643794,25.468126,25.094959,208,1044037632,1,180000.000,123790.638,1173.429
62.669263,25.469165,25.517876,206,1044037632,1,180000.000,123793.541,1172.980
62.694775,25.511835,25.458458,198,1044037632,1,180000.000,123796.341,1172.547
62.719638,24.862625,25.011833,210,1044037632,1,180000.000,123799.123,1172.116
62.744698,25.060792,25.304417,179,1044037632,1,180000.000,123801.920,1171.684
62.771292,26.593789,25.850916,205,1044054016,1,180000.000,123804.861,1171.229
62.797561,26.269086,26.048916,216,1044054016,1,180000.000,123807.771,1170.778
62.823493,25.932290,25.744291,195,1044201472,1,180000.000,123810.669,1170.470
62.848577,25.083419,25.276709,221,1044201472,1,180000.000,123813.444,1170.174
62.873952,25.374956,25.486792,243,1044201472,1,180000.000,123816.267,1169.874
62.898498,24.545711,25.288042,211,1044201472,1,180000.000,123819.012,1169.581
62.925134,26.636709,26.716833,220,1044201472,1,180000.000,123821.990,1169.264
62.951956,26.821584,26.627832,229,1044201472,1,180000.000,123824.953,1168.949
62.979623,27.666833,27.665583,207,1044201472,1,180000.000,123828.038,1168.620
63.008302,28.679539,26.647083,207,1044054016,1,180000.000,123831.125,1168.291
63.033281,24.978500,27.061083,223,1044135936,1,180000.000,123833.999,1167.985
63.059637,26.356544,25.278042,211,1044135936,1,180000.000,123836.864,1167.680
63.084437,24.799917,25.569000,238,1044135936,1,180000.000,123839.669,1167.382
63.109849,25.412250,25.211166,212,1044135936,1,180000.000,123842.484,1167.082
63.134662,24.812665,25.220249,202,1044135936,1,180000.000,123845.263,1166.786
63.160152,25.490209,24.677334,230,1044135936,1,180000.000,123848.074,1166.487
63.185080,24.927791,25.399042,192,1044217856,1,180000.000,123850.860,1166.190
63.210440,25.359791,25.061083,242,1044217856,1,180000.000,123853.656,1165.892
63.235199,24.759501,25.062000,205,1044217856,1,180000.000,123856.430,1165.818
63.260597,25.397584,24.947166,224,1044217856,1,180000.000,123859.237,1165.743
63.286441,25.843665,25.393583,231,1044217856,1,180000.000,123862.109,1165.667
63.310511,24.070751,25.016293,205,1044217856,1,180000.000,123864.802,1165.595
63.336188,25.676791,25.123167,210,1044217856,1,180000.000,123867.639,1165.519
63.361858,25.669709,25.214666,221,1045856256,1,180000.000,123870.417,1165.445
63.386967,25.108919,25.224417,215,1045938176,1,180000.000,123873.278,1165.368
63.411775,24.807915,25.243376,204,1045938176,1,180000.000,123876.053,1165.294
63.437399,25.624000,25.430166,221,1045938176,1,180000.000,123878.894,1165.218
63.462903,25.504332,25.079750,231,1045938176,1,180000.000,123881.711,1165.143
63.488210,25.306545,25.246750,198,1046085632,1,180000.000,123884.516,1165.068
63.514330,26.120666,25.048416,253,1046085632,1,180000.000,123887.429,1164.991
63.539940,25.609914,25.076958,229,1046085632,1,180000.000,123890.287,1164.914
63.563925,23.984335,24.967833,245,1046085632,1,180000.000,123892.924,1164.844
63.590713,26.788082,25.791624,236,1046331392,1,180000.000,123895.943,1164.763
63.615045,24.332792,25.450417,205,1046331392,1,180000.000,123898.625,1164.692
63.641297,26.251834,25.945667,206,1046495232,1,180000.000,123901.530,1164.614
63.665731,24.434041,25.476334,225,1046495232,1,180000.000,123904.272,1164.541
63.691374,25.642667,25.631750,226,1046495232,1,180000.000,123907.129,1164.465
63.717987,26.612915,25.633333,239,1044856832,1,180000.000,123910.023,1164.387
63.744934,26.947252,26.368250,224,1044856832,1,180000.000,123913.057,1164.306
63.768883,23.948833,25.495209,209,1044856832,1,180000.000,123915.724,1164.235
63.794353,25.470372,25.143917,217,1044856832,1,180000.000,123918.555,1164.160
63.820549,26.196044,25.128876,194,1046495232,1,180000.000,123921.393,1164.084
63.845423,24.873585,25.462458,219,1046528000,1,180000.000,123924.214,1164.009
63.870236,24.813499,25.037083,210,1046528000,1,180000.000,123926.969,1163.935
63.895491,25.254540,25.302626,195,1046609920,1,180000.000,123929.780,1163.860
63.920866,25.374584,24.929167,216,1046609920,1,180000.000,123932.583,1163.785
63.946176,25.310751,25.170750,198,1046609920,1,180000.000,123935.406,1163.710
63.971495,25.319126,25.246750,224,1046609920,1,180000.000,123938.208,1163.635
63.997156,25.660165,25.128084,218,1046609920,1,180000.000,123941.093,1163.558
64.020946,23.790501,24.882500,223,1046642688,1,180000.000,123943.738,1163.487
64.046408,25.461957,25.547167,229,1046642688,1,180000.000,123946.574,1163.412
64.073032,26.623625,25.197750,203,1044856832,1,180000.000,123949.442,1163.335
64.097052,24.020374,25.436750,237,1044856832,1,180000.000,123952.206,1163.261
64.123443,26.391253,26.108917,192,1045676032,1,180000.000,123955.094,1163.184
64.148977,25.533497,25.307833,190,1045676032,1,180000.000,123957.955,1163.108
64.174138,25.161292,25.313499,216,1045676032,1,180000.000,123960.748,1163.033
64.200458,26.320085,25.137501,199,1045823488,1,180000.000,123963.666,1162.955
64.226297,25.838457,25.205957,252,1045823488,1,180000.000,123966.535,1162.879
64.250710,24.413459,24.868292,231,1045823488,1,180000.000,123969.255,1162.806
64.277411,26.701335,26.149918,227,1045823488,1,180000.000,123972.243,1162.726
64.302158,24.746332,25.409416,205,1045823488,1,180000.000,123974.968,1162.654
64.326457,24.299208,25.536125,249,1045823488,1,180000.000,123977.693,1162.581
64.352718,26.260998,25.646999,203,1045823488,1,180000.000,123980.603,1162.503
64.380113,27.395334,26.509916,223,1045823488,1,180000.000,123983.621,1162.423
64.404142,24.029084,25.364416,192,1045823488,1,180000.000,123986.323,1162.351
64.430885,26.742499,25.722124,210,1044856832,1,180000.000,123989.210,1162.273
64.456461,25.576208,25.404459,221,1044856832,1,180000.000,123992.108,1162.196
64.481744,25.282711,25.143417,207,1044856832,1,180000.000,123994.903,1162.121
64.505866,24.122581,25.386208,174,1044856832,1,180000.000,123997.625,1162.049
64.531151,25.284167,25.127832,210,1044856832,1,180000.000,124000.427,1161.974
64.557713,26.562877,25.442167,209,1045086208,1,180000.000,124003.363,1161.896
64.582206,24.492331,24.714542,246,1045086208,1,180000.000,124006.073,1161.823
64.609788,27.582586,26.818792,236,1045086208,1,180000.000,124009.152,1161.741
64.633726,23.937166,25.135374,243,1045905408,1,180000.000,124011.815,1161.670
64.658960,25.234874,25.465334,208,1045905408,1,180000.000,124014.639,1161.595
64.684203,25.242168,25.096874,175,1045905408,1,180000.000,124017.433,1161.520
64.709557,25.354665,25.284876,217,1045905408,1,180000.000,124020.258,1161.445
64.736464,26.906375,25.208000,211,1045905408,1,180000.000,124023.219,1161.366
64.762157,25.693793,25.441042,234,1045905408,1,180000.000,124026.093,1161.289
64.786242,24.084292,25.547709,234,1045102592,1,180000.000,124028.721,1161.219
64.811332,25.089998,25.519793,223,1045184512,1,180000.000,124031.562,1161.143
64.839308,27.975958,25.202625,253,1045184512,1,180000.000,124034.665,1161.060
64.863139,23.831084,25.914959,246,1045430272,1,180000.000,124037.316,1160.989
64.890714,27.575210,26.506001,241,1045430272,1,180000.000,124040.378,1160.907
64.914725,24.011042,25.135626,230,1045430272,1,180000.000,124043.053,1160.836
64.940447,25.722373,26.061125,208,1045446656,1,180000.000,124045.907,1160.760
64.966213,25.765710,25.689501,198,1045446656,1,180000.000,124048.776,1160.683
64.991368,25.154456,24.974916,224,1045446656,1,180000.000,124051.561,1160.609
65.016642,25.274836,25.404583,195,1045446656,1,180000.000,124054.381,1160.534
65.042377,25.734998,25.466667,210,1045446656,1,180000.000,124057.203,1160.458
65.067101,24.723876,24.947001,218,1045446656,1,180000.000,124059.986,1160.384
65.093401,26.299749,26.004208,188,1045446656,1,180000.000,124062.896,1160.306
65.118666,25.265127,25.537001,265,1045446656,1,180000.000,124065.718,1160.231
65.149074,30.407500,29.030834,178,1045299200,1,180000.000,124069.003,1160.143
65.173726,24.651956,25.392250,247,1045315584,1,180000.000,124071.819,1160.068
65.198320,24.594501,25.065624,190,1045315584,1,180000.000,124074.564,1159.995
65.224152,25.832124,25.559708,242,1045315584,1,180000.000,124077.434,1159.918
65.250284,26.131753,25.412292,197,1045315584,1,180000.000,124080.301,1159.842
65.274876,24.591874,25.538376,241,1045315584,1,180000.000,124083.071,1159.768
65.301169,26.293334,25.997541,182,1045315584,1,180000.000,124085.983,1159.690
65.326629,25.459915,25.306000,238,1045315584,1,180000.000,124088.823,1159.614
65.352279,25.649875,25.534042,207,1045348352,1,180000.000,124091.666,1159.538
65.377656,25.376793,25.521999,240,1045348352,1,180000.000,124094.492,1159.463
65.403754,26.098289,25.083792,211,1045348352,1,180000.000,124097.346,1159.387
65.428522,24.767794,25.444374,250,1045348352,1,180000.000,124100.130,1159.312
65.454001,25.479209,25.067751,215,1045364736,1,180000.000,124102.947,1159.237
65.480035,26.034165,25.602959,246,1045364736,1,180000.000,124105.839,1159.160
65.506249,26.214086,25.849501,196,1045364736,1,180000.000,124108.682,1159.084
65.530947,24.698205,25.111166,232,1045446656,1,180000.000,124111.492,1159.009
65.556579,25.631502,25.264999,205,1047085056,1,180000.000,124114.300,1158.934
65.581007,24.427999,25.350166,209,1047085056,1,180000.000,124117.086,1158.860
65.607393,26.385877,25.322666,214,1047085056,1,180000.000,124119.977,1158.782
65.632413,25.019705,25.617874,226,1047166976,1,180000.000,124122.768,1158.708
65.658010,25.597751,25.269875,207,1047166976,1,180000.000,124125.580,1158.633
65.682924,24.914082,25.184166,205,1047183360,1,180000.000,124128.392,1158.558
65.707860,24.935752,25.322834,211,1047183360,1,180000.000,124131.174,1158.484
65.733334,25.474001,25.512209,172,1047183360,1,180000.000,124134.010,1158.408
65.759778,26.443750,25.335459,249,1047183360,1,180000.000,124136.906,1158.331
65.783696,23.917791,25.227459,181,1047183360,1,180000.000,124139.605,1158.258
65.809250,25.553957,25.224459,230,1047183360,1,180000.000,124142.438,1158.183
65.834917,25.667585,25.276709,204,1047183360,1,180000.000,124145.294,1158.107
65.860188,25.271125,25.324083,192,1045544960,1,180000.000,124148.056,1158.033
65.885130,24.941374,25.304375,190,1045544960,1,180000.000,124150.877,1157.958
65.910172,25.042668,25.079750,196,1045544960,1,180000.000,124153.657,1157.883
65.935931,25.758334,25.290251,188,1045544960,1,180000.000,124156.521,1157.807
65.961121,25.190249,25.320457,206,1045544960,1,180000.000,124159.311,1157.732
65.986866,25.745001,25.449333,188,1045544960,1,180000.000,124162.163,1157.656
66.014660,27.794082,26.871458,202,1045544960,1,180000.000,124165.221,1157.575
66.039842,25.181834,25.502542,218,1045626880,1,180000.000,124168.030,1157.500
66.065271,25.428668,25.147917,189,1047265280,1,180000.000,124170.817,1157.425
66.090717,25.446709,25.502333,211,1047265280,1,180000.000,124173.689,1157.349
66.116978,26.260998,25.253292,198,1047265280,1,180000.000,124176.617,1157.270
66.141184,24.206042,25.820959,189,1047265280,1,180000.000,124179.325,1157.198
66.165656,24.471875,24.776459,213,1047265280,1,180000.000,124182.045,1157.126
66.191484,25.827542,25.550041,180,1047265280,1,180000.000,124184.917,1157.049
66.217286,25.802165,25.231501,188,1045626880,1,180000.000,124187.727,1156.974
66.243150,25.864124,25.785833,241,1045626880,1,180000.000,124190.637,1156.896
66.267679,24.529293,25.141459,179,1045626880,1,180000.000,124193.374,1156.823
66.294224,26.544169,25.274584,212,1045626880,1,180000.000,124196.307,1156.745
66.318375,24.151959,25.274000,212,1045626880,1,180000.000,124199.008,1156.673
66.344469,26.093833,25.464750,203,1045774336,1,180000.000,124201.890,1156.596
66.370910,26.440997,25.013000,241,1046593536,1,180000.000,124204.817,1156.518
66.394598,23.688044,25.194876,217,1046593536,1,180000.000,124207.463,1156.447
66.419362,24.763625,25.176374,206,1046593536,1,180000.000,124210.227,1156.373
66.445796,26.433956,25.247875,223,1046593536,1,180000.000,124213.148,1156.295
66.469886,24.089877,25.173124,200,1046593536,1,180000.000,124215.842,1156.223
66.495283,25.396876,25.334833,228,1046675456,1,180000.000,124218.669,1156.148
66.520745,25.462124,24.630167,210,1046675456,1,180000.000,124221.460,1156.073
66.544881,24.136167,24.589001,205,1046675456,1,180000.000,124224.176,1156.001
66.570309,25.427915,25.250084,216,1045708800,1,180000.000,124226.940,1155.927
66.595037,24.727751,25.099167,198,1045790720,1,180000.000,124229.753,1155.852
66.620507,25.470249,25.362709,241,1045790720,1,180000.000,124232.579,1155.776
66.645973,25.466252,25.282583,201,1045790720,1,180000.000,124235.413,1155.701
66.671640,25.666375,25.176916,219,1045790720,1,180000.000,124238.231,1155.626
66.696547,24.907459,25.249916,203,1045790720,1,180000.000,124241.022,1155.551
66.722973,26.426040,25.308958,215,1045790720,1,180000.000,124243.931,1155.473
66.749179,26.205543,25.874416,231,1045790720,1,180000.000,124246.860,1155.395
66.774088,24.909373,25.554792,221,1045790720,1,180000.000,124249.617,1155.322
66.798686,24.597749,25.270500,240,1045790720,1,180000.000,124252.378,1155.248
66.824305,25.619626,25.180834,205,1046609920,1,180000.000,124255.184,1155.173
66.849902,25.597207,25.078291,205,1046609920,1,180000.000,124258.050,1155.096
66.874798,24.895668,25.355459,225,1046609920,1,180000.000,124260.810,1155.023
66.900114,25.315959,25.077084,203,1046609920,1,180000.000,124263.631,1154.947
66.925955,25.840458,25.264334,236,1045790720,1,180000.000,124266.436,1154.873
66.949993,24.038583,25.390333,205,1045790720,1,180000.000,124269.197,1154.799
66.976033,26.039958,24.982500,196,1045790720,1,180000.000,124272.047,1154.723
67.000814,24.780709,25.137167,230,1045823488,1,180000.000,124274.829,1154.649
67.026292,25.478292,25.228624,202,1045823488,1,180000.000,124277.630,1154.574
67.051524,25.231831,25.156166,236,1045905408,1,180000.000,124280.444,1154.499
67.077423,25.899459,25.228333,196,1045905408,1,180000.000,124283.341,1154.421
67.101252,23.828503,24.861542,232,1045921792,1,180000.000,124286.001,1154.350
67.126392,25.140125,24.969542,206,1045921792,1,180000.000,124288.776,1154.276
67.152315,25.922582,25.307541,205,1046003712,1,180000.000,124291.646,1154.200
67.176960,24.645627,25.299625,217,1046003712,1,180000.000,124294.407,1154.126
67.203323,26.362747,25.375999,288,1046003712,1,180000.000,124297.336,1154.048
67.227706,24.382710,25.495041,198,1046003712,1,180000.000,124300.047,1153.975
67.253003,25.297251,25.338541,212,1046151168,1,180000.000,124302.859,1153.900
67.280031,27.028333,25.306583,232,1046069248,1,180000.000,124305.781,1153.822
67.303860,23.828667,25.244417,200,1046069248,1,180000.000,124308.511,1153.749
67.329826,25.966082,25.418125,205,1046069248,1,180000.000,124311.372,1153.673
67.355067,25.241375,25.542126,236,1046069248,1,180000.000,124314.200,1153.597
67.382724,27.656209,25.220501,237,1046069248,1,180000.000,124317.246,1153.516
67.408392,25.668208,26.588459,232,1046069248,1,180000.000,124320.100,1153.440
67.432623,24.231583,25.682249,206,1046347776,1,180000.000,124322.800,1153.368
67.459168,26.544876,25.412209,172,1046347776,1,180000.000,124325.738,1153.289
67.483411,24.242498,25.254499,212,1046347776,1,180000.000,124328.459,1153.217
67.508740,25.329042,25.192791,173,1046347776,1,180000.000,124331.276,1153.142
67.533902,25.161918,25.109709,221,1046347776,1,180000.000,124334.046,1153.068
67.559359,25.456835,25.057917,182,1046347776,1,180000.000,124336.880,1152.992
67.584007,24.648458,24.913918,187,1046347776,1,180000.000,124339.608,1152.919
67.608849,24.842124,24.898624,197,1046347776,1,180000.000,124342.401,1152.845
67.635100,26.250917,26.038124,204,1046200320,1,180000.000,124345.258,1152.768
67.660331,25.231123,24.974251,187,1046200320,1,180000.000,124348.097,1152.693
67.685295,24.963416,24.903959,203,1046200320,1,180000.000,124350.856,1152.619
67.710337,25.041919,25.004959,199,1046347776,1,180000.000,124353.653,1152.544
67.735309,24.972748,24.926167,229,1046347776,1,180000.000,124356.429,1152.470
67.761149,25.840208,25.366375,192,1046347776,1,180000.000,124359.302,1152.393
67.785413,24.263084,25.061291,210,1047986176,1,180000.000,124361.959,1152.323
67.813160,27.747832,26.486126,216,1047986176,1,180000.000,124365.107,1152.238
67.838037,24.877042,25.047041,229,1047986176,1,180000.000,124367.845,1152.165
67.863726,25.688667,25.565083,243,1047986176,1,180000.000,124370.710,1152.089
67.889064,25.338333,26.152500,233,1047986176,1,180000.000,124373.499,1152.014
67.915497,26.432127,26.745832,219,1047986176,1,180000.000,124376.470,1151.935
67.940983,25.486376,25.294167,191,1047986176,1,180000.000,124379.298,1151.860
67.968556,27.572583,25.640499,245,1048002560,1,180000.000,124382.359,1151.778
67.993018,24.462666,25.230249,256,1046364160,1,180000.000,124385.042,1151.706
68.020741,27.722791,27.833666,221,1046528000,1,180000.000,124388.155,1151.623
68.047130,26.388541,25.752209,235,1046544384,1,180000.000,124391.056,1151.546
68.071768,24.638750,25.989666,216,1046544384,1,180000.000,124393.836,1151.472
68.099026,27.257793,25.126167,238,1046544384,1,180000.000,124396.847,1151.391
68.124014,24.987750,25.740292,230,1046544384,1,180000.000,124399.612,1151.317
68.148198,24.184335,25.601084,229,1046544384,1,180000.000,124402.330,1151.245
68.174328,26.129417,25.761168,191,1046544384,1,180000.000,124405.213,1151.168
68.198994,24.666455,24.840584,266,1047363584,1,180000.000,124407.951,1151.095
68.226931,27.936544,26.144375,216,1047363584,1,180000.000,124411.065,1151.012
68.249315,22.383958,24.673500,213,1047363584,1,180000.000,124413.564,1150.945
68.276913,27.598251,27.036791,209,1047363584,1,180000.000,124416.624,1150.863
68.301839,24.926625,25.011375,190,1047363584,1,180000.000,124419.391,1150.789
68.327049,25.209375,25.159250,218,1047363584,1,180000.000,124422.201,1150.714
68.353177,26.128665,25.308584,183,1046396928,1,180000.000,124425.027,1150.639
68.379043,25.865126,25.307041,223,1046478848,1,180000.000,124427.953,1150.561
68.403150,24.107333,25.144541,204,1046478848,1,180000.000,124430.648,1150.489
68.430023,26.872709,25.433874,212,1046478848,1,180000.000,124433.633,1150.409
68.453671,23.648374,25.081751,221,1046478848,1,180000.000,124436.263,1150.339
68.478838,25.167082,25.243084,197,1046478848,1,180000.000,124439.065,1150.264
68.505273,26.434835,25.274124,225,1046478848,1,180000.000,124441.959,1150.187
68.531006,25.733083,25.453417,219,1046560768,1,180000.000,124444.835,1150.110
68.556633,25.627125,25.435959,204,1046560768,1,180000.000,124447.673,1150.034
68.580288,23.654584,25.135626,225,1046560768,1,180000.000,124450.341,1149.963
68.605904,25.616664,25.120251,201,1047379968,1,180000.000,124453.158,1149.888
68.630701,24.796419,25.194292,197,1047379968,1,180000.000,124455.938,1149.814
68.656349,25.648206,25.216499,198,1047379968,1,180000.000,124458.775,1149.738
68.681161,24.812169,24.962791,195,1047379968,1,180000.000,124461.537,1149.664
68.707279,26.118208,25.095417,209,1046577152,1,180000.000,124464.354,1149.589
68.732194,24.914250,25.222416,238,1046577152,1,180000.000,124467.196,1149.513
68.757798,25.604792,25.217417,200,1046577152,1,180000.000,124470.029,1149.437
68.782509,24.710122,25.290583,217,1046577152,1,180000.000,124472.781,1149.364
68.808057,25.548209,25.250834,216,1046577152,1,180000.000,124475.625,1149.288
68.832614,24.557002,25.315916,197,1046577152,1,180000.000,124478.380,1149.215
68.859059,26.445501,25.637459,219,1046577152,1,180000.000,124481.290,1149.137
68.884651,25.592081,25.243000,213,1046593536,1,180000.000,124484.133,1149.061
68.909838,25.186375,25.087042,215,1046593536,1,180000.000,124486.919,1148.987
68.934463,24.625666,25.382376,195,1046593536,1,180000.000,124489.688,1148.913
68.960398,25.934376,25.057501,216,1046593536,1,180000.000,124492.546,1148.836
68.984640,24.241999,25.314709,192,1046577152,1,180000.000,124495.267,1148.764
69.010194,25.554251,25.142042,215,1046577152,1,180000.000,124498.107,1148.688
69.035531,25.336709,25.429750,206,1046577152,1,180000.000,124500.924,1148.613
69.061416,25.885750,25.364416,197,1046577152,1,180000.000,124503.748,1148.537
69.087158,25.741916,25.619417,203,1046577152,1,180000.000,124506.633,1148.460
69.112129,24.970252,25.084084,186,1047396352,1,180000.000,124509.409,1148.386
69.137617,25.488164,25.575666,207,1047396352,1,180000.000,124512.263,1148.310
69.163130,25.513418,25.139957,214,1047396352,1,180000.000,124515.067,1148.235
69.188317,25.186583,25.256166,195,1047396352,1,180000.000,124517.863,1148.161
69.215536,27.219668,26.806499,217,1047396352,1,180000.000,124520.900,1148.079
69.241068,25.531333,25.580750,169,1047560192,1,180000.000,124523.740,1148.004
69.267352,26.283789,26.769083,196,1047576576,1,180000.000,124526.670,1147.925
69.292871,25.518961,25.408667,191,1047576576,1,180000.000,124529.514,1147.849
69.318153,25.282748,25.335291,202,1047576576,1,180000.000,124532.317,1147.775
69.345022,26.868541,25.506708,180,1047576576,1,180000.000,124535.288,1147.695
69.370538,25.515877,25.264668,239,1047576576,1,180000.000,124538.106,1147.620
69.394492,23.954373,25.617624,212,1047576576,1,180000.000,124540.809,1147.548
69.420905,26.412670,25.468834,218,1046675456,1,180000.000,124543.659,1147.472
69.446051,25.145873,25.249166,209,1046675456,1,180000.000,124546.509,1147.396
69.470632,24.581127,25.058792,193,1046675456,1,180000.000,124549.253,1147.323
69.496455,25.822874,25.289667,227,1046675456,1,180000.000,124552.111,1147.246
69.522533,26.077915,25.227375,205,1046675456,1,180000.000,124554.981,1147.170
69.547573,25.040708,25.372458,212,1046675456,1,180000.000,124557.789,1147.095
69.572032,24.459042,25.140167,230,1046675456,1,180000.000,124560.529,1147.021
69.597717,25.685001,25.319876,215,1046675456,1,180000.000,124563.360,1146.946
69.623635,25.917791,25.127958,194,1046675456,1,180000.000,124566.223,1146.870
69.647658,24.023291,25.284792,214,1046675456,1,180000.000,124568.933,1146.797
69.673033,25.374711,25.219500,198,1046675456,1,180000.000,124571.745,1146.722
69.698206,25.173292,24.766582,219,1046675456,1,180000.000,124574.537,1146.648
69.724308,26.101418,25.131916,215,1046675456,1,180000.000,124577.408,1146.571
69.748383,24.075124,25.256708,211,1046675456,1,180000.000,124580.122,1146.498
69.775207,26.824292,25.185291,224,1046675456,1,180000.000,124583.024,1146.421
69.800364,25.156666,25.320791,236,1046675456,1,180000.000,124585.897,1146.344
69.825536,25.172543,25.341749,202,1046675456,1,180000.000,124588.661,1146.270
69.849407,23.870666,25.323416,231,1046675456,1,180000.000,124591.355,1146.199
69.876127,26.719540,25.222334,187,1046691840,1,180000.000,124594.289,1146.120
69.900912,24.785541,25.317917,252,1046691840,1,180000.000,124597.055,1146.046
69.928650,27.738087,27.377542,186,1046691840,1,180000.000,124600.125,1145.964
69.952266,23.615580,25.204750,189,1046691840,1,180000.000,124602.787,1145.893
69.980442,28.176170,26.590124,229,1046691840,1,180000.000,124605.864,1145.811
70.005289,24.847165,25.267334,209,1046691840,1,180000.000,124608.658,1145.737
70.030389,25.100082,25.006750,182,1048346624,1,180000.000,124611.437,1145.662
70.056709,26.319500,25.781500,261,1048346624,1,180000.000,124614.359,1145.584
70.081061,24.352003,25.191750,183,1048346624,1,180000.000,124617.085,1145.512
70.106502,25.441706,25.095833,210,1048346624,1,180000.000,124619.910,1145.436
70.132650,26.147127,25.124500,214,1046626304,1,180000.000,124622.730,1145.361
70.158001,25.351748,25.420792,225,1046626304,1,180000.000,124625.613,1145.284
70.183150,25.148332,25.033083,207,1047445504,1,180000.000,124628.391,1145.210
70.207219,24.069544,25.090166,217,1047592960,1,180000.000,124631.104,1145.137
70.233734,26.514459,25.192625,227,1047592960,1,180000.000,124634.017,1145.060
70.258729,24.994832,25.631083,207,1047592960,1,180000.000,124636.815,1144.985
70.284358,25.629334,25.455042,239,1047592960,1,180000.000,124639.645,1144.909
70.308919,24.561040,25.451166,204,1047592960,1,180000.000,124642.371,1144.837
70.335932,27.012751,26.541834,233,1047592960,1,180000.000,124645.408,1144.756
70.362131,26.199669,25.406666,211,1047592960,1,180000.000,124648.301,1144.678
70.386669,24.538040,25.219707,196,1047592960,1,180000.000,124651.033,1144.605
70.411815,25.146127,25.484667,233,1047592960,1,180000.000,124653.830,1144.531
70.438254,26.438583,26.492292,216,1047592960,1,180000.000,124656.781,1144.452
70.465143,26.889082,25.609041,226,1047592960,1,180000.000,124659.739,1144.373
70.491198,26.054583,25.548584,210,1046626304,1,180000.000,124662.584,1144.297
70.516658,25.460541,25.880459,200,1046708224,1,180000.000,124665.462,1144.220
70.541879,25.221124,25.262959,198,1048346624,1,180000.000,124668.224,1144.146
70.566086,24.206378,24.970291,185,1048346624,1,180000.000,124670.972,1144.073
70.591356,25.270209,25.068501,206,1048346624,1,180000.000,124673.761,1143.999
70.616167,24.811499,24.948584,190,1048346624,1,180000.000,124676.538,1143.925
70.642238,26.071001,25.179583,195,1048346624,1,180000.000,124679.401,1143.848
70.666143,23.904666,25.003834,204,1048428544,1,180000.000,124682.104,1143.776
70.692140,25.997039,25.521833,197,1048428544,1,180000.000,124684.981,1143.699
70.717233,25.093209,25.389376,220,1048576000,1,180000.000,124687.761,1143.625
70.743570,26.336584,25.212749,190,1048576000,1,180000.000,124690.678,1143.547
70.767669,24.099126,24.508249,230,1048576000,1,180000.000,124693.356,1143.476
70.792565,24.895959,24.774708,195,1048576000,1,180000.000,124696.122,1143.402
70.817941,25.376081,25.312042,219,1048576000,1,180000.000,124698.945,1143.326
70.843932,25.991000,25.357500,207,1046773760,1,180000.000,124701.764,1143.251
70.868190,24.257418,25.227249,179,1046773760,1,180000.000,124704.541,1143.177
70.892453,24.263039,24.687208,204,1046773760,1,180000.000,124707.250,1143.105
70.917919,25.466252,25.277416,188,1046773760,1,180000.000,124710.077,1143.029
70.943721,25.802083,25.207500,199,1046757376,1,180000.000,124712.922,1142.953
70.969354,25.632709,25.362499,213,1046904832,1,180000.000,124715.775,1142.877
70.995626,26.272081,25.396833,249,1047724032,1,180000.000,124718.662,1142.800
71.020199,24.573583,24.835375,217,1047724032,1,180000.000,124721.422,1142.726
71.046133,25.934126,25.579792,244,1047724032,1,180000.000,124724.299,1142.650
71.071181,25.047831,25.756834,219,1047724032,1,180000.000,124727.102,1142.575
71.097087,25.905501,26.099459,231,1047724032,1,180000.000,124729.972,1142.498
71.122940,25.853500,25.680500,236,1047724032,1,180000.000,124732.853,1142.421
71.150120,27.180042,25.767458,227,1047724032,1,180000.000,124735.842,1142.341
71.174996,24.875585,25.712584,226,1047724032,1,180000.000,124738.623,1142.267
71.200909,25.913209,25.455584,202,1046904832,1,180000.000,124741.453,1142.192
71.224418,23.508623,25.120291,217,1046904832,1,180000.000,124744.134,1142.120
71.251201,26.783790,25.752333,233,1046904832,1,180000.000,124747.073,1142.042
71.275247,24.045251,25.061251,197,1046904832,1,180000.000,124749.783,1141.969
71.301160,25.913291,25.430916,203,1046904832,1,180000.000,124752.649,1141.893
71.325976,24.815626,25.038292,184,1046904832,1,180000.000,124755.415,1141.819
71.351320,25.344376,25.216208,206,1047724032,1,180000.000,124758.212,1141.744
71.376944,25.624208,25.421459,227,1047724032,1,180000.000,124761.080,1141.668
71.401799,24.854917,25.369291,215,1047724032,1,180000.000,124763.834,1141.594
71.428630,26.830956,26.693459,164,1047740416,1,180000.000,124766.812,1141.515
71.454457,25.827125,25.202833,218,1047740416,1,180000.000,124769.650,1141.439
71.478697,24.239793,25.087667,222,1047740416,1,180000.000,124772.384,1141.366
71.504948,26.251126,25.369917,207,1047740416,1,180000.000,124775.274,1141.289
71.529133,24.184372,24.768126,195,1047740416,1,180000.000,124777.982,1141.216
71.555478,26.345167,25.063875,223,1046773760,1,180000.000,124780.824,1141.141
71.579881,24.403460,24.872417,215,1046773760,1,180000.000,124783.597,1141.066
71.605129,25.247831,24.959333,224,1046773760,1,180000.000,124786.355,1140.993
71.629574,24.444874,24.841875,201,1046773760,1,180000.000,124789.128,1140.919
71.654159,24.584670,25.123667,183,1046773760,1,180000.000,124791.872,1140.846
71.679905,25.746915,24.828041,206,1046773760,1,180000.000,124794.714,1140.770
71.704951,25.045250,25.025208,188,1046773760,1,180000.000,124797.479,1140.696
71.730918,25.967583,25.048250,215,1046773760,1,180000.000,124800.406,1140.618
71.754748,23.829583,25.251249,224,1046773760,1,180000.000,124803.041,1140.547
71.779936,25.187667,25.259293,244,1046921216,1,180000.000,124805.858,1140.472
71.807175,27.239416,25.617208,236,1046921216,1,180000.000,124808.859,1140.392
71.830132,22.956792,24.759958,235,1046921216,1,180000.000,124811.436,1140.323
71.855916,25.783874,24.748333,190,1046921216,1,180000.000,124814.254,1140.248
71.880945,25.029209,24.776083,210,1046921216,1,180000.000,124817.061,1140.173
71.905954,25.008667,24.925333,202,1046609920,1,180000.000,124819.760,1140.101
71.930149,24.195250,24.749250,197,1046691840,1,180000.000,124822.517,1140.027
71.954898,24.749208,24.625584,224,1046708224,1,180000.000,124825.250,1139.955
71.979237,24.339251,24.912374,187,1046708224,1,180000.000,124828.000,1139.881
72.004251,25.014166,24.950417,203,1046708224,1,180000.000,124830.773,1139.807
72.028908,24.656501,24.917376,215,1046708224,1,180000.000,124833.525,1139.734
72.056181,27.272832,26.586334,211,1046708224,1,180000.000,124836.537,1139.653
72.080853,24.672333,25.082916,241,1047019520,1,180000.000,124839.290,1139.580
72.108064,27.211253,25.996250,214,1047019520,1,180000.000,124842.281,1139.500
72.132765,24.700914,25.070168,210,1047019520,1,180000.000,124845.033,1139.426
72.157935,25.169834,24.721001,220,1047019520,1,180000.000,124847.812,1139.352
72.182668,24.732791,24.963833,184,1047019520,1,180000.000,124850.580,1139.278
72.207265,24.596918,24.608959,241,1047019520,1,180000.000,124853.297,1139.206
72.231890,24.625625,24.666666,198,1047019520,1,180000.000,124856.047,1139.132
72.257740,25.849458,25.054501,218,1046872064,1,180000.000,124858.854,1139.057
72.281274,23.533750,24.875542,212,1046872064,1,180000.000,124861.560,1138.985
72.306888,25.614541,25.282625,189,1046872064,1,180000.000,124864.386,1138.910
72.331815,24.926417,24.633541,212,1046872064,1,180000.000,124867.153,1138.836
72.356151,24.336293,24.943417,203,1046872064,1,180000.000,124869.866,1138.763
72.383516,27.365539,25.560625,221,1046872064,1,180000.000,124872.895,1138.683
72.407873,24.356291,25.304583,207,1048510464,1,180000.000,124875.564,1138.611
72.432869,24.996419,24.818958,188,1048510464,1,180000.000,124878.377,1138.536
72.456933,24.063792,24.620625,212,1048510464,1,180000.000,124881.068,1138.464
72.482159,25.226541,24.831041,195,1048510464,1,180000.000,124883.855,1138.390
72.507782,25.622960,25.045750,219,1048510464,1,180000.000,124886.680,1138.315
72.532209,24.426747,24.877417,216,1048510464,1,180000.000,124889.422,1138.241
72.558079,25.869459,25.165459,223,1048526848,1,180000.000,124892.278,1138.165
72.582633,24.554711,24.834126,218,1048526848,1,180000.000,124895.022,1138.092
72.608489,25.855415,25.155916,208,1046740992,1,180000.000,124897.833,1138.017
72.632529,24.039876,25.000376,198,1046740992,1,180000.000,124900.573,1137.944
72.658411,25.881957,25.021999,205,1046740992,1,180000.000,124903.412,1137.868
72.682895,24.484877,25.422083,214,1046740992,1,180000.000,124906.168,1137.794
72.707843,24.947748,25.301916,197,1046740992,1,180000.000,124908.946,1137.720
72.735521,27.678333,27.093834,244,1046740992,1,180000.000,124912.001,1137.639
72.759424,23.902711,24.843666,197,1046740992,1,180000.000,124914.686,1137.567
72.786777,27.352456,26.752750,222,1046757376,1,180000.000,124917.723,1137.486
72.811614,24.837334,24.942583,207,1046757376,1,180000.000,124920.483,1137.412
72.837420,25.806166,24.997375,213,1046757376,1,180000.000,124923.329,1137.336
72.861990,24.569459,25.047417,212,1046757376,1,180000.000,124926.065,1137.263
72.887376,25.386710,24.658041,204,1046757376,1,180000.000,124928.881,1137.188
72.912599,25.222167,25.013874,223,1048395776,1,180000.000,124931.656,1137.114
72.937777,25.178164,25.158167,196,1048395776,1,180000.000,124934.477,1137.039
72.962999,25.222126,24.933834,214,1047576576,1,180000.000,124937.216,1136.965
72.989152,26.153501,25.319958,225,1047576576,1,180000.000,124940.190,1136.886
73.013259,24.106957,25.027916,227,1047576576,1,180000.000,124942.846,1136.815
73.037783,24.523877,24.885084,179,1047576576,1,180000.000,124945.593,1136.742
73.062764,24.980623,24.771042,218,1047576576,1,180000.000,124948.361,1136.668
73.087053,24.288874,24.970917,200,1047576576,1,180000.000,124951.089,1136.595
73.113303,26.250459,25.057291,207,1047576576,1,180000.000,124953.964,1136.518
73.138451,25.147874,24.973667,217,1047576576,1,180000.000,124956.770,1136.443
73.163851,25.400002,25.186001,257,1047576576,1,180000.000,124959.582,1136.368
73.188192,24.341207,25.357792,192,1047576576,1,180000.000,124962.304,1136.296
73.212510,24.318125,24.510708,220,1047576576,1,180000.000,124965.022,1136.223
73.237623,25.112625,24.989750,165,1047576576,1,180000.000,124967.820,1136.148
73.263109,25.486499,24.970209,236,1047576576,1,180000.000,124970.626,1136.074
73.288610,25.500461,25.310875,227,1047576576,1,180000.000,124973.490,1135.997
73.314872,26.261747,25.317333,215,1046757376,1,180000.000,124976.314,1135.922
73.338872,24.000335,25.309958,211,1046757376,1,180000.000,124979.069,1135.848
73.364245,25.373209,25.230417,200,1046757376,1,180000.000,124981.874,1135.773
73.389538,25.293291,25.121750,201,1046904832,1,180000.000,124984.701,1135.698
73.416104,26.565500,26.341791,207,1046904832,1,180000.000,124987.628,1135.620
73.443056,26.951708,26.259293,205,1046904832,1,180000.000,124990.620,1135.540
73.466676,23.620669,24.988291,176,1046904832,1,180000.000,124993.268,1135.469
73.492341,25.664873,25.156000,193,1046904832,1,180000.000,124996.106,1135.393
73.517693,25.351457,24.852333,196,1046904832,1,180000.000,124998.900,1135.319
73.542805,25.112126,24.953125,224,1046904832,1,180000.000,125001.704,1135.244
73.566670,23.865040,24.900999,197,1046921216,1,180000.000,125004.376,1135.173
73.592506,25.836501,25.460833,207,1046921216,1,180000.000,125007.250,1135.096
73.618553,26.046667,25.211750,187,1046921216,1,180000.000,125010.104,1135.020
73.644523,25.969747,25.111542,193,1047003136,1,180000.000,125013.003,1134.942
73.669157,24.634004,25.160458,165,1046888448,1,180000.000,125015.682,1134.871
73.693558,24.401456,24.852041,196,1046888448,1,180000.000,125018.458,1134.797
73.719515,25.957126,24.862499,230,1047707648,1,180000.000,125021.314,1134.720
73.744130,24.614748,25.095375,220,1047871488,1,180000.000,125024.083,1134.646
73.770668,26.537500,25.855333,244,1047871488,1,180000.000,125027.025,1134.568
73.796157,25.489002,24.987333,237,1047871488,1,180000.000,125029.873,1134.492
73.820706,24.549708,24.920250,214,1047871488,1,180000.000,125032.581,1134.420
73.844875,24.169084,24.796833,224,1047871488,1,180000.000,125035.274,1134.348
73.870253,25.377207,25.852375,227,1047871488,1,180000.000,125038.107,1134.272
73.896410,26.157085,25.406292,209,1047871488,1,180000.000,125040.994,1134.195
73.920912,24.501875,25.481001,236,1047887872,1,180000.000,125043.735,1134.122
73.946637,25.725331,25.097542,218,1047887872,1,180000.000,125046.594,1134.046
73.972004,25.367044,25.270708,257,1047887872,1,180000.000,125049.394,1133.971
73.996506,24.502043,25.544125,223,1047887872,1,180000.000,125052.141,1133.897
74.023593,27.087457,25.263792,223,1046921216,1,180000.000,125055.076,1133.819
74.047552,23.958124,24.959417,200,1046921216,1,180000.000,125057.784,1133.747
74.073851,26.299376,25.047167,214,1046921216,1,180000.000,125060.684,1133.669
74.097550,23.699500,25.270500,217,1046921216,1,180000.000,125063.352,1133.598
74.124220,26.669331,25.004833,207,1046921216,1,180000.000,125066.308,1133.519
74.148281,24.061460,25.091000,198,1046921216,1,180000.000,125068.979,1133.448
74.173218,24.937041,24.962334,202,1046921216,1,180000.000,125071.740,1133.374
74.198125,24.906415,24.982792,189,1046921216,1,180000.000,125074.529,1133.300
74.223060,24.934959,25.133375,177,1046921216,1,180000.000,125077.291,1133.226
74.249467,26.407793,24.957624,229,1046921216,1,180000.000,125080.225,1133.148
74.273298,23.830626,25.408083,194,1046921216,1,180000.000,125082.898,1133.076
74.298861,25.563039,25.339125,248,1047068672,1,180000.000,125085.729,1133.001
74.324413,25.551543,25.084167,225,1047068672,1,180000.000,125088.569,1132.925
74.350835,26.422292,25.662834,206,1047068672,1,180000.000,125091.502,1132.847
74.375586,24.750583,25.057417,225,1046921216,1,180000.000,125094.173,1132.775
74.399866,24.280585,24.861376,180,1047068672,1,180000.000,125096.946,1132.701
74.424336,24.470039,25.253334,219,1047068672,1,180000.000,125099.677,1132.628
74.451753,27.416959,27.157749,215,1047068672,1,180000.000,125102.720,1132.547
74.478210,26.456542,26.193750,202,1047068672,1,180000.000,125105.656,1132.469
74.503843,25.633000,25.025875,204,1047068672,1,180000.000,125108.484,1132.393
74.529140,25.297459,24.947584,213,1047068672,1,180000.000,125111.285,1132.319
74.553567,24.427250,25.025999,214,1047150592,1,180000.000,125114.026,1132.245
74.578605,25.037542,25.037542,220,1047150592,1,180000.000,125116.794,1132.171
74.604222,25.616959,24.979166,199,1047150592,1,180000.000,125119.637,1132.096
74.628999,24.777416,24.828459,194,1048788992,1,180000.000,125122.358,1132.023
74.653179,24.180125,24.955292,203,1048788992,1,180000.000,125125.104,1131.950
74.678868,25.688749,24.894541,191,1048788992,1,180000.000,125127.924,1131.874
74.703017,24.149124,24.955416,197,1048788992,1,180000.000,125130.644,1131.802
74.728870,25.853083,24.600624,194,1047003136,1,180000.000,125133.430,1131.727
74.752392,23.521293,24.533541,173,1047166976,1,180000.000,125136.113,1131.656
74.777359,24.966959,24.352791,216,1047166976,1,180000.000,125138.868,1131.582
74.801609,24.250418,24.669374,211,1047166976,1,180000.000,125141.572,1131.510
74.825816,24.207290,24.529291,205,1047986176,1,180000.000,125144.277,1131.438
74.851039,25.222249,24.670958,191,1047986176,1,180000.000,125147.064,1131.363
74.876190,25.151458,24.473875,205,1047986176,1,180000.000,125149.850,1131.289
74.900752,24.562083,25.008291,204,1047986176,1,180000.000,125152.589,1131.216
74.925576,24.823960,24.437500,218,1047986176,1,180000.000,125155.338,1131.142
74.949726,24.150167,24.648708,194,1047986176,1,180000.000,125158.039,1131.070
74.974655,24.928458,24.572542,209,1047986176,1,180000.000,125160.781,1130.997
74.998718,24.063542,24.579916,208,1047986176,1,180000.000,125163.499,1130.925
75.024022,25.303416,24.935625,194,1047986176,1,180000.000,125166.276,1130.850
75.048204,24.181876,24.523834,196,1048002560,1,180000.000,125168.998,1130.778
75.073454,25.250290,24.700958,210,1047183360,1,180000.000,125171.737,1130.705
75.098393,24.939708,24.754959,199,1047183360,1,180000.000,125174.551,1130.630
75.122750,24.356127,24.536625,223,1047183360,1,180000.000,125177.247,1130.558
75.149375,26.625831,26.368250,198,1047183360,1,180000.000,125180.213,1130.478
75.173573,24.197377,24.626667,221,1047199744,1,180000.000,125182.901,1130.407
75.200377,26.803792,26.246084,195,1047199744,1,180000.000,125185.878,1130.327
75.224709,24.332251,24.562626,179,1048838144,1,180000.000,125188.563,1130.256
75.249261,24.551790,24.601749,196,1048838144,1,180000.000,125191.327,1130.182
75.274156,24.895750,24.692167,191,1048838144,1,180000.000,125194.076,1130.108
75.298646,24.489958,24.501499,207,1048838144,1,180000.000,125196.806,1130.035
75.323656,25.009207,24.705584,200,1048838144,1,180000.000,125199.565,1129.962
75.347648,23.992211,24.616751,194,1048838144,1,180000.000,125202.275,1129.889
75.373780,26.132457,24.943041,213,1048838144,1,180000.000,125205.126,1129.813
75.398426,24.645332,24.701042,208,1048838144,1,180000.000,125207.884,1129.740
75.423406,24.980210,24.534416,204,1047199744,1,180000.000,125210.601,1129.667
75.447578,24.172332,24.588417,211,1047199744,1,180000.000,125213.347,1129.594
75.472580,25.001794,24.960793,208,1047199744,1,180000.000,125216.098,1129.520
75.497495,24.915081,25.013542,179,1047199744,1,180000.000,125218.890,1129.446
75.522805,25.310002,25.009624,189,1047199744,1,180000.000,125221.689,1129.371
75.546288,23.482624,24.547041,217,1047199744,1,180000.000,125224.340,1129.300
75.572400,26.112292,24.642124,223,1048018944,1,180000.000,125227.188,1129.224
75.596733,24.333041,24.644333,200,1048018944,1,180000.000,125229.915,1129.152
75.621199,24.466250,25.049000,226,1048018944,1,180000.000,125232.629,1129.079
75.646005,24.805874,24.890041,187,1048018944,1,180000.000,125235.400,1129.005
75.670336,24.331294,24.492624,211,1048018944,1,180000.000,125238.120,1128.933
75.695259,24.922956,24.701208,184,1048035328,1,180000.000,125240.893,1128.859
75.720116,24.856336,24.814083,189,1048035328,1,180000.000,125243.645,1128.785
75.744815,24.699330,24.893208,237,1048035328,1,180000.000,125246.396,1128.712
75.770853,26.038375,25.482084,209,1047216128,1,180000.000,125249.238,1128.636
75.795506,24.652500,25.056334,180,1047216128,1,180000.000,125252.034,1128.561
75.820343,24.837125,24.700542,197,1047216128,1,180000.000,125254.788,1128.488
75.845578,25.234919,24.667166,161,1047216128,1,180000.000,125257.571,1128.413
75.870216,24.637707,24.585541,204,1047216128,1,180000.000,125260.296,1128.341
75.895570,25.354378,24.692333,212,1050771456,1,180000.000,125263.095,1128.266
75.920627,25.057416,25.433792,200,1050771456,1,180000.000,125265.893,1128.191
75.944640,24.012830,24.553083,177,1050771456,1,180000.000,125268.587,1128.119
75.969979,25.338419,24.632000,208,1050771456,1,180000.000,125271.374,1128.045
75.994430,24.451084,24.455833,196,1050853376,1,180000.000,125274.106,1127.972
76.018805,24.375167,24.454876,195,1050853376,1,180000.000,125276.809,1127.900
76.043215,24.410415,24.580208,190,1050853376,1,180000.000,125279.558,1127.826
76.068487,25.271457,25.106750,174,1051672576,1,180000.000,125282.332,1127.752
76.092867,24.380501,25.070959,203,1051672576,1,180000.000,125285.068,1127.679
76.119199,26.331916,24.506332,172,1048281088,1,180000.000,125287.931,1127.603
76.143323,24.123710,24.820168,185,1048363008,1,180000.000,125290.648,1127.530
76.168068,24.745375,24.702208,183,1048363008,1,180000.000,125293.386,1127.457
76.193114,25.045749,24.714792,200,1048510464,1,180000.000,125296.183,1127.382
76.217763,24.649002,24.565874,204,1048526848,1,180000.000,125298.925,1127.309
76.243877,26.114248,25.764416,232,1048543232,1,180000.000,125301.833,1127.232
76.267327,23.449209,24.335625,192,1048543232,1,180000.000,125304.442,1127.162
76.292957,25.630999,24.971916,212,1048543232,1,180000.000,125307.282,1127.086
76.318148,25.190335,25.511208,271,1048559616,1,180000.000,125310.100,1127.011
76.344326,26.178293,25.427292,212,1048559616,1,180000.000,125313.002,1126.933
76.367617,23.290373,24.319000,222,1048559616,1,180000.000,125315.596,1126.864
76.392838,25.221415,25.314459,241,1048559616,1,180000.000,125318.396,1126.790
76.419006,26.168503,24.928749,211,1048559616,1,180000.000,125321.267,1126.713
76.442509,23.502458,24.874624,214,1048559616,1,180000.000,125323.922,1126.642
76.467979,25.470581,24.379333,209,1048412160,1,180000.000,125326.664,1126.569
76.492146,24.166334,24.562416,195,1048559616,1,180000.000,125329.408,1126.496
76.517214,25.068041,24.532084,230,1048559616,1,180000.000,125332.177,1126.422
76.541290,24.076253,25.030416,171,1048559616,1,180000.000,125334.881,1126.349
76.565590,24.299830,24.473917,219,1048559616,1,180000.000,125337.598,1126.277
76.590920,25.330376,24.783251,208,1048559616,1,180000.000,125340.381,1126.203
76.615986,25.065791,24.607334,197,1048559616,1,180000.000,125343.161,1126.128
76.640016,24.029709,24.826250,187,1048559616,1,180000.000,125345.866,1126.056
76.665065,25.049582,24.632999,213,1048559616,1,180000.000,125348.621,1125.983
76.689536,24.470378,24.662750,186,1048559616,1,180000.000,125351.363,1125.909
76.715210,25.674500,25.057249,210,1048559616,1,180000.000,125354.180,1125.834
76.741195,25.984623,24.851875,183,1048707072,1,180000.000,125357.080,1125.757
76.765331,24.136584,25.135084,238,1048707072,1,180000.000,125359.781,1125.685
76.791307,25.975376,25.709917,197,1048707072,1,180000.000,125362.648,1125.608
76.816344,25.037333,24.598207,185,1048494080,1,180000.000,125365.387,1125.535
76.840555,24.211124,24.756416,226,1048494080,1,180000.000,125368.111,1125.462
76.866587,26.031584,26.592709,224,1048494080,1,180000.000,125371.019,1125.385
76.892727,26.139919,26.061708,225,1048494080,1,180000.000,125373.943,1125.307
76.917900,25.173414,24.367916,193,1048494080,1,180000.000,125376.700,1125.233
76.942074,24.173584,24.739166,176,1048494080,1,180000.000,125379.432,1125.160
76.966457,24.383668,24.675375,214,1048494080,1,180000.000,125382.132,1125.088
76.991473,25.015250,24.709541,190,1048494080,1,180000.000,125384.897,1125.014
77.016814,25.341582,24.479124,206,1048494080,1,180000.000,125387.688,1124.940
77.040771,23.957044,24.964251,184,1048494080,1,180000.000,125390.394,1124.867
77.066594,25.822997,24.670834,209,1050132480,1,180000.000,125393.199,1124.793
77.090610,24.015170,24.649500,185,1050132480,1,180000.000,125395.910,1124.720
77.114934,24.324290,24.542292,203,1050132480,1,180000.000,125398.617,1124.648
77.140021,25.086708,24.757376,188,1050132480,1,180000.000,125401.388,1124.574
77.164828,24.807166,24.551043,195,1048346624,1,180000.000,125404.098,1124.502
77.189856,25.028251,24.691500,216,1048346624,1,180000.000,125406.933,1124.426
77.214921,25.065206,24.471041,179,1049182208,1,180000.000,125409.723,1124.351
77.238372,23.451209,24.572584,249,1049182208,1,180000.000,125412.331,1124.282
77.263617,25.244918,24.676125,183,1049182208,1,180000.000,125415.117,1124.207
77.288016,24.398666,24.641209,209,1049182208,1,180000.000,125417.841,1124.135
77.311727,23.710918,24.381250,209,1049182208,1,180000.000,125420.499,1124.064
77.337217,25.490541,24.534584,206,1049182208,1,180000.000,125423.306,1123.989
77.362016,24.799123,24.594292,199,1049182208,1,180000.000,125426.045,1123.916
77.387224,25.207628,24.761709,241,1049182208,1,180000.000,125428.862,1123.840
77.412053,24.829041,25.549583,195,1049182208,1,180000.000,125431.609,1123.767
77.435959,23.905959,24.451416,194,1049182208,1,180000.000,125434.309,1123.695
77.460577,24.617750,24.691166,195,1049182208,1,180000.000,125437.036,1123.622
77.485537,24.960540,24.426001,188,1049329664,1,180000.000,125439.788,1123.549
77.511175,25.637835,24.363001,248,1048281088,1,180000.000,125442.593,1123.474
77.535935,24.759538,26.246584,181,1048281088,1,180000.000,125445.413,1123.399
77.560650,24.714876,24.540958,192,1049919488,1,180000.000,125448.109,1123.327
77.587578,26.928291,26.244875,229,1049919488,1,180000.000,125451.127,1123.246
77.611704,24.125751,24.610209,199,1049919488,1,180000.000,125453.804,1123.175
77.636064,24.359874,24.708124,207,1049935872,1,180000.000,125456.542,1123.102
77.661420,25.356501,24.820208,210,1049935872,1,180000.000,125459.322,1123.027
77.685663,24.243210,24.557209,204,1049935872,1,180000.000,125462.052,1122.954
77.710411,24.747916,24.523666,212,1049935872,1,180000.000,125464.792,1122.881
77.734858,24.447165,24.738333,189,1049935872,1,180000.000,125467.517,1122.809
77.760471,25.612209,24.705791,197,1049935872,1,180000.000,125470.320,1122.734
77.784704,24.232998,24.601791,220,1049935872,1,180000.000,125473.035,1122.661
77.810087,25.383834,24.597334,225,1049952256,1,180000.000,125475.842,1122.586
77.834018,23.930501,24.770166,192,1049952256,1,180000.000,125478.522,1122.515
77.859351,25.333166,24.634792,212,1048313856,1,180000.000,125481.271,1122.441
77.883298,23.947041,24.578417,184,1048313856,1,180000.000,125483.992,1122.369
77.908604,25.305834,24.412374,225,1048313856,1,180000.000,125486.792,1122.294
77.932567,23.963042,24.887667,214,1048313856,1,180000.000,125489.482,1122.222
77.958797,26.229583,24.866583,183,1049133056,1,180000.000,125492.347,1122.146
77.982439,23.642167,24.634041,227,1049133056,1,180000.000,125495.028,1122.074
78.007583,25.144376,25.080833,187,1049133056,1,180000.000,125497.796,1122.000
78.032819,25.235832,24.662333,194,1049116672,1,180000.000,125500.597,1121.925
78.056689,23.870293,24.681417,174,1049116672,1,180000.000,125503.276,1121.854
78.082064,25.374915,24.751917,185,1049116672,1,180000.000,125506.065,1121.779
78.106798,24.733335,24.777166,185,1049116672,1,180000.000,125508.821,1121.706
78.131482,24.684291,24.826708,220,1049264128,1,180000.000,125511.583,1121.632
78.157482,26.000500,25.108917,226,1049264128,1,180000.000,125514.470,1121.555
78.183296,25.814082,25.957041,225,1049264128,1,180000.000,125517.315,1121.479
78.208735,25.438502,25.179583,198,1048297472,1,180000.000,125520.101,1121.405
78.232367,23.631833,24.788334,194,1048379392,1,180000.000,125522.794,1121.333
78.257916,25.549747,24.741625,177,1048379392,1,180000.000,125525.586,1121.258
78.281970,24.053417,24.625458,221,1048379392,1,180000.000,125528.307,1121.186
78.306814,24.843667,24.702875,178,1048379392,1,180000.000,125531.050,1121.112
78.332490,25.676169,24.728916,224,1048379392,1,180000.000,125533.908,1121.036
78.356910,24.419997,24.446375,160,1048395776,1,180000.000,125536.592,1120.965
78.380916,24.006628,24.561501,190,1048395776,1,180000.000,125539.275,1120.893
78.406254,25.337834,24.498709,183,1049214976,1,180000.000,125542.058,1120.819
78.430336,24.081498,24.441208,212,1049214976,1,180000.000,125544.763,1120.746
78.455194,24.858251,24.653791,189,1049214976,1,180000.000,125547.509,1120.673
78.479400,24.206415,24.861708,211,1049214976,1,180000.000,125550.247,1120.600
78.504625,25.224209,25.090416,181,1049214976,1,180000.000,125553.036,1120.526
78.529513,24.888083,24.828833,218,1049214976,1,180000.000,125555.803,1120.452
78.555548,26.035249,25.049000,193,1048395776,1,180000.000,125558.623,1120.376
78.579760,24.212625,24.527082,182,1048395776,1,180000.000,125561.369,1120.303
78.605344,25.583792,24.722666,216,1048395776,1,180000.000,125564.230,1120.227
78.629699,24.354458,24.569584,206,1048543232,1,180000.000,125566.922,1120.155
78.653558,23.859125,24.218000,229,1048543232,1,180000.000,125569.570,1120.084
78.678577,25.019336,24.931625,212,1048543232,1,180000.000,125572.344,1120.010
78.702775,24.197832,24.745041,229,1048543232,1,180000.000,125575.062,1119.938
78.728504,25.728665,24.886499,209,1048559616,1,180000.000,125577.897,1119.862
78.753153,24.648834,25.658291,258,1048559616,1,180000.000,125580.647,1119.788
78.780548,27.395085,25.630625,207,1048559616,1,180000.000,125583.676,1119.708
78.804662,24.114206,25.617666,265,1048559616,1,180000.000,125586.375,1119.636
78.830269,25.606710,25.533625,240,1048559616,1,180000.000,125589.224,1119.559
78.856027,25.758874,25.179333,187,1048559616,1,180000.000,125592.050,1119.484
78.879496,23.468874,24.524250,212,1048559616,1,180000.000,125594.701,1119.413
78.905731,26.235085,24.354292,205,1048412160,1,180000.000,125597.535,1119.338
78.929063,23.331460,24.693459,215,1048412160,1,180000.000,125600.187,1119.267
78.953572,24.509039,24.772375,220,1048412160,1,180000.000,125602.925,1119.194
78.979550,25.978126,24.955875,209,1048412160,1,180000.000,125605.781,1119.117
79.004896,25.346458,24.878542,201,1048412160,1,180000.000,125608.588,1119.043
79.028561,23.664251,24.908251,231,1048412160,1,180000.000,125611.261,1118.971
79.053332,24.770956,24.955458,198,1048412160,1,180000.000,125614.011,1118.898
79.078455,25.122918,24.881834,222,1048412160,1,180000.000,125616.792,1118.824
79.103266,24.811707,24.748083,202,1048412160,1,180000.000,125619.558,1118.750
79.128044,24.777792,24.852291,245,1048412160,1,180000.000,125622.311,1118.676
79.154425,26.380874,25.130167,197,1048412160,1,180000.000,125625.203,1118.599
79.179166,24.740960,24.739500,227,1048559616,1,180000.000,125627.966,1118.525
79.204233,25.067206,25.107334,240,1048559616,1,180000.000,125630.769,1118.450
79.230443,26.210207,26.646875,239,1048559616,1,180000.000,125633.689,1118.372
79.257495,27.051792,26.497292,222,1048559616,1,180000.000,125636.622,1118.294
79.281732,24.236500,25.044666,190,1048559616,1,180000.000,125639.367,1118.221
79.306607,24.875086,24.611917,201,1048559616,1,180000.000,125642.131,1118.147
79.331216,24.608959,24.978834,210,1048559616,1,180000.000,125644.887,1118.074
79.357077,25.861081,24.768749,193,1048559616,1,180000.000,125647.716,1117.998
79.381284,24.206795,24.720833,224,1048559616,1,180000.000,125650.438,1117.925
79.406574,25.290165,24.767876,187,1048559616,1,180000.000,125653.220,1117.851
79.430533,23.959126,24.503000,200,1048559616,1,180000.000,125655.909,1117.779
79.455667,25.134332,24.741249,224,1050198016,1,180000.000,125658.664,1117.706
79.480110,24.442375,24.949291,179,1050198016,1,180000.000,125661.432,1117.632
79.505487,25.377460,24.853916,212,1050198016,1,180000.000,125664.218,1117.557
79.530276,24.789456,24.716709,189,1050198016,1,180000.000,125666.981,1117.484
79.554480,24.203166,24.663458,217,1050198016,1,180000.000,125669.696,1117.411
79.580056,25.576752,24.668917,203,1050198016,1,180000.000,125672.518,1117.336
79.605254,25.197417,24.806667,233,1049231360,1,180000.000,125675.242,1117.263
79.629602,24.348166,24.673208,196,1049231360,1,180000.000,125678.022,1117.189
79.654695,25.092751,24.823166,216,1049231360,1,180000.000,125680.791,1117.115
79.678302,23.606792,24.587542,179,1049231360,1,180000.000,125683.455,1117.044
79.704288,25.986250,24.882292,187,1049231360,1,180000.000,125686.293,1116.968
79.729107,24.819039,24.790001,203,1049378816,1,180000.000,125689.078,1116.894
79.753152,24.045251,24.847084,216,1049378816,1,180000.000,125691.767,1116.822
79.778101,24.948459,24.215500,221,1049378816,1,180000.000,125694.509,1116.749
79.803121,25.020916,25.016459,208,1049378816,1,180000.000,125697.288,1116.675
79.828351,25.229625,24.864876,196,1049395200,1,180000.000,125700.099,1116.600
79.853325,24.974249,24.691999,240,1049395200,1,180000.000,125702.862,1116.526
79.878124,24.798501,25.418959,227,1049427968,1,180000.000,125705.629,1116.452
79.904870,26.746247,26.797501,204,1049427968,1,180000.000,125708.594,1116.373
79.931588,26.718333,26.260626,207,1049444352,1,180000.000,125711.568,1116.293
79.957835,26.247125,24.872875,220,1050263552,1,180000.000,125714.411,1116.217
79.980857,23.021169,24.932459,200,1050263552,1,180000.000,125717.059,1116.147
80.006625,25.768250,24.546333,233,1050263552,1,180000.000,125719.896,1116.071
80.031659,25.033709,24.957708,207,1050263552,1,180000.000,125722.690,1115.996
80.055565,23.906250,24.807501,242,1050263552,1,180000.000,125725.371,1115.925
80.080490,24.925414,25.113251,165,1050263552,1,180000.000,125728.138,1115.851
80.106514,26.024044,24.924376,193,1050263552,1,180000.000,125730.990,1115.775
80.130722,24.207626,24.593876,201,1050263552,1,180000.000,125733.697,1115.703
80.154857,24.134789,24.605917,230,1050263552,1,180000.000,125736.395,1115.631
80.179438,24.581086,24.586250,203,1050279936,1,180000.000,125739.138,1115.557
80.205410,25.971998,24.848000,212,1050279936,1,180000.000,125741.983,1115.481
80.230003,24.592668,24.791166,201,1050279936,1,180000.000,125744.729,1115.408
80.254135,24.132501,24.771042,215,1050279936,1,180000.000,125747.431,1115.336
80.279810,25.674831,24.784374,227,1050279936,1,180000.000,125750.262,1115.260
80.305244,25.433961,24.839916,180,1048494080,1,180000.000,125753.017,1115.187
80.329940,24.696372,25.015791,241,1048641536,1,180000.000,125755.828,1115.112
80.355101,25.160711,24.993584,211,1048641536,1,180000.000,125758.606,1115.038
80.380820,25.718916,25.795416,219,1048641536,1,180000.000,125761.483,1114.961
80.405298,24.478458,25.120958,204,1049460736,1,180000.000,125764.208,1114.888
80.430189,24.890706,24.881666,229,1049460736,1,180000.000,125766.998,1114.814
80.455469,25.279753,25.035250,196,1049460736,1,180000.000,125769.799,1114.739
80.481627,26.158206,25.162125,249,1049460736,1,180000.000,125772.704,1114.661
80.507676,26.048958,26.511499,177,1049460736,1,180000.000,125775.562,1114.585
80.531729,24.053458,24.773251,208,1049460736,1,180000.000,125778.280,1114.512
80.557492,25.762416,25.072208,200,1049460736,1,180000.000,125781.100,1114.437
80.582198,24.706624,24.710501,203,1049460736,1,180000.000,125783.858,1114.364
80.606996,24.797253,24.584208,182,1049460736,1,180000.000,125786.598,1114.290
80.631891,24.895247,24.725458,193,1049460736,1,180000.000,125789.383,1114.216
80.657573,25.681753,24.840416,199,1048494080,1,180000.000,125792.184,1114.141
80.680784,23.211207,24.714582,210,1048576000,1,180000.000,125794.838,1114.070
80.706881,26.097458,24.860708,189,1048576000,1,180000.000,125797.702,1113.994
80.731278,24.397124,24.689333,188,1048576000,1,180000.000,125800.426,1113.921
80.756170,24.891708,24.617083,229,1048576000,1,180000.000,125803.179,1113.848
80.780756,24.585459,24.798666,192,1048576000,1,180000.000,125805.925,1113.774
80.805634,24.878044,24.576626,193,1048576000,1,180000.000,125808.670,1113.701
80.829782,24.148833,24.492125,233,1048576000,1,180000.000,125811.397,1113.628
80.855396,25.613792,25.680708,211,1049395200,1,180000.000,125814.225,1113.553
80.880180,24.783541,25.091333,206,1049395200,1,180000.000,125816.998,1113.479
80.906835,26.655126,25.347292,184,1049395200,1,180000.000,125819.924,1113.401
80.931413,24.577998,24.662292,194,1049542656,1,180000.000,125822.660,1113.328
80.957536,26.122708,24.792418,236,1049542656,1,180000.000,125825.568,1113.250
80.982100,24.564460,25.588291,221,1049542656,1,180000.000,125828.296,1113.177
81.008071,25.970876,25.813833,195,1048576000,1,180000.000,125831.132,1113.101
81.033486,25.414959,25.471708,216,1048723456,1,180000.000,125834.008,1113.025
81.058376,24.890330,24.842501,217,1048723456,1,180000.000,125836.771,1112.951
81.083976,25.599919,25.673250,246,1048952832,1,180000.000,125839.625,1112.875
81.109309,25.332667,25.042000,210,1049001984,1,180000.000,125842.427,1112.800
81.134579,25.270373,25.595333,242,1049247744,1,180000.000,125845.249,1112.725
81.159929,25.350001,25.738167,202,1049247744,1,180000.000,125848.075,1112.649
81.184042,24.112500,24.596292,242,1049247744,1,180000.000,125850.759,1112.578
81.210350,26.308041,25.272917,191,1049247744,1,180000.000,125853.641,1112.501
81.234679,24.329208,24.841249,212,1049247744,1,180000.000,125856.377,1112.428
81.259980,25.301043,24.192751,219,1049460736,1,180000.000,125859.158,1112.353
81.284227,24.246793,24.566750,216,1049460736,1,180000.000,125861.863,1112.281
81.308818,24.591081,24.526209,226,1049460736,1,180000.000,125864.578,1112.209
81.333330,24.512459,24.883083,190,1049460736,1,180000.000,125867.321,1112.135
81.359736,26.405584,24.972958,194,1048805376,1,180000.000,125870.185,1112.059
81.383303,23.567501,25.123833,221,1048805376,1,180000.000,125872.892,1111.987
81.410343,27.039789,26.171541,174,1048805376,1,180000.000,125875.866,1111.907
81.434514,24.170961,25.272625,215,1048805376,1,180000.000,125878.588,1111.835
81.460307,25.793206,24.859833,196,1048805376,1,180000.000,125881.417,1111.759
81.486203,25.895417,24.931250,236,1048952832,1,180000.000,125884.321,1111.682
81.512672,26.469044,26.350542,229,1048952832,1,180000.000,125887.224,1111.604
81.536584,23.911875,25.192875,206,1049034752,1,180000.000,125889.926,1111.532
81.564629,28.045416,27.976292,239,1049051136,1,180000.000,125893.039,1111.449
81.590593,25.964331,25.504000,188,1049051136,1,180000.000,125895.908,1111.372
81.615003,24.409086,24.720625,205,1049051136,1,180000.000,125898.635,1111.299
81.640861,25.858376,25.131708,219,1049051136,1,180000.000,125901.489,1111.223
81.665225,24.363831,25.011333,204,1049051136,1,180000.000,125904.218,1111.150
81.690426,25.200959,25.108500,235,1049051136,1,180000.000,125907.022,1111.076
81.716011,25.584832,25.018499,192,1048903680,1,180000.000,125909.794,1111.002
81.741157,25.146753,25.085459,217,1048903680,1,180000.000,125912.638,1110.926
81.766753,25.595792,25.164583,205,1048903680,1,180000.000,125915.462,1110.850
81.791034,24.281334,25.214958,203,1048903680,1,180000.000,125918.201,1110.777
81.816947,25.912456,24.878250,219,1048903680,1,180000.000,125921.053,1110.701
81.841415,24.468582,25.085417,207,1048903680,1,180000.000,125923.786,1110.628
81.866977,25.561128,24.953459,190,1050542080,1,180000.000,125926.569,1110.554
81.891572,24.595164,24.999792,188,1050542080,1,180000.000,125929.345,1110.480
81.916036,24.464335,24.669750,199,1050542080,1,180000.000,125932.088,1110.406
81.942709,26.673377,25.039709,191,1050542080,1,180000.000,125935.026,1110.328
81.967194,24.484206,25.228333,224,1050542080,1,180000.000,125937.744,1110.255
81.992086,24.892002,25.070168,187,1050542080,1,180000.000,125940.511,1110.182
82.016508,24.422582,24.827084,213,1050542080,1,180000.000,125943.251,1110.108
82.042960,26.452206,24.929501,192,1050689536,1,180000.000,125946.186,1110.030
82.067738,24.777919,24.794250,216,1048920064,1,180000.000,125948.863,1109.959
82.091948,24.209373,24.934334,203,1049067520,1,180000.000,125951.612,1109.885
82.115793,23.845460,24.839251,210,1049067520,1,180000.000,125954.260,1109.814
82.142089,26.295625,25.805166,188,1049067520,1,180000.000,125957.208,1109.736
82.167876,25.786668,24.869709,197,1049067520,1,180000.000,125960.034,1109.660
82.192727,24.851747,25.034916,223,1049067520,1,180000.000,125962.818,1109.586
82.218942,26.214376,26.542126,202,1049067520,1,180000.000,125965.714,1109.509
82.247105,28.163377,26.523542,174,1049149440,1,180000.000,125968.845,1109.425
82.270945,23.840457,25.392166,197,1049149440,1,180000.000,125971.519,1109.354
82.296005,25.059499,25.168917,220,1049149440,1,180000.000,125974.277,1109.280
82.322658,26.653126,25.206499,203,1049149440,1,180000.000,125977.237,1109.201
82.346555,23.896623,25.055416,208,1049149440,1,180000.000,125979.923,1109.129
82.373678,27.122959,25.200624,213,1050787840,1,180000.000,125982.865,1109.051
82.397914,24.236668,25.917707,190,1050787840,1,180000.000,125985.614,1108.977
82.424054,26.139624,24.864834,175,1049001984,1,180000.000,125988.448,1108.902
82.447426,23.372043,24.773417,211,1049149440,1,180000.000,125991.130,1108.830
82.473916,26.489999,25.023666,192,1049149440,1,180000.000,125994.029,1108.753
82.497954,24.038125,25.334709,203,1049149440,1,180000.000,125996.744,1108.680
82.523711,25.757290,24.920124,200,1049968640,1,180000.000,125999.543,1108.606
82.547879,24.167459,24.991917,217,1049968640,1,180000.000,126002.298,1108.532
82.574214,26.334707,25.045792,185,1049968640,1,180000.000,126005.179,1108.455
82.598904,24.690792,24.870625,220,1049968640,1,180000.000,126007.939,1108.381
82.623349,24.444502,25.044416,173,1049968640,1,180000.000,126010.664,1108.309
82.648097,24.748374,24.816500,210,1049968640,1,180000.000,126013.432,1108.235
82.674545,26.447918,25.247667,216,1049968640,1,180000.000,126016.334,1108.157
82.699341,24.795789,25.677834,238,1050066944,1,180000.000,126019.126,1108.083
82.725124,25.783252,25.542126,208,1050066944,1,180000.000,126021.977,1108.007
82.750006,24.881497,25.180124,201,1050066944,1,180000.000,126024.753,1107.933
82.775628,25.622629,25.122250,181,1049100288,1,180000.000,126027.542,1107.858
82.800922,25.293957,24.865208,184,1049182208,1,180000.000,126030.379,1107.782
82.825938,25.015458,24.783333,199,1049182208,1,180000.000,126033.152,1107.708
82.850551,24.613123,25.094791,185,1049182208,1,180000.000,126035.901,1107.635
82.876213,25.662083,24.946917,188,1050001408,1,180000.000,126038.721,1107.560
82.900850,24.637252,24.914459,200,1050001408,1,180000.000,126041.490,1107.486
82.925680,24.829999,24.637125,206,1050001408,1,180000.000,126044.236,1107.412
82.950038,24.357334,24.860209,184,1050148864,1,180000.000,126046.979,1107.339
82.975730,25.692709,25.236500,195,1050148864,1,180000.000,126049.828,1107.263
83.001831,26.100289,25.336374,181,1050148864,1,180000.000,126052.707,1107.186
83.025870,24.039418,25.033083,191,1050148864,1,180000.000,126055.390,1107.115
83.051541,25.670711,25.516293,187,1050148864,1,180000.000,126058.250,1107.038
83.078420,26.879624,26.029333,191,1050148864,1,180000.000,126061.206,1106.959
83.103895,25.474627,25.430208,190,1050148864,1,180000.000,126064.053,1106.883
83.129337,25.441747,24.968584,232,1049100288,1,180000.000,126066.808,1106.810
83.153770,24.433333,25.028292,193,1049100288,1,180000.000,126069.588,1106.736
83.178594,24.823502,25.041542,196,1049100288,1,180000.000,126072.336,1106.662
83.204060,25.465999,24.848375,199,1049247744,1,180000.000,126075.174,1106.587
83.229696,25.636043,24.953625,217,1049247744,1,180000.000,126078.015,1106.511
83.255563,25.867667,25.982000,214,1049247744,1,180000.000,126080.903,1106.434
83.279251,23.687832,24.902000,227,1049247744,1,180000.000,126083.548,1106.363
83.304545,25.293708,25.273417,198,1049329664,1,180000.000,126086.365,1106.288
83.330394,25.848791,24.952999,192,1050148864,1,180000.000,126089.184,1106.213
83.355443,25.049124,25.096001,183,1050148864,1,180000.000,126091.995,1106.137
83.380454,25.011543,25.509293,209,1050148864,1,180000.000,126094.773,1106.063
83.405331,24.876833,25.177042,186,1050148864,1,180000.000,126097.570,1105.989
83.432096,26.764628,26.266542,206,1050148864,1,180000.000,126100.536,1105.909
83.458745,26.649624,26.395624,182,1050148864,1,180000.000,126103.482,1105.831
83.484050,25.304500,25.317083,223,1049165824,1,180000.000,126106.235,1105.757
83.508812,24.762373,25.334084,203,1049165824,1,180000.000,126109.045,1105.682
83.534446,25.634252,25.534916,203,1049165824,1,180000.000,126111.878,1105.607
83.561415,26.968706,26.087749,227,1049182208,1,180000.000,126114.888,1105.526
83.586459,25.044043,24.786167,181,1049182208,1,180000.000,126117.655,1105.452
83.610758,24.298418,25.060249,207,1049182208,1,180000.000,126120.394,1105.379
83.636429,25.671624,25.461250,222,1049182208,1,180000.000,126123.238,1105.303
83.662151,25.721833,25.223042,209,1049182208,1,180000.000,126126.104,1105.227
83.687675,25.523458,26.139750,243,1049182208,1,180000.000,126128.926,1105.152
83.715759,28.084502,27.796959,194,1049182208,1,180000.000,126132.045,1105.068
83.740831,25.072414,25.300751,202,1049182208,1,180000.000,126134.842,1104.994
83.766954,26.122417,25.228001,217,1049182208,1,180000.000,126137.724,1104.917
83.791493,24.538752,24.745167,206,1049182208,1,180000.000,126140.435,1104.844
83.816235,24.742208,24.870291,197,1049182208,1,180000.000,126143.208,1104.770
83.842543,26.308540,25.257833,196,1049034752,1,180000.000,126146.058,1104.694
83.866633,24.089292,25.031708,191,1049116672,1,180000.000,126148.806,1104.621
83.892263,25.630169,24.896626,182,1049116672,1,180000.000,126151.631,1104.545
83.916230,23.966789,24.916082,237,1049116672,1,180000.000,126154.333,1104.473
83.942121,25.891207,24.947001,190,1049116672,1,180000.000,126157.170,1104.398
83.966119,23.998626,24.781708,210,1049116672,1,180000.000,126159.882,1104.325
83.991900,25.780875,25.163792,224,1049116672,1,180000.000,126162.704,1104.250
84.017150,25.249291,24.931208,215,1049116672,1,180000.000,126165.520,1104.175
84.042247,25.097795,25.893126,202,1049116672,1,180000.000,126168.337,1104.099
84.067050,24.802331,25.211834,210,1049116672,1,180000.000,126171.072,1104.026
84.092784,25.734458,25.289959,189,1049116672,1,180000.000,126173.938,1103.950
84.118700,25.916003,24.869291,190,1049116672,1,180000.000,126176.803,1103.873
84.142675,23.974832,24.945833,196,1049116672,1,180000.000,126179.498,1103.802
84.167849,25.174167,25.078291,204,1049116672,1,180000.000,126182.289,1103.727
84.194571,26.721958,24.992958,223,1049034752,1,180000.000,126185.170,1103.650
84.218951,24.379458,25.062626,204,1049051136,1,180000.000,126187.969,1103.575
84.246551,27.600709,26.694374,203,1049051136,1,180000.000,126191.004,1103.494
84.269881,23.329541,25.149208,210,1049198592,1,180000.000,126193.624,1103.424
84.297009,27.128331,27.148083,220,1050017792,1,180000.000,126196.631,1103.344
84.324659,27.649458,26.981958,200,1050017792,1,180000.000,126199.693,1103.262
84.350562,25.903750,24.901875,188,1050017792,1,180000.000,126202.550,1103.186
84.374539,23.976918,25.096083,222,1050017792,1,180000.000,126205.257,1103.114
84.400596,26.056997,25.243792,189,1050017792,1,180000.000,126208.109,1103.038
84.425693,25.097169,24.982958,207,1050017792,1,180000.000,126210.933,1102.962
84.451330,25.636584,25.681334,203,1050017792,1,180000.000,126213.761,1102.887
84.476234,24.904042,24.929459,179,1050017792,1,180000.000,126216.528,1102.813
84.500169,23.935165,24.619833,190,1050017792,1,180000.000,126219.215,1102.741
84.526068,25.898293,24.799791,210,1050017792,1,180000.000,126222.066,1102.665
84.550678,24.610750,24.920792,189,1049051136,1,180000.000,126224.759,1102.593
84.576835,26.157122,25.111792,192,1049051136,1,180000.000,126227.713,1102.514
84.600446,23.610875,25.107834,197,1049870336,1,180000.000,126230.339,1102.444
84.626403,25.956795,24.853458,216,1049870336,1,180000.000,126233.220,1102.367
84.651460,25.056873,25.065584,209,1049870336,1,180000.000,126235.990,1102.293
84.675753,24.293084,24.972458,171,1049870336,1,180000.000,126238.720,1102.221
84.701579,25.825959,24.923584,211,1049870336,1,180000.000,126241.563,1102.145
84.726763,25.184084,24.933584,200,1050017792,1,180000.000,126244.378,1102.069
84.753272,26.509248,25.826708,218,1050017792,1,180000.000,126247.294,1101.992
84.777736,24.463542,25.219542,217,1050017792,1,180000.000,126250.051,1101.918
84.803844,26.108418,25.912708,216,1050034176,1,180000.000,126252.938,1101.841
84.829137,25.292542,25.256332,220,1050034176,1,180000.000,126255.745,1101.766
84.855385,26.247960,25.141666,184,1050034176,1,180000.000,126258.646,1101.689
84.879753,24.368417,25.413208,184,1050034176,1,180000.000,126261.392,1101.615
84.906548,26.794709,25.971916,179,1049886720,1,180000.000,126264.277,1101.538
84.930929,24.381414,25.053499,169,1049886720,1,180000.000,126267.054,1101.464
84.957973,27.044002,26.381250,187,1049886720,1,180000.000,126270.049,1101.384
84.982027,24.053250,25.099751,201,1050034176,1,180000.000,126272.748,1101.312
85.009109,27.081959,25.920626,213,1050034176,1,180000.000,126275.730,1101.233
85.034092,24.983250,25.376209,221,1050034176,1,180000.000,126278.516,1101.158
85.058941,24.849623,24.883917,196,1050034176,1,180000.000,126281.257,1101.085
85.083629,24.687249,24.762209,202,1050116096,1,180000.000,126284.007,1101.012
85.108669,25.040295,24.845875,181,1050116096,1,180000.000,126286.784,1100.937
85.133333,24.663791,24.754042,180,1050116096,1,180000.000,126289.546,1100.864
85.158842,25.509167,24.807959,201,1050116096,1,180000.000,126292.366,1100.788
85.183513,24.671040,24.389542,217,1050116096,1,180000.000,126295.113,1100.715
85.209954,26.441000,26.096542,206,1050116096,1,180000.000,126298.041,1100.637
85.233639,23.685206,25.218666,225,1050116096,1,180000.000,126300.709,1100.566
85.260913,27.273834,25.672333,209,1049313280,1,180000.000,126303.660,1100.487
85.284952,24.039041,25.828583,203,1049313280,1,180000.000,126306.413,1100.413
85.309930,24.978295,24.577333,185,1049313280,1,180000.000,126309.158,1100.340
85.334486,24.556164,24.713209,220,1049313280,1,180000.000,126311.919,1100.266
85.360511,26.024919,25.114334,189,1049313280,1,180000.000,126314.778,1100.190
85.385114,24.602249,24.786459,209,1049313280,1,180000.000,126317.516,1100.117
85.409925,24.811208,24.719917,190,1050132480,1,180000.000,126320.245,1100.044
85.435041,25.115833,24.908459,171,1050132480,1,180000.000,126323.066,1099.969
85.459204,24.163250,24.880583,212,1050132480,1,180000.000,126325.769,1099.897
85.485169,25.965460,25.321833,203,1050132480,1,180000.000,126328.661,1099.819
85.510988,25.818959,25.716999,196,1050132480,1,180000.000,126331.485,1099.744
85.535703,24.714917,24.908501,206,1050132480,1,180000.000,126334.278,1099.670
85.561361,25.658164,24.689541,203,1050132480,1,180000.000,126337.086,1099.595
85.586413,25.051210,25.760958,200,1050148864,1,180000.000,126339.911,1099.519
85.614525,28.112624,27.748959,226,1049182208,1,180000.000,126342.987,1099.437
85.641321,26.796125,27.188000,179,1049329664,1,180000.000,126346.009,1099.356
85.666276,24.954334,25.186625,214,1049329664,1,180000.000,126348.772,1099.283
85.691180,24.904206,24.940208,212,1049329664,1,180000.000,126351.553,1099.208
85.717774,26.593670,24.977459,196,1049329664,1,180000.000,126354.496,1099.130
85.740937,23.163583,25.004541,218,1049329664,1,180000.000,126357.076,1099.061
85.768072,27.135000,25.876625,180,1049329664,1,180000.000,126360.059,1098.981
85.792357,24.284706,24.860374,209,1049329664,1,180000.000,126362.792,1098.908
85.818412,26.055336,24.992916,214,1050148864,1,180000.000,126365.638,1098.832
85.843398,24.985667,25.131874,195,1050148864,1,180000.000,126368.439,1098.758
85.866905,23.507081,24.360083,208,1050148864,1,180000.000,126371.070,1098.687
85.892307,25.402125,25.595375,184,1050148864,1,180000.000,126373.893,1098.612
85.917210,24.902418,24.636875,212,1050148864,1,180000.000,126376.666,1098.538
85.942163,24.953332,24.908083,197,1050148864,1,180000.000,126379.439,1098.464
85.968102,25.938958,24.945749,193,1049247744,1,180000.000,126382.239,1098.389
85.993341,25.239211,24.750208,210,1049247744,1,180000.000,126385.103,1098.313
86.017469,24.127834,24.495041,205,1049247744,1,180000.000,126387.768,1098.242
86.041695,24.225917,24.909000,201,1049247744,1,180000.000,126390.493,1098.169
86.066887,25.192291,24.909876,169,1049247744,1,180000.000,126393.293,1098.094
86.092060,25.173414,25.430876,220,1049247744,1,180000.000,126396.097,1098.019
86.117883,25.822461,25.468416,211,1049247744,1,180000.000,126398.948,1097.943
86.144446,26.562918,25.796749,210,1049247744,1,180000.000,126401.901,1097.864
86.171893,27.446665,26.152750,186,1049509888,1,180000.000,126404.934,1097.783
86.194907,23.014501,25.113667,223,1049526272,1,180000.000,126407.524,1097.714
86.222582,27.674459,27.580875,188,1049526272,1,180000.000,126410.596,1097.632
86.250264,27.682789,26.469500,203,1049985024,1,180000.000,126413.643,1097.551
86.275386,25.121626,24.932501,204,1049985024,1,180000.000,126416.427,1097.476
86.299404,24.018291,25.110167,188,1049985024,1,180000.000,126419.133,1097.404
86.325922,26.518125,24.803749,188,1036845056,1,180000.000,126421.994,1097.328
86.350303,24.380460,24.909374,203,1036926976,1,180000.000,126424.776,1097.254
86.376168,25.864750,25.749125,189,1036943360,1,180000.000,126427.632,1097.177
86.400687,24.519458,24.891624,185,1036943360,1,180000.000,126430.357,1097.105
86.425763,25.076039,24.831709,197,1036943360,1,180000.000,126433.124,1097.031
86.450686,24.923336,24.661333,186,1036943360,1,180000.000,126435.915,1096.956
86.475485,24.798624,24.854750,187,1036943360,1,180000.000,126438.656,1096.883
86.499936,24.451416,24.762083,171,1036943360,1,180000.000,126441.413,1096.809
86.524993,25.056668,25.405708,204,1036943360,1,180000.000,126444.187,1096.735
86.551219,26.225999,24.952333,226,1036943360,1,180000.000,126447.086,1096.658
86.576890,25.671043,25.928125,185,1036943360,1,180000.000,126449.919,1096.582
86.601007,24.116624,25.265417,200,1036943360,1,180000.000,126452.644,1096.510
86.627551,26.544418,25.202208,178,1036943360,1,180000.000,126455.555,1096.432
86.652472,24.920501,24.658125,227,1036943360,1,180000.000,126458.339,1096.358
86.679787,27.315039,25.824791,220,1036861440,1,180000.000,126461.334,1096.278
86.704563,24.776667,25.654333,216,1036861440,1,180000.000,126464.126,1096.203
86.729265,24.701126,24.825500,207,1036861440,1,180000.000,126466.874,1096.130
86.754801,25.536250,26.111166,194,1036861440,1,180000.000,126469.704,1096.054
86.778912,24.110831,24.753374,206,1036861440,1,180000.000,126472.398,1095.982
86.805285,26.373375,25.887833,202,1036861440,1,180000.000,126475.323,1095.904
86.831938,26.653249,25.875208,205,1036861440,1,180000.000,126478.301,1095.825
86.858837,26.898794,26.658417,199,1036861440,1,180000.000,126481.268,1095.745
86.883382,24.545085,25.722876,207,1036861440,1,180000.000,126484.010,1095.672
86.909213,25.831290,25.794916,202,1036861440,1,180000.000,126486.885,1095.596
86.936081,26.867542,25.484249,195,1038499840,1,180000.000,126489.802,1095.518
86.960769,24.688292,25.154041,231,1038516224,1,180000.000,126492.600,1095.443
86.985794,25.024373,24.948166,214,1038516224,1,180000.000,126495.357,1095.369
87.010748,24.954583,24.941584,205,1038516224,1,180000.000,126498.138,1095.295
87.036143,25.394667,24.936874,182,1036730368,1,180000.000,126500.913,1095.221
87.061318,25.174834,24.808416,224,1036877824,1,180000.000,126503.763,1095.145
87.086269,24.951041,25.183292,182,1036877824,1,180000.000,126506.535,1095.071
87.111169,24.900209,24.867083,250,1036959744,1,180000.000,126509.298,1094.997
87.135161,23.992334,25.006792,197,1037778944,1,180000.000,126511.983,1094.925
87.161599,26.437335,25.500750,250,1037778944,1,180000.000,126514.918,1094.847
87.187403,25.804039,25.928541,209,1037778944,1,180000.000,126517.781,1094.771
87.212386,24.983127,25.112291,213,1037942784,1,180000.000,126520.546,1094.697
87.236757,24.371043,24.940542,180,1037942784,1,180000.000,126523.269,1094.624
87.261421,24.663914,24.809875,207,1037959168,1,180000.000,126526.020,1094.551
87.287187,25.766499,24.856501,201,1037959168,1,180000.000,126528.844,1094.475
87.312206,25.018625,24.841875,187,1037959168,1,180000.000,126531.635,1094.401
87.336140,23.934375,24.752001,206,1037959168,1,180000.000,126534.321,1094.329
87.362183,26.042711,25.030209,171,1037959168,1,180000.000,126537.193,1094.252
87.388286,26.102748,24.819166,227,1036828672,1,180000.000,126540.021,1094.177
87.412929,24.643626,26.711624,200,1036910592,1,180000.000,126542.850,1094.101
87.439790,26.860416,25.742292,213,1037729792,1,180000.000,126545.816,1094.022
87.465052,25.261875,25.758499,198,1037729792,1,180000.000,126548.639,1093.947
87.491171,26.119210,25.596792,174,1037729792,1,180000.000,126551.508,1093.870
87.514558,23.386750,24.565208,191,1037877248,1,180000.000,126554.148,1093.800
87.541773,27.215455,26.727209,256,1037877248,1,180000.000,126557.172,1093.719
87.569174,27.400836,27.230125,195,1037877248,1,180000.000,126560.215,1093.638
87.594315,25.141332,25.098375,243,1037877248,1,180000.000,126562.993,1093.564
87.619914,25.598790,25.020082,201,1037877248,1,180000.000,126565.831,1093.488
87.644834,24.919666,24.675791,197,1037877248,1,180000.000,126568.584,1093.414
87.669186,24.352293,24.980749,248,1037877248,1,180000.000,126571.325,1093.341
87.694111,24.925042,25.167376,173,1037877248,1,180000.000,126574.095,1093.267
87.719435,25.323875,24.779041,226,1037877248,1,180000.000,126576.913,1093.192
87.745022,25.587540,25.470541,204,1036976128,1,180000.000,126579.692,1093.118
87.770535,25.512751,25.183083,210,1036976128,1,180000.000,126582.564,1093.041
87.794996,24.460748,24.806417,183,1036976128,1,180000.000,126585.306,1092.968
87.820143,25.147043,25.295750,221,1036976128,1,180000.000,126588.101,1092.893
87.846786,26.642583,25.296000,204,1036976128,1,180000.000,126591.031,1092.815
87.871540,24.754375,25.772417,171,1036992512,1,180000.000,126593.802,1092.741
87.896731,25.190957,25.450792,182,1036992512,1,180000.000,126596.600,1092.667
87.921987,25.256250,25.173124,229,1036992512,1,180000.000,126599.420,1092.591
87.948737,26.750125,25.348083,189,1037811712,1,180000.000,126602.340,1092.513
87.973512,24.774376,25.050875,198,1037811712,1,180000.000,126605.113,1092.439
87.998906,25.394540,24.639750,207,1037811712,1,180000.000,126607.933,1092.364
88.023756,24.849586,25.386126,176,1037811712,1,180000.000,126610.702,1092.290
88.047399,23.643497,24.706249,197,1037828096,1,180000.000,126613.350,1092.219
88.073350,25.950458,25.003334,212,1037828096,1,180000.000,126616.205,1092.143
88.098623,25.273420,25.018833,200,1037008896,1,180000.000,126618.961,1092.070
88.122979,24.355832,24.931084,211,1037090816,1,180000.000,126621.750,1091.995
88.151324,28.345041,28.618292,222,1037090816,1,180000.000,126624.899,1091.911
88.176734,25.410417,24.795166,171,1037090816,1,180000.000,126627.696,1091.836
88.201757,25.022667,24.792875,206,1037090816,1,180000.000,126630.466,1091.762
88.226874,25.116708,24.922251,197,1037090816,1,180000.000,126633.269,1091.688
88.251790,24.915956,25.021376,230,1037090816,1,180000.000,126636.024,1091.614
88.276854,25.064543,24.877583,200,1037090816,1,180000.000,126638.825,1091.539
88.302025,25.171209,24.911751,214,1037090816,1,180000.000,126641.631,1091.464
88.328221,26.195500,25.846916,206,1037090816,1,180000.000,126644.533,1091.387
88.352655,24.433624,25.077875,178,1037090816,1,180000.000,126647.243,1091.315
88.377713,25.058251,24.749125,216,1037090816,1,180000.000,126650.027,1091.240
88.402926,25.212917,25.019583,203,1037090816,1,180000.000,126652.823,1091.166
88.427558,24.631999,24.917667,219,1037090816,1,180000.000,126655.563,1091.092
88.452836,25.278248,24.903833,184,1037090816,1,180000.000,126658.326,1091.019
88.478230,25.394376,25.052250,213,1037090816,1,180000.000,126661.195,1090.942
88.503340,25.109626,25.157125,216,1037910016,1,180000.000,126663.951,1090.869
88.527829,24.488747,24.761583,202,1037926400,1,180000.000,126666.708,1090.795
88.553214,25.384877,25.082874,183,1037926400,1,180000.000,126669.520,1090.720
88.577450,24.236374,24.857334,187,1037926400,1,180000.000,126672.229,1090.648
88.603520,26.069749,24.820084,232,1037926400,1,180000.000,126675.111,1090.571
88.628605,25.084794,25.716667,221,1037926400,1,180000.000,126677.932,1090.495
88.655427,26.822668,25.847500,215,1037926400,1,180000.000,126680.878,1090.417
88.679688,24.261124,24.863958,214,1037926400,1,180000.000,126683.585,1090.344
88.703417,23.728624,24.515167,196,1037926400,1,180000.000,126686.247,1090.273
88.729097,25.680374,25.443459,195,1037926400,1,180000.000,126689.097,1090.197
88.755116,26.018333,25.134832,202,1037926400,1,180000.000,126691.939,1090.121
88.779528,24.412293,25.123291,186,1037926400,1,180000.000,126694.701,1090.048
88.806299,26.770793,25.598249,199,1037107200,1,180000.000,126697.586,1089.971
88.830519,24.219792,24.863750,205,1037107200,1,180000.000,126700.369,1089.896
88.856035,25.516499,25.545000,206,1037107200,1,180000.000,126703.200,1089.821
88.881812,25.776960,25.215708,205,1037107200,1,180000.000,126706.041,1089.745
88.907601,25.788955,24.951374,230,1037107200,1,180000.000,126708.897,1089.669
88.931526,23.925126,24.749374,198,1037107200,1,180000.000,126711.566,1089.597
88.956951,25.425415,24.950750,195,1037107200,1,180000.000,126714.379,1089.522
88.981491,24.539586,25.042208,190,1037189120,1,180000.000,126717.114,1089.449
89.007110,25.618751,24.823500,197,1037189120,1,180000.000,126719.938,1089.374
89.030862,23.752205,25.158541,217,1037189120,1,180000.000,126722.632,1089.302
89.057097,26.234917,24.709042,179,1037189120,1,180000.000,126725.493,1089.226
89.080689,23.592502,24.908541,238,1037189120,1,180000.000,126728.165,1089.154
89.106285,25.595874,24.800751,216,1037189120,1,180000.000,126731.009,1089.078
89.132200,25.914293,25.989834,230,1037189120,1,180000.000,126733.885,1089.002
89.157964,25.764082,25.509750,217,1037041664,1,180000.000,126736.679,1088.927
89.182901,24.937086,25.080126,185,1037189120,1,180000.000,126739.491,1088.852
89.207569,24.668206,25.000584,234,1037189120,1,180000.000,126742.252,1088.778
89.233403,25.833920,25.037500,183,1037189120,1,180000.000,126745.105,1088.702
89.258676,25.272999,25.190584,207,1037189120,1,180000.000,126747.901,1088.627
89.283605,24.928998,24.951708,205,1037189120,1,180000.000,126750.685,1088.553
89.309414,25.809042,25.962376,181,1037189120,1,180000.000,126753.548,1088.477
89.333760,24.345793,25.351667,219,1037271040,1,180000.000,126756.260,1088.404
89.360456,26.695874,25.354918,213,1037271040,1,180000.000,126759.218,1088.325
89.384584,24.128169,25.029375,200,1037271040,1,180000.000,126761.902,1088.254
89.411094,26.509915,25.982374,211,1037271040,1,180000.000,126764.851,1088.175
89.438044,26.950791,25.883499,197,1037271040,1,180000.000,126767.832,1088.095
89.462084,24.039835,24.789541,197,1037271040,1,180000.000,126770.512,1088.024
89.488074,25.990084,26.622959,227,1037271040,1,180000.000,126773.423,1087.946
89.516180,28.105706,27.033958,190,1038745600,1,180000.000,126776.456,1087.865
89.540049,23.869295,24.858418,216,1038745600,1,180000.000,126779.198,1087.792
89.565958,25.908750,25.048166,203,1038745600,1,180000.000,126782.034,1087.716
89.591041,25.082998,25.086876,215,1038745600,1,180000.000,126784.837,1087.641
89.615703,24.661794,24.847416,200,1038745600,1,180000.000,126787.603,1087.568
89.640340,24.637539,24.920208,195,1038745600,1,180000.000,126790.336,1087.495
89.665508,25.167875,25.065792,191,1038745600,1,180000.000,126793.126,1087.420
89.690760,25.251459,25.125000,171,1038745600,1,180000.000,126795.945,1087.345
89.715509,24.748877,24.767376,238,1038745600,1,180000.000,126798.695,1087.271
89.741335,25.825873,24.965918,191,1038745600,1,180000.000,126801.538,1087.196
89.765503,24.168499,25.135084,209,1038745600,1,180000.000,126804.230,1087.124
89.791195,25.691792,25.142292,198,1038745600,1,180000.000,126807.093,1087.047
89.816870,25.674626,24.849874,220,1038745600,1,180000.000,126809.919,1086.972
89.841112,24.242751,25.234083,188,1038745600,1,180000.000,126812.652,1086.899
89.866937,25.824916,24.919958,200,1037025280,1,180000.000,126815.446,1086.824
89.891585,24.648290,24.985958,198,1037025280,1,180000.000,126818.256,1086.749
89.916583,24.997126,25.255583,190,1037025280,1,180000.000,126821.028,1086.675
89.941250,24.666999,24.942709,192,1037025280,1,180000.000,126823.779,1086.602
89.967070,25.820628,24.816542,180,1037025280,1,180000.000,126826.622,1086.526
89.991257,24.186291,24.860666,195,1037025280,1,180000.000,126829.337,1086.453
90.016323,25.066122,24.843292,201,1038663680,1,180000.000,126832.089,1086.380
90.041774,25.451042,24.938709,213,1038745600,1,180000.000,126834.923,1086.304
90.066505,24.731003,25.080708,205,1038745600,1,180000.000,126837.696,1086.230
90.094746,28.241251,28.232374,213,1038745600,1,180000.000,126840.819,1086.147
90.120262,25.515623,25.137125,189,1038745600,1,180000.000,126843.666,1086.071
90.145536,25.274374,25.053083,190,1038745600,1,180000.000,126846.450,1085.997
90.169989,24.452709,24.995958,207,1038745600,1,180000.000,126849.195,1085.923
90.195482,25.493834,25.066999,203,1038745600,1,180000.000,126852.003,1085.848
90.221488,26.005585,24.932917,187,1037926400,1,180000.000,126854.823,1085.773
90.245942,24.453625,24.859333,205,1037926400,1,180000.000,126857.618,1085.698
90.270485,24.543665,24.611000,201,1037926400,1,180000.000,126860.313,1085.626
90.296043,25.557708,25.435291,200,1037926400,1,180000.000,126863.172,1085.550
90.322042,25.998957,25.060499,187,1037926400,1,180000.000,126866.039,1085.474
90.346378,24.335545,25.893999,201,1037942784,1,180000.000,126868.780,1085.400
90.372442,26.064496,25.671749,215,1037942784,1,180000.000,126871.679,1085.323
90.398433,25.991086,26.170792,187,1037942784,1,180000.000,126874.555,1085.246
90.423254,24.821125,24.971041,212,1037942784,1,180000.000,126877.332,1085.172
90.449299,26.044499,25.230249,198,1037942784,1,180000.000,126880.204,1085.095
90.474275,24.976041,25.119709,199,1037942784,1,180000.000,126882.957,1085.022
90.499875,25.600459,25.363209,204,1037942784,1,180000.000,126885.822,1084.946
90.525237,25.361709,25.459042,170,1037942784,1,180000.000,126888.630,1084.871
90.549541,24.303664,24.796625,242,1037942784,1,180000.000,126891.368,1084.797
90.576700,27.159128,25.497791,193,1037942784,1,180000.000,126894.286,1084.720
90.602027,25.327206,25.773125,228,1037942784,1,180000.000,126897.178,1084.642
90.626277,24.250541,25.017916,200,1037942784,1,180000.000,126899.895,1084.570
90.651035,24.757627,25.100416,184,1037942784,1,180000.000,126902.645,1084.496
90.676079,25.044333,25.040417,215,1037959168,1,180000.000,126905.425,1084.422
90.701424,25.344666,25.172291,187,1037959168,1,180000.000,126908.247,1084.347
90.727614,26.190374,25.350166,189,1037959168,1,180000.000,126911.111,1084.270
90.752650,25.035501,25.135584,176,1037959168,1,180000.000,126913.907,1084.196
90.776888,24.238292,24.712208,219,1037959168,1,180000.000,126916.629,1084.123
90.802144,25.255460,24.967875,207,1037959168,1,180000.000,126919.434,1084.048
90.828826,26.682414,25.851292,188,1037959168,1,180000.000,126922.366,1083.970
90.853687,24.860501,25.153917,204,1037959168,1,180000.000,126925.145,1083.896
90.878057,24.370123,24.529791,195,1037959168,1,180000.000,126927.832,1083.824
90.902451,24.394501,25.171000,219,1037959168,1,180000.000,126930.562,1083.751
90.929992,27.540375,26.189917,173,1037156352,1,180000.000,126933.565,1083.671
90.954898,24.906211,24.901209,191,1037156352,1,180000.000,126936.382,1083.596
90.979497,24.599124,25.196793,227,1037156352,1,180000.000,126939.139,1083.522
91.005869,26.372459,25.950708,199,1037156352,1,180000.000,126942.047,1083.445
91.030194,24.324290,24.577791,241,1037975552,1,180000.000,126944.746,1083.372
91.055324,25.130376,25.129000,196,1037975552,1,180000.000,126947.566,1083.297
91.079724,24.400167,25.037666,199,1037975552,1,180000.000,126950.276,1083.225
91.107236,27.511332,25.995001,206,1037975552,1,180000.000,126953.321,1083.144
91.134106,26.870582,26.179708,215,1037975552,1,180000.000,126956.277,1083.065
91.158788,24.681501,25.983707,195,1037975552,1,180000.000,126959.036,1082.991
91.183669,24.881419,24.709541,199,1037975552,1,180000.000,126961.792,1082.917
91.209095,25.426332,25.365417,215,1037975552,1,180000.000,126964.624,1082.842
91.233420,24.324708,25.152042,163,1037975552,1,180000.000,126967.337,1082.769
91.257920,24.499543,24.957874,229,1037975552,1,180000.000,126970.081,1082.696
91.285661,27.741373,25.952084,185,1037172736,1,180000.000,126973.074,1082.616
91.309655,23.993626,24.890333,209,1037254656,1,180000.000,126975.822,1082.543
91.334793,25.137793,24.899542,238,1037254656,1,180000.000,126978.616,1082.468
91.361294,26.501372,25.893749,206,1037254656,1,180000.000,126981.538,1082.390
91.385021,23.727126,24.974291,214,1037254656,1,180000.000,126984.192,1082.319
91.411575,26.554000,26.358749,175,1037254656,1,180000.000,126987.148,1082.241
91.437309,25.734000,25.304333,212,1037254656,1,180000.000,126989.961,1082.165
91.462323,25.014374,25.367332,206,1037254656,1,180000.000,126992.788,1082.090
91.488285,25.961541,25.185917,196,1037254656,1,180000.000,126995.629,1082.014
91.512500,24.215292,24.969000,225,1037254656,1,180000.000,126998.357,1081.941
91.537515,25.014333,24.836374,197,1037254656,1,180000.000,127001.142,1081.867
91.563068,25.553875,24.941668,214,1037254656,1,180000.000,127003.955,1081.792
91.587593,24.524502,25.118000,187,1037254656,1,180000.000,127006.691,1081.719
91.612187,24.593789,24.682791,196,1037254656,1,180000.000,127009.437,1081.645
91.637883,25.696501,24.751751,204,1037107200,1,180000.000,127012.223,1081.571
91.662523,24.639752,25.277666,189,1037107200,1,180000.000,127015.034,1081.496
91.688006,25.482748,25.126625,204,1037107200,1,180000.000,127017.830,1081.421
91.713861,25.854919,25.117208,204,1037107200,1,180000.000,127020.709,1081.345
91.739818,25.956959,25.460083,191,1037107200,1,180000.000,127023.580,1081.268
91.763971,24.153791,25.606501,222,1037107200,1,180000.000,127026.307,1081.195
91.788652,24.680417,24.603666,180,1037107200,1,180000.000,127029.035,1081.122
91.813911,25.259458,24.843834,210,1037189120,1,180000.000,127031.835,1081.048
91.838498,24.586372,25.035749,188,1037189120,1,180000.000,127034.584,1080.974
91.864451,25.953170,24.942209,199,1037189120,1,180000.000,127037.439,1080.898
91.888595,24.144705,24.972124,181,1037533184,1,180000.000,127040.148,1080.826
91.914196,25.600709,24.930458,189,1037533184,1,180000.000,127042.972,1080.750
91.940061,25.864791,25.134001,195,1037533184,1,180000.000,127045.833,1080.674
91.964970,24.908751,24.988333,174,1037680640,1,180000.000,127048.611,1080.600
91.990292,25.321834,25.007875,232,1037320192,1,180000.000,127051.395,1080.525
92.019417,29.125001,29.538334,184,1037320192,1,180000.000,127054.665,1080.438
92.043371,23.954622,24.808916,177,1037320192,1,180000.000,127057.338,1080.367
92.068652,25.280792,25.099291,203,1037467648,1,180000.000,127060.152,1080.292
92.093296,24.644416,24.923458,207,1037467648,1,180000.000,127062.889,1080.219
92.118740,25.443751,24.496250,200,1037467648,1,180000.000,127065.698,1080.144
92.143519,24.778958,24.897751,190,1039106048,1,180000.000,127068.416,1080.071
92.168008,24.488833,24.953291,212,1039106048,1,180000.000,127071.200,1079.997
92.193429,25.420960,24.615376,179,1039106048,1,180000.000,127073.992,1079.922
92.218993,25.564499,25.525791,232,1039106048,1,180000.000,127076.831,1079.846
92.244030,25.036208,24.998541,184,1039106048,1,180000.000,127079.603,1079.772
92.268286,24.256293,24.862583,203,1039106048,1,180000.000,127082.339,1079.699
92.294365,26.078913,25.061832,201,1039106048,1,180000.000,127085.202,1079.623
92.318749,24.384376,24.740999,209,1039106048,1,180000.000,127087.924,1079.550
92.344646,25.897041,24.918459,186,1037320192,1,180000.000,127090.743,1079.475
92.369857,25.211167,25.699833,204,1037320192,1,180000.000,127093.626,1079.398
92.397155,27.297709,26.271126,204,1038139392,1,180000.000,127096.610,1079.318
92.421446,24.291292,25.562042,192,1038139392,1,180000.000,127099.331,1079.246
92.446521,25.074791,25.141708,205,1038139392,1,180000.000,127102.112,1079.171
92.472620,26.098333,25.270250,208,1038286848,1,180000.000,127105.025,1079.094
92.497746,25.126375,25.520292,216,1038286848,1,180000.000,127107.822,1079.019
92.523497,25.751125,26.065166,199,1038286848,1,180000.000,127110.691,1078.942
92.548982,25.484625,25.495543,206,1038286848,1,180000.000,127113.522,1078.867
92.574926,25.944792,25.625500,153,1038286848,1,180000.000,127116.382,1078.790
92.599364,24.437584,24.694166,212,1038286848,1,180000.000,127119.129,1078.717
92.625304,25.940083,25.724543,164,1038286848,1,180000.000,127121.980,1078.641
92.650859,25.555208,24.833458,189,1039106048,1,180000.000,127124.782,1078.566
92.675611,24.751667,25.237583,180,1039106048,1,180000.000,127127.573,1078.492
92.701084,25.472958,25.262959,210,1037467648,1,180000.000,127130.354,1078.417
92.725390,24.306376,24.873959,210,1037467648,1,180000.000,127133.128,1078.343
92.751758,26.367210,25.536751,193,1037467648,1,180000.000,127136.015,1078.266
92.777071,25.313333,25.293751,188,1037467648,1,180000.000,127138.848,1078.191
92.801369,24.297915,24.952126,201,1037467648,1,180000.000,127141.551,1078.119
92.828180,26.811458,26.518917,184,1037484032,1,180000.000,127144.526,1078.039
92.853717,25.536586,24.974751,187,1038303232,1,180000.000,127147.331,1077.964
92.878389,24.672292,25.160749,214,1038385152,1,180000.000,127150.125,1077.890
92.903857,25.468040,25.946709,229,1038385152,1,180000.000,127152.932,1077.815
92.931012,27.154874,26.246958,203,1038385152,1,180000.000,127155.949,1077.734
92.956599,25.587000,25.214708,225,1038385152,1,180000.000,127158.798,1077.658
92.983470,26.870877,25.834000,196,1038385152,1,180000.000,127161.792,1077.578
93.007189,23.719501,25.764292,223,1038385152,1,180000.000,127164.438,1077.508
93.033679,26.489664,24.955957,183,1038401536,1,180000.000,127167.383,1077.429
93.058211,24.531752,25.388750,213,1037582336,1,180000.000,127170.042,1077.358
93.083582,25.370914,25.351250,175,1037582336,1,180000.000,127172.900,1077.282
93.108672,25.090210,24.796041,212,1037582336,1,180000.000,127175.694,1077.207
93.132839,24.166543,25.142334,223,1037582336,1,180000.000,127178.404,1077.135
93.158246,25.407165,25.083042,172,1037582336,1,180000.000,127181.183,1077.061
93.184492,26.246123,26.546625,218,1037582336,1,180000.000,127184.142,1076.982
93.210007,25.515128,25.078459,159,1037582336,1,180000.000,127186.955,1076.906
93.234723,24.715997,24.913500,217,1037664256,1,180000.000,127189.713,1076.833
93.261679,26.955586,24.918209,208,1038483456,1,180000.000,127192.669,1076.754
93.285145,23.466539,25.480042,172,1038483456,1,180000.000,127195.324,1076.683
93.309924,24.778835,24.971209,203,1038483456,1,180000.000,127198.074,1076.610
93.337277,27.353290,26.780958,189,1038483456,1,180000.000,127201.120,1076.528
93.362400,25.122751,25.235916,201,1038483456,1,180000.000,127203.887,1076.454
93.387537,25.136791,25.380541,175,1038483456,1,180000.000,127206.701,1076.379
93.413258,25.721461,24.734459,205,1037664256,1,180000.000,127209.490,1076.305
93.437778,24.519622,25.246250,193,1037664256,1,180000.000,127212.280,1076.230
93.462653,24.874877,24.861292,219,1037664256,1,180000.000,127215.047,1076.156
93.488179,25.526583,25.311625,167,1037664256,1,180000.000,127217.878,1076.081
93.513558,25.379248,24.817709,189,1037664256,1,180000.000,127220.656,1076.007
93.539899,26.340041,25.012041,213,1037664256,1,180000.000,127223.608,1075.928
93.563612,23.713667,25.594292,192,1037664256,1,180000.000,127226.255,1075.857
93.589497,25.885083,25.565958,180,1037664256,1,180000.000,127229.139,1075.780
93.615418,25.921129,25.251499,208,1037664256,1,180000.000,127231.965,1075.705
93.641806,26.387956,25.207958,180,1037664256,1,180000.000,127234.930,1075.626
93.665353,23.546334,25.437708,221,1037664256,1,180000.000,127237.556,1075.556
93.690580,25.226958,25.186874,187,1037664256,1,180000.000,127240.374,1075.480
93.715925,25.345791,25.259293,188,1038483456,1,180000.000,127243.176,1075.406
93.741228,25.302332,25.220333,198,1038483456,1,180000.000,127245.984,1075.331
93.767033,25.805209,24.947584,190,1037516800,1,180000.000,127248.796,1075.256
93.792088,25.054794,25.175249,190,1037516800,1,180000.000,127251.627,1075.180
93.817234,25.146540,24.932249,210,1037516800,1,180000.000,127254.402,1075.106
93.842342,25.108166,25.243750,186,1037664256,1,180000.000,127257.210,1075.031
93.867460,25.117625,24.982666,219,1037664256,1,180000.000,127259.982,1074.957
93.893031,25.571167,25.452959,186,1037664256,1,180000.000,127262.839,1074.881
93.916454,23.422711,24.893333,211,1037664256,1,180000.000,127265.465,1074.811
93.946163,29.709414,28.752001,181,1037664256,1,180000.000,127268.748,1074.723
93.970842,24.678126,24.858667,204,1037664256,1,180000.000,127271.506,1074.649
93.996288,25.446627,25.184958,170,1037664256,1,180000.000,127274.320,1074.574
94.021960,25.672123,24.948292,224,1037664256,1,180000.000,127277.148,1074.499
94.046689,24.728458,25.353333,197,1037680640,1,180000.000,127279.919,1074.425
94.072709,26.020084,24.883833,209,1037680640,1,180000.000,127282.788,1074.348
94.097462,24.753626,25.109417,191,1037680640,1,180000.000,127285.564,1074.274
94.123270,25.807373,25.263916,211,1037533184,1,180000.000,127288.369,1074.199
94.147642,24.372209,25.107042,185,1037615104,1,180000.000,127291.130,1074.125
94.173022,25.379751,24.970459,204,1037615104,1,180000.000,127293.944,1074.050
94.197940,24.918374,24.980291,170,1037762560,1,180000.000,127296.718,1073.976
94.223667,25.726710,24.996124,204,1037762560,1,180000.000,127299.565,1073.900
94.248785,25.117707,25.295792,187,1037762560,1,180000.000,127302.370,1073.825
94.273526,24.741210,25.693750,224,1037762560,1,180000.000,127305.138,1073.751
94.299539,26.012834,25.645082,175,1037762560,1,180000.000,127308.007,1073.675
94.325096,25.557082,25.088667,186,1037762560,1,180000.000,127310.837,1073.599
94.349715,24.619456,25.210209,207,1037762560,1,180000.000,127313.587,1073.526
94.375479,25.764294,25.179125,182,1037762560,1,180000.000,127316.428,1073.450
94.400945,25.465123,25.175833,189,1037762560,1,180000.000,127319.279,1073.374
94.424983,24.038084,25.109959,205,1037762560,1,180000.000,127321.971,1073.302
94.451759,26.776332,25.445749,215,1037778944,1,180000.000,127324.921,1073.223
94.477553,25.794044,25.778458,219,1037778944,1,180000.000,127327.739,1073.148
94.502222,24.669290,25.511250,180,1037778944,1,180000.000,127330.538,1073.073
94.527387,25.164377,24.995625,210,1037795328,1,180000.000,127333.333,1072.999
94.553663,26.276249,26.412958,185,1037795328,1,180000.000,127336.258,1072.921
94.579664,26.000958,24.783916,211,1037795328,1,180000.000,127339.150,1072.843
94.602829,23.164667,24.995459,169,1037795328,1,180000.000,127341.729,1072.775
94.630442,27.613457,25.587626,208,1037811712,1,180000.000,127344.769,1072.693
94.655578,25.136210,25.658083,211,1037893632,1,180000.000,127347.582,1072.618
94.680857,25.278416,26.145958,229,1037893632,1,180000.000,127350.394,1072.543
94.707495,26.638832,25.392916,198,1037893632,1,180000.000,127353.336,1072.465
94.731847,24.351250,25.350000,201,1037893632,1,180000.000,127356.072,1072.392
94.758739,26.892375,26.416834,186,1037893632,1,180000.000,127359.029,1072.313
94.784253,25.513917,25.761333,174,1037893632,1,180000.000,127361.878,1072.237
94.810034,25.780458,25.125668,191,1037893632,1,180000.000,127364.730,1072.161
94.834897,24.863083,25.237459,226,1039532032,1,180000.000,127367.425,1072.089
94.861266,26.369251,26.825834,209,1039532032,1,180000.000,127370.442,1072.008
94.922223,60.956832,28.828959,209,1039532032,1,180000.000,127374.033,1071.912
94.923161,0.938125,28.828959,209,1039532032,1,180000.000,127377.354,1071.824
94.941291,18.130500,25.568708,209,1039532032,1,180000.000,127379.318,1071.771
94.967314,26.022751,25.433208,205,1039532032,1,180000.000,127382.198,1071.694
94.992636,25.322292,25.294209,195,1039548416,1,180000.000,127385.014,1071.619
95.017840,25.203500,25.464125,206,1038417920,1,180000.000,127387.757,1071.546
95.042633,24.792958,25.250626,169,1038565376,1,180000.000,127390.571,1071.471
95.067487,24.854209,24.831791,227,1038565376,1,180000.000,127393.362,1071.396
95.092513,25.026415,25.383375,197,1038565376,1,180000.000,127396.115,1071.323
95.119108,26.594292,26.693501,214,1038565376,1,180000.000,127399.096,1071.243
95.146237,27.129419,25.047709,176,1038565376,1,180000.000,127402.106,1071.163
95.169448,23.210749,25.462334,217,1038565376,1,180000.000,127404.687,1071.094
95.196923,27.474750,27.213167,205,1038565376,1,180000.000,127407.744,1071.012
95.222958,26.035376,25.404499,184,1038565376,1,180000.000,127410.587,1070.936
95.249938,26.979789,26.856375,198,1038565376,1,180000.000,127413.635,1070.855
95.275491,25.552876,25.642750,187,1038565376,1,180000.000,127416.439,1070.780
95.300137,24.646793,25.055500,206,1038565376,1,180000.000,127419.210,1070.706
95.325549,25.411125,24.718624,164,1039384576,1,180000.000,127421.976,1070.632
95.350521,24.972457,24.854750,198,1039384576,1,180000.000,127424.784,1070.557
95.375832,25.310792,25.079458,197,1037746176,1,180000.000,127427.556,1070.483
95.400237,24.405207,25.031626,209,1037746176,1,180000.000,127430.322,1070.410
95.425587,25.350209,25.071251,180,1037746176,1,180000.000,127433.111,1070.335
95.450430,24.842665,24.866875,188,1037746176,1,180000.000,127435.897,1070.261
95.475457,25.026709,25.253666,199,1037746176,1,180000.000,127438.680,1070.186
95.503215,27.758334,25.995543,186,1037746176,1,180000.000,127441.755,1070.104
95.527465,24.249706,25.321875,174,1037746176,1,180000.000,127444.434,1070.033
95.552832,25.367294,24.923292,201,1037828096,1,180000.000,127447.257,1069.957
95.577275,24.442583,25.104500,192,1037828096,1,180000.000,127449.972,1069.885
95.602932,25.657665,24.938667,207,1037844480,1,180000.000,127452.832,1069.809
95.628027,25.094960,24.925459,184,1038663680,1,180000.000,127455.593,1069.735
95.653278,25.250457,25.362791,186,1038663680,1,180000.000,127458.422,1069.659
95.678430,25.152251,24.954000,184,1038663680,1,180000.000,127461.204,1069.585
95.704604,26.174501,26.038876,173,1038663680,1,180000.000,127464.120,1069.507
95.729275,24.670459,25.540625,220,1037844480,1,180000.000,127466.810,1069.435
95.755583,26.308540,25.679375,199,1037844480,1,180000.000,127469.794,1069.356
95.779804,24.220582,25.141624,175,1037844480,1,180000.000,127472.509,1069.283
95.805214,25.409583,25.056749,179,1037844480,1,180000.000,127475.331,1069.208
95.830090,24.876293,25.003458,197,1037844480,1,180000.000,127478.095,1069.134
95.855424,25.334332,25.038084,190,1037844480,1,180000.000,127480.900,1069.059
95.880264,24.840251,24.904333,189,1037844480,1,180000.000,127483.668,1068.985
95.906889,26.624627,25.417959,199,1037844480,1,180000.000,127486.601,1068.907
95.932861,25.971539,26.173084,195,1037844480,1,180000.000,127489.470,1068.831
95.958303,25.442835,25.321209,187,1037844480,1,180000.000,127492.312,1068.755
95.984620,26.317041,25.722250,198,1038663680,1,180000.000,127495.182,1068.678
96.010356,25.735624,25.474916,222,1038680064,1,180000.000,127498.097,1068.600
96.035951,25.595292,26.485292,192,1038680064,1,180000.000,127500.925,1068.525
96.061419,25.467582,25.311459,184,1038680064,1,180000.000,127503.769,1068.449
96.087054,25.634669,25.231251,169,1037631488,1,180000.000,127506.552,1068.375
96.111201,24.146914,25.116249,217,1037778944,1,180000.000,127509.310,1068.301
96.137356,26.155543,25.196083,195,1037778944,1,180000.000,127512.218,1068.223
96.162361,25.004834,25.481041,181,1037778944,1,180000.000,127515.013,1068.149
96.187735,25.374290,25.657459,212,1037778944,1,180000.000,127517.831,1068.073
96.214016,26.280377,25.466749,186,1037942784,1,180000.000,127520.722,1067.996
96.238161,24.145499,25.011749,195,1037942784,1,180000.000,127523.423,1067.924
96.266544,28.382834,26.905375,183,1038024704,1,180000.000,127526.570,1067.840
96.290304,23.760043,25.295250,178,1038024704,1,180000.000,127529.230,1067.769
96.316962,26.657749,25.107208,201,1038024704,1,180000.000,127532.177,1067.690
96.340974,24.012208,25.236792,200,1038024704,1,180000.000,127534.860,1067.619
96.367723,26.748624,25.463209,203,1038024704,1,180000.000,127537.820,1067.540
96.391118,23.394961,24.820168,201,1038024704,1,180000.000,127540.432,1067.470
96.416863,25.745165,25.018625,187,1038024704,1,180000.000,127543.271,1067.394
96.442749,25.885917,25.055792,177,1038843904,1,180000.000,127546.074,1067.319
96.466817,24.068333,25.072124,176,1038843904,1,180000.000,127548.844,1067.245
96.492303,25.485709,25.466000,176,1038843904,1,180000.000,127551.657,1067.170
96.517259,24.956666,25.278999,182,1038843904,1,180000.000,127554.452,1067.096
96.543949,26.689209,25.327126,209,1038843904,1,180000.000,127557.374,1067.018
96.569173,25.224999,25.382917,213,1038843904,1,180000.000,127560.188,1066.943
96.593976,24.802335,25.268375,221,1038843904,1,180000.000,127562.968,1066.868
96.620429,26.453290,26.343500,216,1038843904,1,180000.000,127565.912,1066.790
96.646569,26.140336,25.882000,173,1038843904,1,180000.000,127568.771,1066.714
96.671687,25.117997,25.329250,169,1038843904,1,180000.000,127571.579,1066.639
96.696420,24.732918,24.866459,165,1038843904,1,180000.000,127574.317,1066.565
96.722098,25.677584,25.032709,186,1038843904,1,180000.000,127577.176,1066.489
96.746831,24.732918,24.965626,193,1038843904,1,180000.000,127579.958,1066.415
96.774677,27.846206,26.837875,189,1038843904,1,180000.000,127583.028,1066.333
96.799717,25.040127,25.168041,236,1038024704,1,180000.000,127585.745,1066.260
96.824525,24.807956,26.016209,212,1038024704,1,180000.000,127588.584,1066.185
96.849793,25.267627,25.498751,200,1038024704,1,180000.000,127591.394,1066.110
96.876259,26.466042,25.455875,203,1038024704,1,180000.000,127594.313,1066.032
96.901962,25.703542,25.300501,179,1038024704,1,180000.000,127597.173,1065.955
96.927691,25.728207,25.988916,221,1038024704,1,180000.000,127600.045,1065.879
96.952774,25.083873,26.171917,175,1038024704,1,180000.000,127602.821,1065.804
96.978074,25.299918,24.817625,196,1038024704,1,180000.000,127605.628,1065.730
97.002664,24.590041,25.114500,206,1038024704,1,180000.000,127608.379,1065.656
97.029739,27.074918,26.902166,221,1038024704,1,180000.000,127611.391,1065.576
97.055218,25.478415,25.379749,194,1038024704,1,180000.000,127614.217,1065.500
97.080515,25.297083,25.084291,188,1038024704,1,180000.000,127617.029,1065.425
97.105892,25.377251,25.254833,190,1038024704,1,180000.000,127619.828,1065.350
97.132582,26.690084,26.839209,171,1038024704,1,180000.000,127622.807,1065.271
97.158743,26.160497,25.219250,195,1038057472,1,180000.000,127625.639,1065.195
97.184583,25.840711,26.821667,193,1038057472,1,180000.000,127628.596,1065.116
97.211114,26.530873,25.189709,188,1038057472,1,180000.000,127631.506,1065.039
97.234778,23.663875,24.903376,202,1038057472,1,180000.000,127634.167,1064.968
97.259742,24.963874,24.665125,178,1038057472,1,180000.000,127636.922,1064.894
97.284812,25.070127,24.910000,200,1038057472,1,180000.000,127639.714,1064.820
97.309316,24.503998,25.093250,195,1038057472,1,180000.000,127642.451,1064.747
97.337027,27.711127,26.496500,165,1038057472,1,180000.000,127645.499,1064.665
97.362605,25.577541,24.979250,185,1038057472,1,180000.000,127648.340,1064.589
97.387068,24.462707,25.604792,189,1038057472,1,180000.000,127651.092,1064.516
97.412108,25.040291,25.021708,209,1038057472,1,180000.000,127653.865,1064.442
97.438594,26.486125,25.897791,195,1038057472,1,180000.000,127656.790,1064.364
97.463245,24.651460,24.864166,168,1038057472,1,180000.000,127659.525,1064.291
97.488479,25.233623,25.083208,209,1038057472,1,180000.000,127662.345,1064.215
97.514384,25.904961,25.060209,188,1038729216,1,180000.000,127665.135,1064.141
97.539270,24.886124,25.304667,198,1038729216,1,180000.000,127668.006,1064.064
97.564143,24.873290,25.637917,175,1038729216,1,180000.000,127670.759,1063.991
97.590533,26.389834,25.197792,201,1038729216,1,180000.000,127673.676,1063.913
97.615555,25.022086,25.310291,193,1038729216,1,180000.000,127676.434,1063.839
97.641430,25.874790,25.181999,183,1038729216,1,180000.000,127679.333,1063.762
97.666394,24.963543,25.719959,171,1038729216,1,180000.000,127682.079,1063.689
97.690687,24.293084,25.065374,214,1038729216,1,180000.000,127684.826,1063.615
97.717508,26.821248,25.650291,189,1038729216,1,180000.000,127687.744,1063.537
97.742454,24.946041,25.180374,184,1038729216,1,180000.000,127690.553,1063.462
97.768981,26.526667,25.483458,202,1038729216,1,180000.000,127693.493,1063.384
97.794531,25.550626,26.108791,208,1038745600,1,180000.000,127696.336,1063.308
97.819266,24.735168,25.313749,158,1038745600,1,180000.000,127699.084,1063.235
97.844121,24.854247,25.076876,220,1038745600,1,180000.000,127701.875,1063.160
97.869875,25.754210,25.051125,178,1037926400,1,180000.000,127704.657,1063.086
97.894215,24.340335,25.091791,219,1037926400,1,180000.000,127707.447,1063.011
97.919571,25.355373,25.310625,195,1037926400,1,180000.000,127710.260,1062.936
97.945361,25.789876,25.144209,186,1038073856,1,180000.000,127713.096,1062.861
97.971255,25.894750,25.159542,226,1038073856,1,180000.000,127715.967,1062.784
97.997265,26.009377,25.499125,183,1039073280,1,180000.000,127718.857,1062.707
98.022296,25.031455,25.577625,187,1039073280,1,180000.000,127721.610,1062.633
98.047177,24.880793,25.227083,178,1039073280,1,180000.000,127724.413,1062.558
98.072467,25.290210,24.985001,170,1039073280,1,180000.000,127727.207,1062.484
98.097240,24.772875,25.012625,208,1039073280,1,180000.000,127729.998,1062.409
98.122222,24.981957,25.414583,198,1040711680,1,180000.000,127732.753,1062.336
98.148331,26.109375,25.439959,196,1040728064,1,180000.000,127735.653,1062.258
98.173584,25.252417,25.180374,188,1040728064,1,180000.000,127738.440,1062.184
98.198961,25.376834,25.116209,203,1040728064,1,180000.000,127741.276,1062.108
98.224791,25.830541,25.225000,208,1037893632,1,180000.000,127744.077,1062.034
98.248893,24.101999,24.869959,195,1037893632,1,180000.000,127746.858,1061.959
98.275113,26.220087,26.009167,190,1037893632,1,180000.000,127749.723,1061.883
98.299505,24.391748,25.196251,203,1037893632,1,180000.000,127752.477,1061.809
98.326099,26.594542,25.407459,196,1037893632,1,180000.000,127755.412,1061.731
98.349978,23.879040,24.776875,216,1037893632,1,180000.000,127758.086,1061.660
98.375761,25.782626,25.161875,178,1038729216,1,180000.000,127760.899,1061.584
98.401204,25.443252,25.832251,187,1038729216,1,180000.000,127763.779,1061.508
98.427730,26.525497,25.802708,185,1038729216,1,180000.000,127766.699,1061.430
98.453205,25.474835,26.670166,190,1038729216,1,180000.000,127769.552,1061.353
98.479570,26.365459,25.443167,165,1038729216,1,180000.000,127772.437,1061.276
98.504685,25.114749,25.060333,187,1038729216,1,180000.000,127775.246,1061.201
98.530908,26.223291,25.295834,193,1038745600,1,180000.000,127778.159,1061.124
98.554410,23.501877,24.929916,217,1038745600,1,180000.000,127780.790,1061.053
98.579804,25.393624,25.188709,188,1037926400,1,180000.000,127783.543,1060.980
98.607307,27.503043,26.553667,219,1037926400,1,180000.000,127786.646,1060.897
98.632192,24.884872,25.366959,156,1037926400,1,180000.000,127789.393,1060.824
98.657341,25.149167,25.068624,199,1037926400,1,180000.000,127792.208,1060.749
98.681846,24.505585,24.986250,192,1038745600,1,180000.000,127794.908,1060.677
98.709120,27.273666,26.428583,223,1038745600,1,180000.000,127797.962,1060.595
98.734299,25.178500,24.878292,197,1038745600,1,180000.000,127800.729,1060.521
98.759705,25.406625,25.921875,195,1038745600,1,180000.000,127803.600,1060.445
98.785187,25.482040,25.112417,204,1038745600,1,180000.000,127806.405,1060.370
98.810085,24.897750,25.285667,186,1038745600,1,180000.000,127809.185,1060.295
98.835891,25.805544,25.701374,191,1038745600,1,180000.000,127812.011,1060.220
98.859961,24.070207,24.991333,204,1038745600,1,180000.000,127814.749,1060.147
98.885803,25.842041,25.167999,180,1040384000,1,180000.000,127817.574,1060.071
98.910853,25.050584,24.911375,172,1040384000,1,180000.000,127820.377,1059.997
98.936008,25.154833,24.872917,218,1039482880,1,180000.000,127823.106,1059.924
98.963483,27.474377,27.086374,204,1039482880,1,180000.000,127826.227,1059.840
98.988363,24.880081,25.197042,181,1039482880,1,180000.000,127828.978,1059.767
99.013021,24.658710,25.375416,185,1039482880,1,180000.000,127831.757,1059.693
99.038343,25.321789,25.110332,197,1039482880,1,180000.000,127834.556,1059.618
99.066111,27.768042,26.754833,182,1039482880,1,180000.000,127837.630,1059.536
99.090924,24.812877,25.429375,174,1039482880,1,180000.000,127840.376,1059.463
99.117336,26.411623,26.741667,216,1039482880,1,180000.000,127843.348,1059.383
99.143650,26.314002,25.150333,174,1039482880,1,180000.000,127846.225,1059.307
99.167221,23.571625,24.824375,215,1039482880,1,180000.000,127848.866,1059.236
99.193959,26.737332,26.004791,186,1039482880,1,180000.000,127851.813,1059.157
99.218654,24.695292,25.001959,199,1039482880,1,180000.000,127854.598,1059.083
99.244128,25.473665,24.874001,196,1039482880,1,180000.000,127857.424,1059.008
99.270552,26.424628,26.358500,199,1039482880,1,180000.000,127860.345,1058.930
99.296277,25.724791,25.105249,173,1039335424,1,180000.000,127863.120,1058.856
99.320795,24.517667,25.045250,181,1039499264,1,180000.000,127865.933,1058.780
99.345554,24.759706,25.292542,228,1039499264,1,180000.000,127868.701,1058.707
99.371555,26.000917,25.353916,182,1039499264,1,180000.000,127871.568,1058.630
99.395926,24.370417,25.016001,208,1039499264,1,180000.000,127874.293,1058.557
99.421449,25.523208,25.326124,202,1039499264,1,180000.000,127877.135,1058.481
99.447455,26.006211,25.186666,177,1039499264,1,180000.000,127879.981,1058.405
99.471725,24.269499,25.143208,203,1039499264,1,180000.000,127882.728,1058.332
99.497969,26.244543,25.068083,183,1039499264,1,180000.000,127885.585,1058.256
99.523495,25.525663,25.529959,177,1039499264,1,180000.000,127888.445,1058.179
99.548635,25.140252,25.157249,191,1039499264,1,180000.000,127891.223,1058.105
99.574498,25.862623,25.343458,200,1039499264,1,180000.000,127894.127,1058.028
99.601351,26.853375,26.140583,177,1039499264,1,180000.000,127897.086,1057.949
99.624492,23.140877,25.765375,206,1039499264,1,180000.000,127899.700,1057.879
99.652755,28.262999,26.008499,205,1039269888,1,180000.000,127902.720,1058.129
99.677267,24.512377,25.215626,168,1039269888,1,180000.000,127905.533,1058.157
99.701667,24.399750,25.100584,212,1039269888,1,180000.000,127908.270,1058.184
99.727608,25.941249,25.255793,181,1039269888,1,180000.000,127911.137,1058.212
99.752706,25.097832,25.331417,174,1039269888,1,180000.000,127913.917,1058.239
99.777940,25.234126,24.953875,215,1039269888,1,180000.000,127916.748,1058.267
99.803905,25.964249,25.411959,184,1039269888,1,180000.000,127919.583,1058.295
99.828863,24.958417,26.029417,215,1039269888,1,180000.000,127922.374,1058.322
99.856944,28.080791,26.499874,176,1037631488,1,180000.000,127925.439,1058.352
99.882556,25.612459,25.328833,205,1037778944,1,180000.000,127928.362,1058.381
99.907711,25.155250,25.307125,218,1037778944,1,180000.000,127931.140,1058.408
99.931921,24.209168,24.926958,198,1037778944,1,180000.000,127933.834,1058.435
99.956974,25.053669,25.442917,181,1037778944,1,180000.000,127936.615,1058.462
99.982342,25.368039,24.961334,185,1037778944,1,180000.000,127939.433,1058.490
100.008691,26.349127,25.153917,175,1039335424,1,180000.000,127942.282,1058.518
100.032450,23.758914,25.106041,220,1039335424,1,180000.000,127945.031,1058.545
100.059597,27.146377,26.049334,198,1039335424,1,180000.000,127947.988,1058.574
100.085326,25.728833,26.605291,204,1039335424,1,180000.000,127950.891,1058.602
100.112318,26.992418,26.474083,189,1039335424,1,180000.000,127953.865,1058.632
100.137879,25.561374,25.073584,205,1039335424,1,180000.000,127956.709,1058.660
100.162454,24.575084,25.919958,192,1039335424,1,180000.000,127959.460,1058.687
100.188977,26.522957,25.234751,189,1039335424,1,180000.000,127962.388,1058.715
100.214072,25.094833,25.140959,174,1039335424,1,180000.000,127965.176,1058.743
100.239335,25.262292,25.996708,197,1039335424,1,180000.000,127968.003,1058.771
100.266658,27.323749,26.207083,195,1039335424,1,180000.000,127971.031,1058.800
100.290622,23.964126,25.035542,234,1039335424,1,180000.000,127973.706,1058.827
100.316561,25.938377,25.233625,181,1039335424,1,180000.000,127976.559,1058.855
100.341423,24.862584,25.450041,191,1039335424,1,180000.000,127979.354,1058.882
100.369252,27.828250,26.299500,205,1040973824,1,180000.000,127982.341,1058.912
100.393619,24.366956,26.276501,186,1040973824,1,180000.000,127985.158,1058.939
100.419983,26.364416,25.566042,174,1040973824,1,180000.000,127988.040,1058.968
100.445467,25.483750,25.089333,175,1040973824,1,180000.000,127990.890,1058.996
100.471348,25.880836,25.085793,208,1040973824,1,180000.000,127993.755,1059.024
100.495295,23.947500,25.034542,198,1040973824,1,180000.000,127996.449,1059.050
100.521083,25.787417,25.967709,193,1040973824,1,180000.000,127999.258,1059.078
100.547587,26.504748,25.901291,192,1040973824,1,180000.000,128002.235,1059.107
100.573813,26.225708,25.217209,170,1040973824,1,180000.000,128005.129,1059.022
100.597900,24.086669,25.788292,163,1040973824,1,180000.000,128007.848,1058.942
100.623472,25.572747,25.262875,192,1040973824,1,180000.000,128010.696,1058.858
100.650357,26.885085,26.221708,170,1040973824,1,180000.000,128013.654,1058.770
100.675431,25.073543,25.696541,196,1040973824,1,180000.000,128016.429,1058.689
100.701416,25.984999,25.864792,196,1040973824,1,180000.000,128019.357,1058.602
100.727706,26.290458,25.099667,199,1038368768,1,180000.000,128022.175,1058.519
100.752586,24.879541,25.220791,172,1038336000,1,180000.000,128025.014,1058.436
100.778716,26.129834,25.938457,204,1038336000,1,180000.000,128027.905,1058.350
100.802869,24.153583,25.405958,176,1038483456,1,180000.000,128030.621,1058.270
100.828053,25.183376,24.781292,206,1039302656,1,180000.000,128033.370,1058.189
100.854744,26.691165,26.084291,194,1039302656,1,180000.000,128036.360,1058.101
100.878819,24.074875,24.925875,166,1039302656,1,180000.000,128039.064,1058.021
100.903741,24.921920,24.478251,223,1039302656,1,180000.000,128041.804,1057.940
100.930827,27.086206,27.159958,172,1039302656,1,180000.000,128044.843,1057.851
100.955836,25.009416,25.156958,182,1039302656,1,180000.000,128047.622,1057.769
100.980971,25.134750,25.089375,179,1039302656,1,180000.000,128050.407,1057.687
101.006063,25.091417,25.043751,201,1039302656,1,180000.000,128053.186,1057.605
101.034104,28.041668,27.961082,175,1039302656,1,180000.000,128056.316,1057.513
101.061426,27.322043,27.106167,164,1039319040,1,180000.000,128059.341,1057.423
101.087521,26.094750,25.859333,197,1039171584,1,180000.000,128062.151,1057.341
101.113981,26.459873,26.298334,180,1039171584,1,180000.000,128065.194,1057.251
101.138947,24.965793,25.520958,177,1039171584,1,180000.000,128067.948,1057.170
101.164843,25.896460,25.118208,166,1039171584,1,180000.000,128070.818,1057.085
101.190843,25.999665,25.562500,187,1039187968,1,180000.000,128073.694,1057.000
101.217204,26.361126,26.028959,193,1039187968,1,180000.000,128076.640,1056.913
101.242677,25.472831,26.069334,186,1039187968,1,180000.000,128079.491,1056.829
101.268249,25.572333,26.318624,195,1039187968,1,180000.000,128082.300,1056.746
101.293616,25.366876,25.316250,177,1039187968,1,180000.000,128085.155,1056.662
101.319927,26.310958,25.389875,202,1039187968,1,180000.000,128088.055,1056.577
101.343834,23.906916,24.595583,201,1039187968,1,180000.000,128090.728,1056.498
101.370728,26.894458,26.663542,195,1039187968,1,180000.000,128093.725,1056.410
101.396535,25.806461,25.500334,195,1039187968,1,180000.000,128096.553,1056.326
101.423276,26.741125,26.174791,191,1039335424,1,180000.000,128099.531,1056.238
101.449179,25.903415,25.150291,180,1040154624,1,180000.000,128102.312,1056.156
101.475038,25.859043,26.666458,188,1040400384,1,180000.000,128105.282,1056.069
101.500409,25.370333,25.665501,195,1040416768,1,180000.000,128108.112,1055.985
101.527976,27.567539,26.488125,186,1040416768,1,180000.000,128111.162,1055.895
101.552951,24.974376,25.454374,199,1040416768,1,180000.000,128113.926,1055.814
101.577437,24.486165,25.409666,195,1040416768,1,180000.000,128116.693,1055.732
101.603426,25.989085,25.309917,189,1040416768,1,180000.000,128119.533,1055.649
101.627947,24.521582,25.054958,203,1040416768,1,180000.000,128122.305,1055.567
101.653411,25.463168,25.545750,209,1040416768,1,180000.000,128125.128,1055.484
101.679441,26.030667,25.778959,166,1040416768,1,180000.000,128128.021,1055.398
101.705776,26.334416,25.274208,194,1040416768,1,180000.000,128130.893,1055.314
101.731282,25.506042,26.163250,175,1040416768,1,180000.000,128133.782,1055.228
101.758742,27.459957,25.889791,203,1040416768,1,180000.000,128136.787,1055.140
101.785688,26.946418,27.234041,187,1040416768,1,180000.000,128139.786,1055.051
101.810681,24.992626,26.046041,199,1037959168,1,180000.000,128142.532,1054.970
101.837493,26.812498,26.297333,212,1037959168,1,180000.000,128145.581,1054.881
101.863574,26.080418,25.478624,205,1039597568,1,180000.000,128148.394,1054.798
101.890428,26.853874,26.105042,186,1039581184,1,180000.000,128151.426,1054.708
101.917748,27.320918,27.167917,184,1039597568,1,180000.000,128154.447,1054.619
101.943480,25.731999,27.921791,200,1039581184,1,180000.000,128157.360,1054.533
101.972815,29.334627,27.665625,214,1039564800,1,180000.000,128160.576,1054.438
101.997877,25.062289,25.315916,167,1039564800,1,180000.000,128163.368,1054.356
102.023845,25.967624,25.497250,172,1039564800,1,180000.000,128166.257,1054.271
102.049153,25.308419,25.340458,160,1039564800,1,180000.000,128169.073,1054.188
102.075022,25.869083,25.171459,207,1041203200,1,180000.000,128171.879,1054.105
102.098820,23.797791,25.468416,194,1041203200,1,180000.000,128174.616,1054.024
102.124679,25.858335,25.034082,210,1041219584,1,180000.000,128177.461,1053.941
102.149670,24.991415,24.800459,169,1041219584,1,180000.000,128180.269,1053.858
102.174274,24.604291,24.954334,203,1039581184,1,180000.000,128182.913,1053.780
102.200229,25.954209,25.426958,204,1039581184,1,180000.000,128185.863,1053.693
102.225454,25.225833,25.465292,198,1039581184,1,180000.000,128188.655,1053.611
102.250105,24.650667,25.303959,191,1039581184,1,180000.000,128191.426,1053.529
102.276529,26.424333,25.424625,190,1039581184,1,180000.000,128194.323,1053.443
102.300186,23.656625,25.048458,202,1039581184,1,180000.000,128196.997,1053.365
102.326469,26.282750,25.789917,201,1039581184,1,180000.000,128199.910,1053.279
102.352671,26.202668,25.802584,201,1039581184,1,180000.000,128202.808,1053.193
102.378391,25.719833,25.624374,181,1039581184,1,180000.000,128205.675,1053.103
102.404986,26.594874,26.458000,186,1039581184,1,180000.000,128208.615,1053.011
102.429853,24.867211,25.509125,154,1039581184,1,180000.000,128211.391,1052.923
102.456702,26.848916,25.894417,157,1039581184,1,180000.000,128214.352,1052.830
102.482168,25.466248,25.126333,185,1040400384,1,180000.000,128217.135,1052.743
102.507554,25.385667,25.706125,193,1040400384,1,180000.000,128220.015,1052.652
102.533415,25.860917,25.275249,193,1037860864,1,180000.000,128222.865,1052.563
102.559814,26.398834,26.957708,191,1037860864,1,180000.000,128225.818,1052.470
102.584837,25.023293,25.276833,172,1037860864,1,180000.000,128228.574,1052.383
102.609953,25.115456,25.134459,163,1037860864,1,180000.000,128231.387,1052.295
102.635067,25.114376,25.062166,182,1039499264,1,180000.000,128234.156,1052.208
102.661946,26.878543,26.405666,170,1039499264,1,180000.000,128237.172,1052.113
102.687902,25.956456,25.285875,178,1039499264,1,180000.000,128240.013,1052.024
102.713230,25.327668,25.498083,186,1039499264,1,180000.000,128242.858,1051.934
102.738632,25.402375,25.566376,200,1039499264,1,180000.000,128245.681,1051.845
102.764510,25.878169,26.000834,179,1039499264,1,180000.000,128248.561,1051.755
102.788121,23.611039,24.836416,166,1039499264,1,180000.000,128251.205,1051.672
102.814811,26.689876,25.647291,162,1039499264,1,180000.000,128254.143,1051.579
102.840856,26.045084,25.168333,185,1040318464,1,180000.000,128257.009,1051.489
102.865411,24.554458,24.926332,207,1040318464,1,180000.000,128259.776,1051.402
102.890877,25.465958,25.149042,163,1038532608,1,180000.000,128262.527,1051.316
102.915873,24.996668,25.091999,184,1038680064,1,180000.000,128265.378,1051.226
102.939736,23.862667,25.141209,194,1038680064,1,180000.000,128268.058,1051.142
102.968086,28.350499,26.585917,198,1038680064,1,180000.000,128271.203,1051.043
102.993376,25.289793,25.175501,172,1039499264,1,180000.000,128273.959,1050.956
103.017395,24.018332,25.401167,186,1039499264,1,180000.000,128276.687,1050.871
103.042397,25.002375,25.150291,172,1039499264,1,180000.000,128279.455,1050.784
103.069575,27.178541,27.401751,202,1039499264,1,180000.000,128282.482,1050.689
103.097502,27.926583,26.754833,174,1039499264,1,180000.000,128285.539,1050.592
103.123582,26.080251,25.299000,201,1039499264,1,180000.000,128288.451,1050.501
103.148867,25.285043,25.465626,196,1040318464,1,180000.000,128291.212,1050.414
103.174064,25.196582,25.536833,178,1040318464,1,180000.000,128294.064,1050.324
103.198438,24.374209,24.931000,187,1040318464,1,180000.000,128296.781,1050.239
103.223925,25.486585,25.663416,204,1040318464,1,180000.000,128299.633,1050.149
103.249764,25.839083,24.573792,186,1037713408,1,180000.000,128302.415,1050.062
103.275536,25.772166,25.495125,174,1037713408,1,180000.000,128305.344,1049.970
103.300074,24.538085,25.406376,182,1037729792,1,180000.000,128308.041,1049.885
103.325141,25.067374,25.304583,177,1037877248,1,180000.000,128310.866,1049.796
103.351050,25.908459,25.164833,211,1037877248,1,180000.000,128313.720,1049.707
103.375690,24.640083,25.363625,180,1037877248,1,180000.000,128316.494,1049.619
103.400429,24.738707,25.009041,197,1038696448,1,180000.000,128319.186,1049.535
103.428099,27.669918,26.383833,170,1038778368,1,180000.000,128322.288,1049.437
103.452086,23.987375,25.068251,180,1039597568,1,180000.000,128324.965,1049.353
103.478004,25.918417,25.294916,181,1039597568,1,180000.000,128327.839,1049.263
103.502174,24.169248,25.002501,172,1039597568,1,180000.000,128330.548,1049.178
103.527778,25.604125,25.422501,184,1039597568,1,180000.000,128333.393,1049.088
103.554161,26.383251,25.365791,173,1039597568,1,180000.000,128336.289,1048.997
103.578976,24.814710,25.613041,199,1039597568,1,180000.000,128339.065,1048.910
103.606274,27.298540,26.364000,200,1038630912,1,180000.000,128342.020,1048.817
103.632460,26.185919,26.109417,196,1038778368,1,180000.000,128345.024,1048.722
103.657452,24.992000,25.598333,177,1039597568,1,180000.000,128347.774,1048.636
103.683981,26.528414,26.045792,189,1039613952,1,180000.000,128350.750,1048.542
103.709836,25.855836,25.281084,186,1040433152,1,180000.000,128353.531,1048.455
103.735064,25.227956,25.348042,171,1040433152,1,180000.000,128356.404,1048.365
103.760301,25.236543,25.166124,203,1040433152,1,180000.000,128359.183,1048.277
103.785531,25.229789,25.402124,191,1040433152,1,180000.000,128362.004,1048.189
103.810664,25.133416,25.016251,191,1040433152,1,180000.000,128364.789,1048.101
103.835324,24.659876,25.281666,193,1040433152,1,180000.000,128367.567,1048.014
103.860249,24.924751,25.264166,204,1040433152,1,180000.000,128370.326,1047.927
103.885973,25.724292,24.836624,180,1040433152,1,180000.000,128373.170,1047.838
103.910309,24.335623,25.023293,198,1040433152,1,180000.000,128375.882,1047.752
103.936139,25.830418,25.335917,175,1040433152,1,180000.000,128378.769,1047.662
103.963459,27.319375,25.557083,216,1041088512,1,180000.000,128381.711,1047.569
103.988912,25.453251,27.349167,195,1041088512,1,180000.000,128384.618,1047.478
104.015155,26.243206,25.522417,181,1041088512,1,180000.000,128387.500,1047.387
104.039817,24.661750,25.356625,171,1041088512,1,180000.000,128390.288,1047.300
104.066049,26.232585,25.332375,180,1041088512,1,180000.000,128393.155,1047.209
104.090590,24.540957,25.421833,190,1041170432,1,180000.000,128395.924,1047.122
104.115511,24.920583,24.627167,217,1041170432,1,180000.000,128398.691,1047.035
104.141451,25.940627,25.247667,185,1041252352,1,180000.000,128401.546,1046.946
104.167562,26.110083,25.908709,155,1041252352,1,180000.000,128404.445,1046.860
104.192188,24.626043,25.658251,215,1041252352,1,180000.000,128407.205,1046.779
104.219271,27.082916,25.517084,198,1041252352,1,180000.000,128410.192,1046.691
104.244006,24.735376,25.681959,184,1041252352,1,180000.000,128412.973,1046.609
104.269656,25.650080,25.963333,195,1041252352,1,180000.000,128415.815,1046.525
104.295936,26.279919,25.162834,177,1041252352,1,180000.000,128418.721,1046.440
104.320319,24.383582,25.030500,187,1039466496,1,180000.000,128421.373,1046.362
104.346453,26.133627,24.940750,169,1039630336,1,180000.000,128424.345,1046.274
104.369992,23.539081,25.221125,212,1039630336,1,180000.000,128426.955,1046.197
104.398122,28.129626,26.852417,171,1039630336,1,180000.000,128430.072,1046.105
104.424556,26.433960,25.463625,175,1041268736,1,180000.000,128432.992,1046.019
104.447990,23.434039,24.945999,154,1041268736,1,180000.000,128435.628,1045.942
104.474353,26.363418,25.535707,184,1041268736,1,180000.000,128438.522,1045.856
104.498344,23.990668,25.015959,155,1041268736,1,180000.000,128441.235,1045.776
104.524531,26.186872,25.358749,194,1041268736,1,180000.000,128444.135,1045.691
104.550638,26.107211,26.675667,180,1041268736,1,180000.000,128447.047,1045.605
104.576458,25.819916,24.695084,200,1041268736,1,180000.000,128449.874,1045.522
104.600979,24.521165,24.736834,162,1041268736,1,180000.000,128452.621,1045.441
104.625652,24.673294,24.729166,184,1041268736,1,180000.000,128455.340,1045.361
104.650515,24.862375,25.075708,160,1041268736,1,180000.000,128458.100,1045.280
104.677796,27.281333,25.915209,176,1037844480,1,180000.000,128461.078,1045.192
104.702409,24.613332,25.405458,180,1037844480,1,180000.000,128463.906,1045.109
104.729662,27.252749,26.702791,172,1037844480,1,180000.000,128466.888,1045.021
104.754374,24.711460,25.632542,205,1042776064,1,180000.000,128469.601,1044.941
104.781602,27.228750,26.577457,172,1043546112,1,180000.000,128472.632,1044.852
104.806948,25.345292,25.266624,181,1043546112,1,180000.000,128475.492,1044.767
104.832307,25.359459,24.947124,175,1046003712,1,180000.000,128478.251,1044.686
104.857549,25.242414,25.429916,188,1046003712,1,180000.000,128481.113,1044.602
104.882748,25.198627,24.971292,185,1046003712,1,180000.000,128483.903,1044.520
104.907903,25.154833,25.867001,187,1046003712,1,180000.000,128486.711,1044.437
104.933216,25.312666,24.987875,152,1046003712,1,180000.000,128489.499,1044.355
104.958808,25.592752,25.265625,187,1046151168,1,180000.000,128492.364,1044.270
104.983424,24.615914,25.217417,192,1046151168,1,180000.000,128495.091,1044.190
105.010964,27.539585,27.119499,168,1046151168,1,180000.000,128498.164,1044.099
105.037116,26.152000,25.308750,178,1039990784,1,180000.000,128500.998,1044.016
105.060861,23.745209,25.152750,183,1039990784,1,180000.000,128503.710,1043.936
105.088552,27.691290,26.893583,179,1039990784,1,180000.000,128506.758,1043.846
105.112781,24.228293,25.340458,181,1039990784,1,180000.000,128509.496,1043.766
105.141142,28.360959,26.893126,176,1039990784,1,180000.000,128512.597,1043.674
105.166102,24.960123,25.136959,183,1040138240,1,180000.000,128515.403,1043.592
105.192005,25.903542,26.056875,182,1040138240,1,180000.000,128518.309,1043.506
105.218062,26.056875,26.118626,157,1040138240,1,180000.000,128521.174,1043.422
105.242468,24.406169,24.998459,181,1040138240,1,180000.000,128523.902,1043.341
105.268845,26.376832,25.559668,192,1040138240,1,180000.000,128526.820,1043.255
105.294113,25.267750,25.195457,180,1040138240,1,180000.000,128529.603,1043.173
105.319424,25.311124,25.352291,177,1040138240,1,180000.000,128532.438,1043.090
105.344831,25.407251,24.993542,178,1040138240,1,180000.000,128535.245,1043.007
105.370035,25.203999,25.489292,208,1040138240,1,180000.000,128538.070,1042.924
105.394797,24.761252,24.930916,184,1039319040,1,180000.000,128540.775,1042.844
105.420919,26.122790,26.097834,210,1039319040,1,180000.000,128543.733,1042.757
105.448893,27.974002,26.666542,176,1040138240,1,180000.000,128546.780,1042.667
105.474416,25.522623,26.102417,177,1040138240,1,180000.000,128549.654,1042.583
105.500081,25.665000,25.329166,191,1040138240,1,180000.000,128552.490,1042.499
105.525508,25.427084,25.996124,169,1040138240,1,180000.000,128555.333,1042.415
105.550836,25.327750,25.097376,194,1040957440,1,180000.000,128558.113,1042.333
105.576107,25.271084,25.409750,168,1040957440,1,180000.000,128560.958,1042.250
105.601243,25.136542,25.164207,180,1040957440,1,180000.000,128563.732,1042.168
105.626919,25.675915,25.331459,191,1040957440,1,180000.000,128566.619,1042.083
105.651547,24.627294,24.724583,184,1040957440,1,180000.000,128569.323,1042.003
105.677567,26.019916,25.946041,175,1040973824,1,180000.000,128572.258,1041.917
105.703453,25.886625,26.174917,188,1040973824,1,180000.000,128575.096,1041.833
105.728443,24.989542,25.508333,182,1040973824,1,180000.000,128577.897,1041.751
105.754390,25.946874,25.239876,186,1040007168,1,180000.000,128580.708,1041.668
105.778846,24.456542,25.166416,187,1040154624,1,180000.000,128583.504,1041.586
105.804192,25.345918,25.087292,186,1041793024,1,180000.000,128586.292,1041.503
105.830508,26.316039,25.663208,185,1041793024,1,180000.000,128589.231,1041.417
105.855493,24.985291,25.020542,179,1041825792,1,180000.000,128592.014,1041.335
105.883040,27.546626,27.629375,199,1041825792,1,180000.000,128595.084,1041.244
105.909455,26.415460,25.869709,197,1041842176,1,180000.000,128597.985,1041.159
105.934125,24.669793,25.395042,171,1041842176,1,180000.000,128600.735,1041.078
105.958601,24.475750,24.950916,183,1041842176,1,180000.000,128603.479,1040.992
105.983899,25.297791,24.911041,186,1041842176,1,180000.000,128606.295,1040.903
106.008658,24.758875,25.143084,189,1041842176,1,180000.000,128609.040,1040.817
106.035465,26.807375,25.648333,210,1041842176,1,180000.000,128612.001,1040.724
106.061151,25.685500,25.243958,165,1042661376,1,180000.000,128614.796,1040.636
106.084668,23.517124,25.148624,183,1042661376,1,180000.000,128617.483,1040.552
106.110916,26.248831,25.275833,162,1040056320,1,180000.000,128620.328,1040.463
106.135603,24.686918,25.073792,195,1040203776,1,180000.000,128623.146,1040.374
106.162168,26.564293,25.853666,214,1041022976,1,180000.000,128626.045,1040.283
106.188763,26.595708,26.898167,171,1041022976,1,180000.000,128629.033,1040.189
106.214034,25.270332,24.818666,176,1041022976,1,180000.000,128631.831,1040.101
106.239469,25.435627,25.187876,174,1041022976,1,180000.000,128634.663,1040.012
106.264940,25.470626,25.204792,208,1041022976,1,180000.000,128637.496,1039.923
106.288749,23.809332,25.126209,186,1041022976,1,180000.000,128640.164,1039.840
106.313980,25.231000,25.263124,192,1041022976,1,180000.000,128642.966,1039.752
106.340559,26.578501,25.273624,180,1041022976,1,180000.000,128645.897,1039.659
106.364916,24.357334,24.870874,193,1041022976,1,180000.000,128648.618,1039.574
106.390427,25.510706,25.175417,179,1041022976,1,180000.000,128651.435,1039.486
106.414082,23.655169,24.836166,198,1041022976,1,180000.000,128654.092,1039.402
106.442405,28.322581,26.844376,184,1041022976,1,180000.000,128657.211,1039.304
106.467220,24.815295,25.192375,169,1040056320,1,180000.000,128659.921,1039.219
106.492852,25.631789,25.361750,166,1040203776,1,180000.000,128662.817,1039.128
106.518314,25.462043,24.862499,180,1044299776,1,180000.000,128665.594,1039.041
106.543124,24.810541,25.976126,193,1044299776,1,180000.000,128668.433,1038.952
106.569574,26.450042,25.546667,190,1044299776,1,180000.000,128671.317,1038.861
106.594642,25.067210,25.252583,168,1044299776,1,180000.000,128674.130,1038.773
106.619572,24.930708,25.409876,177,1044299776,1,180000.000,128676.898,1038.686
106.645041,25.469247,25.263208,169,1044299776,1,180000.000,128679.753,1038.596
106.672333,27.291335,26.338459,206,1044299776,1,180000.000,128682.701,1038.504
106.696512,24.178874,25.337500,166,1044299776,1,180000.000,128685.459,1038.417
106.724186,27.674749,25.952833,189,1044299776,1,180000.000,128688.497,1038.321
106.749229,25.042918,25.320833,168,1044381696,1,180000.000,128691.302,1038.233
106.774320,25.090460,25.415958,183,1044381696,1,180000.000,128694.089,1038.146
106.799278,24.957791,24.739208,180,1044381696,1,180000.000,128696.887,1038.058
106.825081,25.803749,25.935249,184,1040138240,1,180000.000,128699.683,1037.970
106.849874,24.792627,25.644041,178,1040138240,1,180000.000,128702.521,1037.881
106.875338,25.464293,25.644875,164,1040138240,1,180000.000,128705.335,1037.793
106.901964,26.625209,25.568832,187,1040138240,1,180000.000,128708.275,1037.700
106.926832,24.868123,25.129875,190,1040138240,1,180000.000,128711.028,1037.614
106.952502,25.670167,25.301500,157,1040285696,1,180000.000,128713.890,1037.524
106.978012,25.510501,24.991209,215,1040285696,1,180000.000,128716.737,1037.435
107.001315,23.302373,24.921499,172,1040285696,1,180000.000,128719.344,1037.353
107.029534,28.219126,26.837957,203,1040285696,1,180000.000,128722.437,1037.255
107.054145,24.610791,25.403334,168,1040285696,1,180000.000,128725.209,1037.168
107.079052,24.907708,25.222626,194,1041104896,1,180000.000,128727.961,1037.082
107.107274,28.221626,26.948999,174,1041104896,1,180000.000,128731.085,1036.984
107.132489,25.214583,25.396749,169,1041104896,1,180000.000,128733.878,1036.896
107.159552,27.063210,26.872541,194,1041104896,1,180000.000,128736.896,1036.801
107.185284,25.732040,25.254625,176,1039466496,1,180000.000,128739.697,1036.713
107.208711,23.426875,25.226833,201,1039466496,1,180000.000,128742.390,1036.629
107.235846,27.135793,25.573126,164,1041104896,1,180000.000,128745.340,1036.536
107.260334,24.487872,25.229376,174,1041104896,1,180000.000,128748.125,1036.449
107.286776,26.442084,25.388792,178,1041104896,1,180000.000,128751.023,1036.358
107.311267,24.490461,25.397167,194,1041104896,1,180000.000,128753.777,1036.271
107.337549,26.282083,25.413584,178,1041104896,1,180000.000,128756.635,1036.181
107.362343,24.794456,25.125376,202,1041104896,1,180000.000,128759.457,1036.093
107.387918,25.574252,26.001333,181,1041104896,1,180000.000,128762.282,1036.004
107.414796,26.878167,25.828417,202,1041104896,1,180000.000,128765.255,1035.911
107.440437,25.640748,25.559042,180,1041104896,1,180000.000,128768.090,1035.822
107.464399,23.962792,25.231417,206,1041104896,1,180000.000,128770.783,1035.737
107.491030,26.630707,25.342041,164,1041104896,1,180000.000,128773.701,1035.645
107.516053,25.023293,25.223333,186,1041104896,1,180000.000,128776.538,1035.556
107.541526,25.473084,25.722208,190,1039024128,1,180000.000,128779.296,1035.470
107.566157,24.630375,25.101583,187,1039106048,1,180000.000,128782.101,1035.382
107.591348,25.191583,25.217667,181,1039925248,1,180000.000,128784.887,1035.294
107.617428,26.079874,25.071625,180,1040384000,1,180000.000,128787.768,1035.204
107.643030,25.601916,25.412043,194,1040384000,1,180000.000,128790.612,1035.114
107.666960,23.929458,24.967751,174,1040384000,1,180000.000,128793.306,1035.030
107.692913,25.953043,25.859333,203,1040384000,1,180000.000,128796.153,1034.940
107.719578,26.665166,26.355459,176,1040384000,1,180000.000,128799.131,1034.847
107.744551,24.972875,25.164625,197,1040384000,1,180000.000,128801.914,1034.759
107.770663,26.112583,25.318916,180,1040465920,1,180000.000,128804.795,1034.674
107.795864,25.201127,25.122458,186,1040465920,1,180000.000,128807.578,1034.593
107.820562,24.697248,25.311333,189,1040465920,1,180000.000,128810.368,1034.510
107.846014,25.452293,25.364458,185,1041285120,1,180000.000,128813.172,1034.428
107.871089,25.074709,25.233917,183,1041285120,1,180000.000,128815.987,1034.345
107.897033,25.944415,25.145334,194,1040990208,1,180000.000,128818.769,1034.263
107.922537,25.503710,25.193501,175,1041137664,1,180000.000,128821.703,1034.177
107.948480,25.943249,26.139416,164,1041137664,1,180000.000,128824.534,1034.093
107.973907,25.426500,25.062916,220,1041137664,1,180000.000,128827.398,1034.009
108.001293,27.386874,26.744125,171,1041137664,1,180000.000,128830.450,1033.919
108.024966,23.672085,25.238001,210,1041154048,1,180000.000,128833.077,1033.842
108.050590,25.624041,24.896708,179,1041154048,1,180000.000,128835.894,1033.759
108.075108,24.518415,25.363083,160,1041154048,1,180000.000,128838.650,1033.678
108.100048,24.940044,24.807501,183,1041154048,1,180000.000,128841.412,1033.597
108.126232,26.184123,25.429041,179,1041154048,1,180000.000,128844.307,1033.512
108.150382,24.149459,24.787043,189,1041154048,1,180000.000,128847.011,1033.432
108.175960,25.578085,25.280293,198,1041154048,1,180000.000,128849.861,1033.348
108.201404,25.444705,24.957708,176,1041154048,1,180000.000,128852.648,1033.266
108.225575,24.171002,25.043333,168,1041301504,1,180000.000,128855.363,1033.186
108.252757,27.182043,25.212542,203,1039499264,1,180000.000,128858.303,1033.100
108.277213,24.455998,25.405834,185,1039499264,1,180000.000,128861.111,1033.017
108.302524,25.310460,25.997417,171,1039499264,1,180000.000,128863.910,1032.935
108.329001,26.476957,25.497334,195,1039499264,1,180000.000,128866.840,1032.848
108.353961,24.960332,25.087500,191,1040334848,1,180000.000,128869.624,1032.766
108.379685,25.723461,25.624916,170,1040334848,1,180000.000,128872.466,1032.683
108.404024,24.338916,24.843876,209,1040334848,1,180000.000,128875.191,1032.602
108.430625,26.601709,26.084959,172,1040334848,1,180000.000,128878.159,1032.515
108.457042,26.416540,26.120417,148,1040334848,1,180000.000,128881.051,1032.430
108.481848,24.806377,24.805208,175,1040334848,1,180000.000,128883.815,1032.349
108.506619,24.770830,24.995958,194,1040334848,1,180000.000,128886.595,1032.267
108.532692,26.073337,26.447458,192,1040580608,1,180000.000,128889.488,1032.182
108.559387,26.694749,25.371166,173,1040580608,1,180000.000,128892.403,1032.096
108.583774,24.386585,24.953583,179,1040596992,1,180000.000,128895.144,1032.015
108.609620,25.846291,25.235874,162,1040973824,1,180000.000,128897.945,1031.933
108.633425,23.805209,24.936125,160,1041121280,1,180000.000,128900.687,1031.852
108.660698,27.272541,27.297251,190,1041121280,1,180000.000,128903.708,1031.763
108.686227,25.528792,25.507875,189,1041121280,1,180000.000,128906.541,1031.680
108.714440,28.213706,26.963625,172,1039040512,1,180000.000,128909.593,1031.590
108.739943,25.503252,25.521250,177,1039335424,1,180000.000,128912.497,1031.504
108.764649,24.705626,25.130751,198,1039351808,1,180000.000,128915.247,1031.424
108.790463,25.813706,25.498167,192,1039646720,1,180000.000,128918.107,1031.339
108.815439,24.976417,25.086666,181,1039646720,1,180000.000,128920.872,1031.258
108.842054,26.614875,26.143959,173,1039646720,1,180000.000,128923.837,1031.171
108.867422,25.368165,25.307249,177,1042923520,1,180000.000,128926.601,1031.089
108.891528,24.105959,25.130793,187,1042923520,1,180000.000,128929.355,1031.008
108.917385,25.857043,25.936041,156,1042923520,1,180000.000,128932.225,1030.924
108.943381,25.995418,24.948500,185,1042923520,1,180000.000,128935.103,1030.839
108.969114,25.733624,25.315001,205,1040171008,1,180000.000,128937.906,1030.757
108.995401,26.286792,27.149042,191,1040252928,1,180000.000,128940.902,1030.668
109.021785,26.383750,25.393375,182,1041891328,1,180000.000,128943.747,1030.585
109.046563,24.778292,25.021542,187,1042186240,1,180000.000,128946.567,1030.502
109.071085,24.522208,25.356083,187,1042186240,1,180000.000,128949.298,1030.421
109.098141,27.056124,26.952000,167,1042186240,1,180000.000,128952.291,1030.333
109.125534,27.392585,26.557333,169,1042186240,1,180000.000,128955.323,1030.244
109.151071,25.536709,25.282541,205,1042186240,1,180000.000,128958.198,1030.159
109.175725,24.653956,24.851667,153,1042186240,1,180000.000,128960.902,1030.080
109.200944,25.219459,25.073833,199,1042186240,1,180000.000,128963.721,1029.997
109.226849,25.904335,26.200251,174,1042186240,1,180000.000,128966.617,1029.912
109.252422,25.573414,25.777958,199,1042186240,1,180000.000,128969.464,1029.828
109.279580,27.158253,25.819042,182,1042186240,1,180000.000,128972.422,1029.741
109.303904,24.323959,25.346375,203,1042186240,1,180000.000,128975.168,1029.660
109.329765,25.861081,25.302584,175,1041285120,1,180000.000,128977.959,1029.578
109.354174,24.408791,25.297832,181,1041285120,1,180000.000,128980.764,1029.495
109.379916,25.741626,25.165417,188,1041285120,1,180000.000,128983.624,1029.411
109.406012,26.096836,25.918041,226,1041285120,1,180000.000,128986.522,1029.326
109.431413,25.401000,25.543459,174,1042923520,1,180000.000,128989.299,1029.244
109.456218,24.804957,25.411083,211,1042923520,1,180000.000,128992.111,1029.161
109.482599,26.380707,25.215834,171,1042923520,1,180000.000,128994.992,1029.076
109.507851,25.252044,25.209917,187,1043005440,1,180000.000,128997.808,1028.994
109.533175,25.324248,25.067417,185,1043005440,1,180000.000,129000.608,1028.911
109.557560,24.384417,25.413250,193,1043005440,1,180000.000,129003.371,1028.824
109.583008,25.447834,25.012583,183,1043021824,1,180000.000,129006.156,1028.737
109.607716,24.708375,25.008333,175,1043021824,1,180000.000,129008.937,1028.650
109.632820,25.103543,25.105249,180,1043021824,1,180000.000,129011.731,1028.562
109.657771,24.951581,24.754875,166,1043021824,1,180000.000,129014.506,1028.475
109.683355,25.584251,25.057667,192,1039597568,1,180000.000,129017.278,1028.388
109.708066,24.710290,25.222208,158,1039745024,1,180000.000,129020.090,1028.300
109.733300,25.234293,25.219875,194,1039745024,1,180000.000,129022.895,1028.212
109.758809,25.509208,25.124458,179,1039745024,1,180000.000,129025.736,1028.123
109.785761,26.951917,26.362583,180,1039745024,1,180000.000,129028.703,1028.029
109.810581,24.820082,25.452749,205,1039745024,1,180000.000,129031.475,1027.942
109.837542,26.961211,25.516708,174,1040564224,1,180000.000,129034.409,1027.850
109.862377,24.834499,25.135626,202,1040564224,1,180000.000,129037.213,1027.762
109.887635,25.258373,25.449167,166,1040564224,1,180000.000,129040.009,1027.675
109.912322,24.686918,25.287292,171,1040564224,1,180000.000,129042.789,1027.587
109.938467,26.145086,25.261084,165,1041383424,1,180000.000,129045.631,1027.498
109.963038,24.570208,25.369083,202,1041383424,1,180000.000,129048.420,1027.411
109.989136,26.098374,24.987499,171,1041383424,1,180000.000,129051.271,1027.321
110.013275,24.139415,25.063583,212,1041383424,1,180000.000,129054.003,1027.235
110.041086,27.810916,25.856333,161,1040564224,1,180000.000,129057.031,1027.140
110.065538,24.452128,25.697416,182,1040809984,1,180000.000,129059.811,1027.053
110.090387,24.849083,25.644501,170,1040809984,1,180000.000,129062.565,1026.967
110.117080,26.692208,25.413250,180,1040809984,1,180000.000,129065.511,1026.874
110.142673,25.593624,25.050875,185,1041629184,1,180000.000,129068.321,1026.786
110.166911,24.237543,25.225334,176,1041629184,1,180000.000,129071.074,1026.700
110.192973,26.062205,25.299625,172,1041645568,1,180000.000,129073.919,1026.610
110.217662,24.688836,24.971041,169,1041727488,1,180000.000,129076.711,1026.523
110.243987,26.325539,25.446375,171,1041727488,1,180000.000,129079.599,1026.432
110.268745,24.757709,25.408541,219,1041727488,1,180000.000,129082.391,1026.345
110.293564,24.819374,25.546459,170,1041727488,1,180000.000,129085.144,1026.258
110.319648,26.083417,25.124500,157,1041874944,1,180000.000,129088.018,1026.168
110.343978,24.330378,24.872709,180,1041874944,1,180000.000,129090.749,1026.082
110.370460,26.481707,25.737541,189,1041874944,1,180000.000,129093.668,1025.991
110.396654,26.193999,25.253374,180,1039941632,1,180000.000,129096.509,1025.901
110.420523,23.869250,25.438833,181,1039941632,1,180000.000,129099.250,1025.815
110.446315,25.791708,25.336916,180,1039941632,1,180000.000,129102.117,1025.725
110.472798,26.483085,25.963875,139,1040236544,1,180000.000,129105.035,1025.634
110.498086,25.287624,24.826250,179,1041055744,1,180000.000,129107.818,1025.547
110.525559,27.473416,27.658583,169,1041055744,1,180000.000,129110.900,1025.450
110.550932,25.373083,25.063667,186,1041055744,1,180000.000,129113.703,1025.362
110.576124,25.191627,25.428249,216,1041055744,1,180000.000,129116.518,1025.274
110.600576,24.452001,24.811041,151,1041055744,1,180000.000,129119.226,1025.189
110.625968,25.392123,25.112625,176,1041055744,1,180000.000,129122.061,1025.100
110.650007,24.039291,24.939833,184,1041055744,1,180000.000,129124.717,1025.016
110.677685,27.677417,26.379375,179,1041055744,1,180000.000,129127.816,1024.919
110.701083,23.398794,24.952791,189,1041055744,1,180000.000,129130.423,1024.837
110.729097,28.013665,26.472334,181,1041055744,1,180000.000,129133.516,1024.740
110.755339,26.242249,25.218250,180,1041629184,1,180000.000,129136.365,1024.651
110.778915,23.576003,24.782459,205,1041629184,1,180000.000,129139.077,1024.566
110.805395,26.479833,25.971458,182,1041629184,1,180000.000,129141.979,1024.474
110.830344,24.948500,25.261042,164,1041629184,1,180000.000,129144.766,1024.387
110.855527,25.183167,24.968000,193,1041629184,1,180000.000,129147.538,1024.300
110.880802,25.275666,25.049500,166,1041645568,1,180000.000,129150.374,1024.211
110.906439,25.636125,25.179583,185,1041645568,1,180000.000,129153.193,1024.123
110.930901,24.462167,25.165459,160,1041645568,1,180000.000,129155.939,1024.036
110.956610,25.709499,24.864626,174,1041645568,1,180000.000,129158.760,1023.948
110.980606,23.995623,25.260792,206,1041645568,1,180000.000,129161.485,1023.862
111.008158,27.552586,27.056458,170,1041645568,1,180000.000,129164.547,1023.766
111.034124,25.965497,25.680792,174,1041645568,1,180000.000,129167.409,1023.676
111.058533,24.409045,25.084417,181,1041645568,1,180000.000,129170.141,1023.591
111.086249,27.716082,26.751459,188,1041645568,1,180000.000,129173.198,1023.495
111.110933,24.684127,24.955416,173,1040384000,1,180000.000,129175.879,1023.411
111.138253,27.319457,26.774750,180,1040826368,1,180000.000,129178.971,1023.314
111.162907,24.654206,25.032207,183,1040842752,1,180000.000,129181.741,1023.227
111.189186,26.279502,25.639334,172,1040842752,1,180000.000,129184.638,1023.136
111.213534,24.347875,25.458708,186,1040842752,1,180000.000,129187.358,1023.050
111.241107,27.573124,26.436251,183,1040842752,1,180000.000,129190.434,1022.954
111.266494,25.387000,26.194374,199,1040842752,1,180000.000,129193.238,1022.866
111.292398,25.903419,25.583626,169,1041088512,1,180000.000,129196.097,1022.776
111.317202,24.804167,24.868166,172,1041088512,1,180000.000,129198.856,1022.690
111.342303,25.100831,25.243542,173,1041088512,1,180000.000,129201.674,1022.601
111.367955,25.652416,25.241917,161,1041088512,1,180000.000,129204.487,1022.513
111.393355,25.399625,25.268417,212,1041088512,1,180000.000,129207.351,1022.423
111.418986,25.631458,25.228542,203,1041088512,1,180000.000,129210.194,1022.334
111.445331,26.344419,26.049583,202,1041088512,1,180000.000,129213.095,1022.243
111.470220,24.889376,25.270834,165,1040941056,1,180000.000,129215.797,1022.158
111.494598,24.377417,25.046249,216,1040941056,1,180000.000,129218.602,1022.070
111.520025,25.426999,25.069000,169,1040941056,1,180000.000,129221.396,1021.982
111.544797,24.772625,24.989792,183,1040941056,1,180000.000,129224.178,1021.895
111.570578,25.780499,25.067875,165,1040941056,1,180000.000,129226.988,1021.807
111.594913,24.335291,24.942083,180,1040941056,1,180000.000,129229.746,1021.720
111.620907,25.993917,25.006584,169,1040941056,1,180000.000,129232.572,1021.632
111.645037,24.130501,24.911791,181,1040941056,1,180000.000,129235.307,1021.546
111.670812,25.774624,24.806583,186,1043398656,1,180000.000,129238.091,1021.459
111.695143,24.330582,25.162374,188,1043398656,1,180000.000,129240.880,1021.371
111.721228,26.084960,25.227041,154,1043398656,1,180000.000,129243.733,1021.282
111.746022,24.794292,25.064959,175,1043398656,1,180000.000,129246.535,1021.194
111.771552,25.530335,25.836124,200,1043398656,1,180000.000,129249.359,1021.105
111.797161,25.608707,25.397209,165,1043546112,1,180000.000,129252.210,1021.016
111.824077,26.915792,25.170500,198,1040187392,1,180000.000,129255.125,1020.924
111.848066,23.989458,24.960751,169,1040187392,1,180000.000,129257.846,1020.839
111.872867,24.801251,24.909958,182,1041825792,1,180000.000,129260.582,1020.753
111.898944,26.076917,25.782000,173,1041825792,1,180000.000,129263.503,1020.661
111.923770,24.825834,25.036625,199,1041825792,1,180000.000,129266.276,1020.574
111.949872,26.102375,25.702709,166,1041825792,1,180000.000,129269.157,1020.484
111.974562,24.689749,24.984959,170,1041825792,1,180000.000,129271.918,1020.397
112.000772,26.210126,25.342751,202,1041825792,1,180000.000,129274.820,1020.306
112.026478,25.705956,25.859917,194,1041825792,1,180000.000,129277.681,1020.217
112.053237,26.758753,27.049334,188,1041825792,1,180000.000,129280.637,1020.124
112.077763,24.526417,25.038834,181,1041825792,1,180000.000,129283.381,1020.038
112.103431,25.667708,25.111458,155,1042071552,1,180000.000,129286.214,1019.949
112.128835,25.404330,25.010208,171,1042071552,1,180000.000,129289.031,1019.861
112.153850,25.014542,25.039167,187,1042071552,1,180000.000,129291.818,1019.773
112.179442,25.591709,25.155958,193,1040269312,1,180000.000,129294.616,1019.685
112.204466,25.024250,25.148375,183,1040269312,1,180000.000,129297.442,1019.597
112.229516,25.050167,25.092333,188,1040269312,1,180000.000,129300.222,1019.510
112.255072,25.555834,25.163584,178,1040269312,1,180000.000,129303.068,1019.420
112.280693,25.620874,25.754541,188,1041907712,1,180000.000,129305.875,1019.332
112.307832,27.139209,26.902250,159,1041907712,1,180000.000,129308.927,1019.236
112.332420,24.588209,25.176542,215,1041907712,1,180000.000,129311.683,1019.150
112.358803,26.382916,25.355291,170,1041924096,1,180000.000,129314.595,1019.059
112.384334,25.531042,25.687458,173,1041924096,1,180000.000,129317.421,1018.970
112.409800,25.465541,25.284082,189,1041924096,1,180000.000,129320.258,1018.881
112.433933,24.133168,25.262583,199,1041924096,1,180000.000,129322.947,1018.797
112.460890,26.956957,25.782084,183,1041924096,1,180000.000,129325.936,1018.703
112.486319,25.429208,25.471041,158,1041924096,1,180000.000,129328.752,1018.615
112.509982,23.663167,24.985001,208,1041924096,1,180000.000,129331.410,1018.531
112.539253,29.270586,27.009209,160,1042448384,1,180000.000,129334.560,1018.432
112.563793,24.539705,25.358500,205,1042448384,1,180000.000,129337.388,1018.344
112.590312,26.519500,26.116249,170,1042448384,1,180000.000,129340.291,1018.253
112.614879,24.567377,25.200251,173,1042743296,1,180000.000,129343.044,1018.166
112.639664,24.784833,24.975042,184,1042743296,1,180000.000,129345.807,1018.080
112.666163,26.498750,25.984709,151,1042743296,1,180000.000,129348.747,1017.987
112.691997,25.834333,25.254583,180,1042743296,1,180000.000,129351.598,1017.898
112.717366,25.368333,26.243542,165,1042743296,1,180000.000,129354.450,1017.808
112.744445,27.079377,26.285959,178,1042743296,1,180000.000,129357.433,1017.715
112.769422,24.977081,25.358583,194,1042743296,1,180000.000,129360.245,1017.627
112.795330,25.908001,25.447001,188,1042743296,1,180000.000,129363.084,1017.538
112.820124,24.794001,25.279209,181,1042743296,1,180000.000,129365.855,1017.451
112.846178,26.053831,25.216999,166,1042743296,1,180000.000,129368.773,1017.359
112.871113,24.934709,25.009958,203,1042743296,1,180000.000,129371.543,1017.272
112.897122,26.008792,25.757542,162,1041776640,1,180000.000,129374.322,1017.185
112.921663,24.541210,25.048208,184,1041776640,1,180000.000,129377.134,1017.097
112.946254,24.591167,25.050833,165,1041776640,1,180000.000,129379.867,1017.011
112.973178,26.923999,26.942541,180,1041776640,1,180000.000,129382.879,1016.917
113.001149,27.970832,26.077000,191,1041776640,1,180000.000,129385.945,1016.820
113.025743,24.594124,26.231958,162,1041924096,1,180000.000,129388.699,1016.734
113.053527,27.783711,26.707417,170,1041924096,1,180000.000,129391.774,1016.637
113.077830,24.303164,25.540751,171,1041924096,1,180000.000,129394.492,1016.552
113.105744,27.914211,26.664207,173,1041924096,1,180000.000,129397.564,1016.456
113.130998,25.254123,25.455208,177,1041924096,1,180000.000,129400.397,1016.367
113.155615,24.617042,25.232916,174,1042399232,1,180000.000,129403.139,1016.281
113.180628,25.012791,24.961834,181,1042399232,1,180000.000,129405.926,1016.199
113.207032,26.403874,25.043833,176,1042399232,1,180000.000,129408.810,1016.114
113.231135,24.103545,25.346251,169,1042399232,1,180000.000,129411.543,1016.034
113.257617,26.481289,25.553125,176,1040187392,1,180000.000,129414.407,1015.950
113.282839,25.221918,25.290291,166,1040351232,1,180000.000,129417.262,1015.866
113.307029,24.190292,24.968292,177,1040351232,1,180000.000,129419.964,1015.786
113.335138,28.108876,26.258751,173,1040351232,1,180000.000,129423.072,1015.695
113.360369,25.231790,25.990791,182,1041989632,1,180000.000,129425.869,1015.613
113.384982,24.612460,25.776625,214,1041989632,1,180000.000,129428.640,1015.531
113.412066,27.084541,26.063625,196,1041989632,1,180000.000,129431.648,1015.443
113.438469,26.402332,25.888458,171,1041989632,1,180000.000,129434.558,1015.357
113.462855,24.385959,25.243292,168,1041989632,1,180000.000,129437.286,1015.277
113.488930,26.075415,25.843334,175,1041989632,1,180000.000,129440.190,1015.192
113.515132,26.202001,25.237959,184,1041989632,1,180000.000,129443.060,1015.107
113.540647,25.514711,25.580334,181,1041989632,1,180000.000,129445.906,1015.024
113.565541,24.893958,25.112041,149,1041989632,1,180000.000,129448.674,1014.942
113.590864,25.323458,25.800375,173,1041989632,1,180000.000,129451.515,1014.859
113.617611,26.746750,25.330584,172,1040203776,1,180000.000,129454.387,1014.774
113.642253,24.642333,25.376499,188,1040203776,1,180000.000,129457.231,1014.691
113.668926,26.672624,26.018625,166,1041022976,1,180000.000,129460.120,1014.606
113.693135,24.208959,25.203209,167,1041039360,1,180000.000,129462.882,1014.525
113.718728,25.592666,25.396418,168,1041039360,1,180000.000,129465.711,1014.441
113.745271,26.543334,25.512083,179,1041039360,1,180000.000,129468.644,1014.355
113.769940,24.669249,25.404041,194,1041039360,1,180000.000,129471.397,1014.274
113.795574,25.633626,25.601875,183,1041186816,1,180000.000,129474.234,1014.191
113.821586,26.012290,25.159750,197,1041186816,1,180000.000,129477.123,1014.106
113.846522,24.936251,25.115541,180,1041186816,1,180000.000,129479.893,1014.024
113.870869,24.347041,25.231251,176,1041186816,1,180000.000,129482.619,1013.944
113.896294,25.424834,25.170750,171,1041186816,1,180000.000,129485.456,1013.861
113.923440,27.145334,25.661083,202,1042006016,1,180000.000,129488.439,1013.773
113.949515,26.075456,26.476707,171,1042006016,1,180000.000,129491.338,1013.688
113.974876,25.360834,25.250626,182,1040367616,1,180000.000,129494.107,1013.606
114.000866,25.990084,25.746166,182,1040449536,1,180000.000,129497.043,1013.520
114.024886,24.020001,25.447458,180,1040449536,1,180000.000,129499.735,1013.441
114.051321,26.435290,25.494791,186,1040449536,1,180000.000,129502.649,1013.355
114.075931,24.610002,24.906626,182,1040449536,1,180000.000,129505.403,1013.274
114.101554,25.622956,25.214666,152,1040449536,1,180000.000,129508.232,1013.191
114.127122,25.567461,25.248667,173,1040449536,1,180000.000,129511.057,1013.108
114.152759,25.637541,25.265625,185,1040465920,1,180000.000,129513.929,1013.024
114.177970,25.210999,25.914042,182,1041285120,1,180000.000,129516.697,1012.942
114.205653,27.682502,26.858999,157,1041285120,1,180000.000,129519.799,1012.851
114.232103,26.449792,25.221708,177,1041285120,1,180000.000,129522.731,1012.765
114.257276,25.173500,26.030666,180,1041285120,1,180000.000,129525.543,1012.682
114.281737,24.461083,24.882833,195,1042104320,1,180000.000,129528.265,1012.602
114.307702,25.965165,25.901459,183,1042104320,1,180000.000,129531.160,1012.517
114.334437,26.735123,25.932333,184,1040318464,1,180000.000,129534.054,1012.432
114.358417,23.979709,25.186209,195,1040318464,1,180000.000,129536.799,1012.351
114.385026,26.608501,25.317625,162,1041137664,1,180000.000,129539.689,1012.266
114.410580,25.554333,25.638792,195,1041285120,1,180000.000,129542.571,1012.182
114.434756,24.176333,25.312666,190,1041285120,1,180000.000,129545.264,1012.102
114.460774,26.017252,25.587833,150,1041285120,1,180000.000,129548.147,1012.018
114.486040,25.266539,24.977959,167,1041285120,1,180000.000,129550.931,1011.936
114.511484,25.443878,25.042458,153,1041448960,1,180000.000,129553.780,1011.852
114.536163,24.679247,25.222334,185,1041465344,1,180000.000,129556.537,1011.771
114.563458,27.294584,26.266125,191,1041465344,1,180000.000,129559.581,1011.682
114.588187,24.729460,25.804001,183,1041465344,1,180000.000,129562.322,1011.601
114.615911,27.723998,27.162292,175,1041465344,1,180000.000,129565.386,1011.511
114.641870,25.959041,25.156166,153,1042284544,1,180000.000,129568.218,1011.428
114.665746,23.876209,25.054916,206,1042284544,1,180000.000,129570.944,1011.347
114.692835,27.088251,25.845417,166,1040416768,1,180000.000,129573.861,1011.262
114.717838,25.003750,25.280167,168,1040416768,1,180000.000,129576.707,1011.178
114.743226,25.387626,25.155958,172,1040416768,1,180000.000,129579.529,1011.095
114.768456,25.230207,25.156958,171,1040564224,1,180000.000,129582.333,1011.013
114.794194,25.737625,26.112459,188,1040564224,1,180000.000,129585.175,1010.929
114.821330,27.136542,26.876709,176,1040564224,1,180000.000,129588.206,1010.840
114.847225,25.894959,25.187000,173,1042202624,1,180000.000,129591.042,1010.757
114.872648,25.422711,25.445999,173,1042202624,1,180000.000,129593.909,1010.672
114.897121,24.472997,25.619583,172,1042202624,1,180000.000,129596.644,1010.592
114.922085,24.964169,25.167458,210,1042202624,1,180000.000,129599.430,1010.510
114.950910,28.824873,27.285917,185,1042202624,1,180000.000,129602.598,1010.417
114.975927,25.017001,26.179251,196,1042202624,1,180000.000,129605.414,1010.329
115.003559,27.631376,27.146833,193,1042202624,1,180000.000,129608.467,1010.233
115.030725,27.166542,26.600208,172,1042202624,1,180000.000,129611.479,1010.138
115.057937,27.211793,26.160875,204,1042055168,1,180000.000,129614.426,1010.046
115.081277,23.340333,25.248167,168,1042055168,1,180000.000,129617.120,1009.962
115.106803,25.525291,25.360332,192,1042055168,1,180000.000,129619.937,1009.873
115.132661,25.858834,25.525499,179,1042055168,1,180000.000,129622.804,1009.783
115.158094,25.432456,25.250999,201,1042055168,1,180000.000,129625.654,1009.694
115.183939,25.845084,25.391582,170,1042202624,1,180000.000,129628.495,1009.605
115.208298,24.358626,25.191708,211,1042202624,1,180000.000,129631.230,1009.519
115.234094,25.796372,25.766333,189,1042202624,1,180000.000,129634.093,1009.429
115.260516,26.422169,25.868668,189,1042202624,1,180000.000,129637.033,1009.337
115.285828,25.312375,25.540001,168,1042202624,1,180000.000,129639.833,1009.250
115.310894,25.065083,24.779459,173,1042202624,1,180000.000,129642.622,1009.162
115.337501,26.607540,25.763500,168,1042202624,1,180000.000,129645.584,1009.069
115.364909,27.408000,27.117584,161,1042202624,1,180000.000,129648.595,1008.975
115.389345,24.435584,25.813625,153,1042202624,1,180000.000,129651.343,1008.889
115.415708,26.363127,25.227583,188,1040416768,1,180000.000,129654.185,1008.800
115.440506,24.798375,24.635084,162,1040416768,1,180000.000,129657.001,1008.711
115.465553,25.047373,25.035707,205,1042055168,1,180000.000,129659.773,1008.624
115.491932,26.378419,26.336042,157,1042055168,1,180000.000,129662.719,1008.532
115.516793,24.860997,25.804001,187,1042071552,1,180000.000,129665.488,1008.445
115.542796,26.003253,25.715918,185,1042071552,1,180000.000,129668.397,1008.354
115.568699,25.902539,25.235001,180,1042071552,1,180000.000,129671.249,1008.265
115.593645,24.946459,25.414249,173,1042153472,1,180000.000,129674.016,1008.178
115.620675,27.030293,26.204500,174,1042153472,1,180000.000,129676.995,1008.085
115.645870,25.194209,25.313667,197,1042153472,1,180000.000,129679.832,1007.996
115.670594,24.723999,25.380083,179,1042153472,1,180000.000,129682.574,1007.910
115.696452,25.858376,25.177042,184,1042300928,1,180000.000,129685.463,1007.819
115.723443,26.990749,26.342459,195,1042300928,1,180000.000,129688.419,1007.726
115.748487,25.044166,25.404791,174,1042300928,1,180000.000,129691.227,1007.638
115.774246,25.759127,25.649000,173,1040662528,1,180000.000,129694.021,1007.551
115.798752,24.505623,25.027000,183,1040662528,1,180000.000,129696.834,1007.463
115.825324,26.572041,25.606167,211,1042300928,1,180000.000,129699.724,1007.372
115.850293,24.969626,25.955584,201,1042300928,1,180000.000,129702.546,1007.283
115.876851,26.557457,25.828875,172,1042300928,1,180000.000,129705.463,1007.192
115.901103,24.252586,25.122709,179,1042300928,1,180000.000,129708.208,1007.106
115.927745,26.641540,25.491209,153,1042300928,1,180000.000,129711.126,1007.015
115.952960,25.215250,25.205917,166,1042300928,1,180000.000,129713.947,1006.926
115.977929,24.968624,25.303249,177,1042300928,1,180000.000,129716.736,1006.839
116.004102,26.173212,26.036209,183,1042300928,1,180000.000,129719.624,1006.748
116.029592,25.490332,25.032917,171,1042300928,1,180000.000,129722.448,1006.660
116.055312,25.719333,25.447958,187,1042300928,1,180000.000,129725.319,1006.570
116.080428,25.116418,25.418791,153,1042300928,1,180000.000,129728.099,1006.482
116.105291,24.863206,25.222626,209,1042300928,1,180000.000,129730.899,1006.395
116.131387,26.095252,25.163124,209,1040498688,1,180000.000,129733.719,1006.306
116.157297,25.910083,25.614792,150,1040498688,1,180000.000,129736.652,1006.214
116.182481,25.184706,25.665459,203,1042137088,1,180000.000,129739.435,1006.127
116.208623,26.141208,26.204876,163,1042137088,1,180000.000,129742.347,1006.036
116.232816,24.193544,25.042208,172,1042137088,1,180000.000,129745.022,1005.952
116.259396,26.580207,26.389334,180,1042219008,1,180000.000,129748.014,1005.858
116.286013,26.616625,25.749125,168,1042219008,1,180000.000,129750.927,1005.767
116.312144,26.131082,25.436209,158,1042219008,1,180000.000,129753.853,1005.675
116.337293,25.149167,26.182209,166,1042219008,1,180000.000,129756.656,1005.587
116.362506,25.212795,25.851418,179,1042219008,1,180000.000,129759.470,1005.499
116.391323,28.817039,26.829082,185,1042235392,1,180000.000,129762.628,1005.400
116.416169,24.845500,25.449791,202,1042235392,1,180000.000,129765.428,1005.312
116.441906,25.737628,25.916124,165,1042235392,1,180000.000,129768.255,1005.224
116.467061,25.154747,24.952375,145,1042399232,1,180000.000,129771.059,1005.136
116.491935,24.873625,25.019291,173,1040613376,1,180000.000,129773.782,1005.050
116.519096,27.161792,26.634083,149,1040613376,1,180000.000,129776.855,1004.954
116.543976,24.879627,25.696083,170,1041432576,1,180000.000,129779.617,1004.867
116.569481,25.505539,25.637125,174,1041432576,1,180000.000,129782.468,1004.778
116.595987,26.505835,25.762291,174,1041432576,1,180000.000,129785.417,1004.686
116.622422,26.434831,25.933750,169,1041580032,1,180000.000,129788.326,1004.594
116.648557,26.135210,25.705084,174,1041580032,1,180000.000,129791.210,1004.504
116.674120,25.562875,25.744041,193,1041580032,1,180000.000,129794.094,1004.414
116.698946,24.826165,26.242292,196,1041580032,1,180000.000,129796.861,1004.327
116.726679,27.732376,26.786667,175,1041596416,1,180000.000,129799.912,1004.231
116.753067,26.388541,25.238417,174,1042415616,1,180000.000,129802.793,1004.141
116.778029,24.961375,25.671041,173,1042415616,1,180000.000,129805.643,1004.051
116.803071,25.042459,25.703167,175,1042415616,1,180000.000,129808.419,1003.964
116.830061,26.989415,27.239084,174,1042415616,1,180000.000,129811.430,1003.870
116.859035,28.974041,27.037874,184,1040531456,1,180000.000,129814.547,1003.772
116.884725,25.689919,26.239000,155,1040777216,1,180000.000,129817.470,1003.681
116.908958,24.233043,25.236666,172,1040777216,1,180000.000,129820.182,1003.596
116.935573,26.615832,25.469625,192,1040777216,1,180000.000,129823.128,1003.504
116.961966,26.393082,25.901209,153,1040777216,1,180000.000,129826.045,1003.412
116.985568,23.601625,25.450375,186,1040777216,1,180000.000,129828.704,1003.329
117.014386,28.817832,26.877832,176,1042415616,1,180000.000,129831.876,1003.229
117.038051,23.664877,25.032291,204,1042415616,1,180000.000,129834.538,1003.146
117.064020,25.969293,25.838249,191,1042432000,1,180000.000,129837.422,1003.056
117.090444,26.424166,25.428667,200,1042432000,1,180000.000,129840.343,1002.964
117.115145,24.700582,24.780293,149,1042432000,1,180000.000,129843.050,1002.879
117.140360,25.215294,25.215876,162,1042432000,1,180000.000,129845.873,1002.791
117.165824,25.463372,25.278917,176,1042432000,1,180000.000,129848.697,1002.702
117.191155,25.331791,25.541834,159,1042432000,1,180000.000,129851.520,1002.614
117.216198,25.042251,25.081625,163,1040564224,1,180000.000,129854.256,1002.528
117.241458,25.260624,25.151291,173,1040646144,1,180000.000,129857.102,1002.439
117.267093,25.634587,25.138792,184,1040646144,1,180000.000,129859.944,1002.350
117.291285,24.192456,25.244749,189,1040646144,1,180000.000,129862.671,1002.264
117.317727,26.441749,24.829166,186,1041465344,1,180000.000,129865.570,1002.173
117.343343,25.616292,25.122000,188,1041612800,1,180000.000,129868.424,1002.084
117.368664,25.321208,26.444666,200,1041612800,1,180000.000,129871.231,1001.996
117.395690,27.025461,26.891125,163,1041694720,1,180000.000,129874.241,1001.902
117.421711,26.021250,25.313250,158,1041694720,1,180000.000,129877.116,1001.812
117.446663,24.951916,25.363916,183,1041711104,1,180000.000,129879.913,1001.724
117.470919,24.255458,25.110792,179,1041711104,1,180000.000,129882.623,1001.639
117.496234,25.315750,25.191542,181,1041711104,1,180000.000,129885.447,1001.550
117.523416,27.181957,25.469917,190,1042530304,1,180000.000,129888.394,1001.458
117.547940,24.524041,25.289749,190,1042530304,1,180000.000,129891.193,1001.370
117.574889,26.948586,26.319750,166,1040809984,1,180000.000,129894.091,1001.280
117.599843,24.954334,25.324541,170,1040809984,1,180000.000,129896.931,1001.191
117.624642,24.799205,25.479166,214,1040809984,1,180000.000,129899.709,1001.104
117.650745,26.102751,25.425083,197,1040809984,1,180000.000,129902.616,1001.012
117.677467,26.721790,25.883375,191,1041629184,1,180000.000,129905.522,1000.921
117.702697,25.229625,26.028833,170,1041629184,1,180000.000,129908.362,1000.832
117.728236,25.539376,25.238251,170,1042448384,1,180000.000,129911.153,1000.745
117.753536,25.300376,25.271458,186,1042448384,1,180000.000,129914.007,1000.655
117.778451,24.914667,25.335333,167,1042448384,1,180000.000,129916.791,1000.568
117.804919,26.467998,25.925459,174,1042448384,1,180000.000,129919.717,1000.476
117.830321,25.402416,25.225708,181,1042448384,1,180000.000,129922.507,1000.389
117.855700,25.379002,25.253542,152,1042530304,1,180000.000,129925.359,1000.300
117.881006,25.305543,25.140375,199,1043267584,1,180000.000,129928.164,1000.212
117.905894,24.887830,25.026167,161,1043415040,1,180000.000,129930.933,1000.125
117.931808,25.914583,25.266459,212,1040564224,1,180000.000,129933.777,1000.036
117.958878,27.069792,27.407667,180,1040564224,1,180000.000,129936.822,999.940
117.984021,25.143292,25.668249,182,1040564224,1,180000.000,129939.640,999.852
118.010147,26.125919,25.488667,180,1040564224,1,180000.000,129942.523,999.762
118.035318,25.170747,25.385416,174,1040564224,1,180000.000,129945.304,999.675
118.061012,25.693584,25.211250,171,1040564224,1,180000.000,129948.197,999.584
118.087010,25.998335,26.337166,196,1041383424,1,180000.000,129951.045,999.495
118.112573,25.563333,25.546583,171,1041383424,1,180000.000,129953.900,999.405
118.138948,26.374415,26.055250,175,1041383424,1,180000.000,129956.811,999.314
118.163962,25.014166,25.694750,172,1041383424,1,180000.000,129959.633,999.226
118.190063,26.101168,26.019209,195,1041383424,1,180000.000,129962.526,999.135
118.217012,26.948374,26.180374,189,1041383424,1,180000.000,129965.504,999.042
118.242777,25.765836,25.599543,174,1041383424,1,180000.000,129968.344,998.953
118.267693,24.915330,25.476999,176,1041383424,1,180000.000,129971.135,998.865
118.292932,25.239751,25.092459,169,1040269312,1,180000.000,129973.913,998.778
118.319425,26.492208,26.401375,182,1040416768,1,180000.000,129976.882,998.685
118.345354,25.929376,25.268000,148,1042055168,1,180000.000,129979.712,998.596
118.369728,24.373583,25.188334,203,1042202624,1,180000.000,129982.502,998.509
118.395707,25.979500,26.018333,185,1042202624,1,180000.000,129985.370,998.419
118.422204,26.496414,26.151625,199,1042202624,1,180000.000,129988.329,998.326
118.446812,24.608377,25.450958,186,1042202624,1,180000.000,129991.065,998.240
118.475544,28.732039,27.391083,173,1042202624,1,180000.000,129994.247,998.141
118.499820,24.276461,25.007626,160,1042202624,1,180000.000,129996.935,998.057
118.525540,25.719497,25.425041,203,1042202624,1,180000.000,129999.814,997.966
118.550502,24.962459,25.328167,185,1042202624,1,180000.000,130002.545,997.881
118.579702,29.199291,28.355207,200,1042202624,1,180000.000,130005.821,997.772
118.604632,24.930168,24.901167,178,1042202624,1,180000.000,130008.568,997.680
118.629662,25.030293,25.915291,188,1042202624,1,180000.000,130011.380,997.587
118.656876,27.213626,25.696625,173,1040252928,1,180000.000,130014.310,997.489
118.682024,25.148001,25.564167,178,1040334848,1,180000.000,130017.172,997.394
118.707729,25.705207,25.198917,180,1040334848,1,180000.000,130020.024,997.299
118.732171,24.442293,25.557375,202,1040482304,1,180000.000,130022.753,997.208
118.756973,24.801500,25.024792,177,1040482304,1,180000.000,130025.517,997.116
118.783688,26.714914,25.255333,168,1040760832,1,180000.000,130028.500,997.017
118.807430,23.742709,25.389458,185,1041580032,1,180000.000,130031.118,996.930
118.832612,25.181960,25.248791,159,1041661952,1,180000.000,130033.931,996.836
118.858181,25.568165,25.117958,187,1041661952,1,180000.000,130036.758,996.742
118.882937,24.756916,25.022209,180,1041661952,1,180000.000,130039.522,996.650
118.908125,25.187586,25.390167,147,1041678336,1,180000.000,130042.321,996.557
118.933321,25.195874,24.928167,168,1041678336,1,180000.000,130045.115,996.464
118.958437,25.116000,25.058500,172,1041678336,1,180000.000,130047.907,996.371
118.983434,24.997082,25.053875,178,1041678336,1,180000.000,130050.688,996.278
119.009324,25.890458,25.145374,167,1040596992,1,180000.000,130053.497,996.185
119.034962,25.637917,25.325417,187,1040596992,1,180000.000,130056.391,996.088
119.060254,25.291499,25.271833,161,1041416192,1,180000.000,130059.171,995.996
119.084597,24.343334,25.407291,190,1041416192,1,180000.000,130061.933,995.904
119.111289,26.691541,25.632500,178,1041416192,1,180000.000,130064.839,995.807
119.135333,24.044044,25.151417,165,1041416192,1,180000.000,130067.545,995.717
119.162460,27.127456,25.736250,189,1041416192,1,180000.000,130070.537,995.617
119.187757,25.296334,25.319958,192,1041416192,1,180000.000,130073.387,995.522
119.215223,27.466416,27.275208,173,1042235392,1,180000.000,130076.366,995.423
119.241302,26.078667,25.360250,191,1042235392,1,180000.000,130079.316,995.325
119.265649,24.347708,25.678833,200,1042235392,1,180000.000,130082.046,995.234
119.291560,25.910459,26.175083,171,1042235392,1,180000.000,130084.904,995.139
119.317568,26.008334,25.168625,195,1042235392,1,180000.000,130087.779,995.043
119.342308,24.739832,25.357374,171,1042235392,1,180000.000,130090.563,994.951
119.368117,25.809292,25.100334,201,1040596992,1,180000.000,130093.364,994.857
119.393856,25.738876,25.702999,175,1040596992,1,180000.000,130096.281,994.760
119.419115,25.258582,25.245417,179,1040596992,1,180000.000,130099.054,994.668
119.443461,24.346165,25.115250,173,1040596992,1,180000.000,130101.803,994.577
119.469431,25.969960,25.373833,214,1040596992,1,180000.000,130104.667,994.481
119.495499,26.067916,26.386667,157,1040596992,1,180000.000,130107.559,994.385
119.521210,25.711667,25.011959,196,1040596992,1,180000.000,130110.397,994.290
119.546390,25.179416,25.687626,152,1040596992,1,180000.000,130113.215,994.197
119.572374,25.983669,25.247833,172,1040596992,1,180000.000,130116.090,994.101
119.597306,24.932873,25.478500,187,1040613376,1,180000.000,130118.894,994.008
119.624859,27.552459,26.211584,162,1042251776,1,180000.000,130121.931,993.907
119.648544,23.685627,25.650042,177,1042251776,1,180000.000,130124.590,993.818
119.675522,26.977707,26.790625,189,1042251776,1,180000.000,130127.582,993.718
119.701688,26.166126,25.275667,175,1042251776,1,180000.000,130130.489,993.622
119.727320,25.631998,25.134417,187,1040531456,1,180000.000,130133.258,993.529
119.751832,24.511583,24.838959,166,1040531456,1,180000.000,130136.041,993.437
119.777478,25.646251,25.522583,204,1041350656,1,180000.000,130138.879,993.342
119.803489,26.011083,25.950916,208,1041350656,1,180000.000,130141.786,993.246
119.828524,25.034457,25.578125,187,1041350656,1,180000.000,130144.582,993.152
119.854994,26.470669,26.384041,176,1041350656,1,180000.000,130147.527,993.054
119.880874,25.880042,25.868166,175,1041350656,1,180000.000,130150.389,992.959
119.907566,26.691664,26.695126,174,1041432576,1,180000.000,130153.333,992.861
119.935062,27.495585,27.121584,185,1042251776,1,180000.000,130156.391,992.759
119.960283,25.221709,25.863667,131,1042251776,1,180000.000,130159.204,992.666
119.984822,24.539083,24.937958,151,1042251776,1,180000.000,130161.943,992.575
120.010929,26.106667,24.986084,202,1042251776,1,180000.000,130164.838,992.478
120.304651,293.721914,24.890625,164,1074102272,1,180000.000,130197.458,991.392
120.305046,0.394542,24.890625,164,1074102272,1,180000.000,130197.570,991.389
120.306391,1.345918,24.890625,164,1074102272,1,180000.000,130197.711,991.384
120.309090,2.698500,24.890625,181,1074511872,1,180000.000,130197.997,991.374
120.348072,38.982458,37.454124,143,1074511872,1,180000.000,130202.303,991.231
120.374675,26.602957,25.975208,191,1074511872,1,180000.000,130205.238,991.139
120.398205,23.529917,25.044209,144,1074511872,1,180000.000,130207.887,991.056
120.427514,29.309083,27.986876,172,1074511872,1,180000.000,130211.137,990.954
120.453124,25.610086,25.443125,207,1074511872,1,180000.000,130213.983,990.865
120.478660,25.535084,25.966667,170,1070759936,1,180000.000,130216.800,990.777
120.511556,32.896332,26.646418,178,1070759936,1,180000.000,130220.458,990.662
120.532656,21.100290,26.687626,152,1070759936,1,180000.000,130222.775,990.590
120.557048,24.391335,25.577959,176,1070759936,1,180000.000,130225.534,990.503
120.582632,25.584958,25.279791,177,1070759936,1,180000.000,130228.365,990.415
120.608226,25.594000,25.800459,174,1070759936,1,180000.000,130231.207,990.326
120.633803,25.576957,25.397417,164,1070759936,1,180000.000,130234.058,990.236
120.659049,25.246002,25.158501,193,1070759936,1,180000.000,130236.866,990.148
120.684463,25.413498,25.377001,161,1070759936,1,180000.000,130239.676,990.060
120.710464,26.000585,25.143042,166,1070759936,1,180000.000,130242.539,989.971
120.735493,25.029082,25.596001,146,1070759936,1,180000.000,130245.323,989.884
120.759955,24.462543,25.003750,168,1070759936,1,180000.000,130248.075,989.797
120.786644,26.688747,25.625584,184,1070759936,1,180000.000,130251.003,989.706
120.810734,24.090543,25.036333,157,1070759936,1,180000.000,130253.719,989.621
120.836308,25.573835,25.322958,173,1070759936,1,180000.000,130256.558,989.532
120.862302,25.993664,25.185249,160,1070759936,1,180000.000,130259.414,989.442
120.887788,25.485668,25.345291,160,1070759936,1,180000.000,130262.259,989.353
120.912436,24.648082,25.642208,189,1070759936,1,180000.000,130265.014,989.267
120.939134,26.698001,25.576458,158,1070776320,1,180000.000,130267.947,989.175
120.963079,23.945544,25.082083,214,1070776320,1,180000.000,130270.643,989.090
120.989715,26.635539,25.659834,151,1070776320,1,180000.000,130273.561,988.999
121.013987,24.272170,25.171833,182,1070792704,1,180000.000,130276.299,988.913
121.039857,25.870081,25.187416,164,1070825472,1,180000.000,130279.147,988.824
121.066838,26.981000,26.403791,188,1070825472,1,180000.000,130282.141,988.730
121.092212,25.373586,25.029167,192,1070825472,1,180000.000,130284.950,988.642
121.118073,25.861122,25.490917,161,1070841856,1,180000.000,130287.831,988.552
121.143128,25.055543,26.007750,194,1070841856,1,180000.000,130290.648,988.464
121.168494,25.365833,25.823542,181,1070841856,1,180000.000,130293.454,988.376
121.193397,24.902500,25.126249,182,1070841856,1,180000.000,130296.222,988.289
121.218911,25.514126,25.326124,162,1070841856,1,180000.000,130299.069,988.200
121.244196,25.285710,24.837418,192,1070841856,1,180000.000,130301.879,988.112
121.270785,26.588541,25.791208,188,1070841856,1,180000.000,130304.799,988.021
121.294851,24.065834,25.080376,182,1070858240,1,180000.000,130307.496,987.936
121.319861,25.009956,25.279375,160,1070858240,1,180000.000,130310.280,987.849
121.345496,25.634836,25.669083,177,1070858240,1,180000.000,130313.131,987.760
121.371913,26.416998,25.266083,157,1070858240,1,180000.000,130316.033,987.669
121.397468,25.555585,26.057625,201,1070858240,1,180000.000,130318.895,987.579
121.424369,26.901122,26.622875,149,1070858240,1,180000.000,130321.862,987.486
121.449893,25.523502,25.058542,164,1070858240,1,180000.000,130324.692,987.398
121.475320,25.426749,25.514250,203,1070858240,1,180000.000,130327.540,987.308
121.500247,24.927583,25.028749,158,1070858240,1,180000.000,130330.293,987.222
121.524526,24.278793,25.458292,196,1070858240,1,180000.000,130333.028,987.136
121.551633,27.107041,25.786833,158,1070858240,1,180000.000,130335.995,987.044
121.575942,24.309251,25.402124,186,1070858240,1,180000.000,130338.738,986.958
121.603126,27.183540,25.883751,179,1070858240,1,180000.000,130341.719,986.864
121.627392,24.265874,25.345125,182,1070858240,1,180000.000,130344.459,986.778
121.652877,25.485750,25.411249,199,1070858240,1,180000.000,130347.288,986.690
121.679153,26.275624,25.273251,173,1070858240,1,180000.000,130350.184,986.599
121.704671,25.518209,26.115250,174,1070858240,1,180000.000,130353.047,986.509
121.732930,28.258961,26.248333,186,1070874624,1,180000.000,130356.174,986.412
121.757657,24.727292,26.447708,179,1070874624,1,180000.000,130358.917,986.326
121.784495,26.837122,26.736708,204,1070874624,1,180000.000,130361.909,986.232
121.811340,26.845250,25.993792,170,1070874624,1,180000.000,130364.849,986.140
121.836716,25.376126,25.850834,163,1070874624,1,180000.000,130367.682,986.051
121.861950,25.234334,25.389750,173,1070874624,1,180000.000,130370.496,985.963
121.886771,24.820331,26.049500,217,1070874624,1,180000.000,130373.283,985.876
121.914371,27.600836,26.384251,167,1070874624,1,180000.000,130376.307,985.781
121.939768,25.396042,25.364166,158,1070874624,1,180000.000,130379.128,985.693
121.964686,24.918165,25.042833,160,1070874624,1,180000.000,130381.892,985.606
121.990442,25.755916,25.438126,165,1070874624,1,180000.000,130384.767,985.516
122.014358,23.916125,24.761084,162,1070874624,1,180000.000,130387.453,985.432
122.043739,29.381625,28.421791,158,1070874624,1,180000.000,130390.691,985.330
122.067780,24.041083,25.185041,178,1070891008,1,180000.000,130393.384,985.246
122.093754,25.973834,25.694416,166,1070891008,1,180000.000,130396.277,985.155
122.118808,25.053751,25.203083,203,1070891008,1,180000.000,130399.062,985.068
122.144980,26.172251,25.485750,160,1070891008,1,180000.000,130401.925,984.979
122.169127,24.146706,25.115042,145,1070891008,1,180000.000,130404.653,984.893
122.194772,25.645211,25.387667,155,1070891008,1,180000.000,130407.492,984.804
122.219819,25.046956,25.137959,183,1070891008,1,180000.000,130410.277,984.717
122.246352,26.532877,25.415083,157,1070891008,1,180000.000,130413.196,984.626
122.270767,24.414957,25.511999,192,1070891008,1,180000.000,130415.942,984.540
122.296090,25.323335,25.067041,163,1070940160,1,180000.000,130418.758,984.451
122.321518,25.427539,25.545292,179,1070940160,1,180000.000,130421.581,984.363
122.348093,26.575461,25.203541,151,1047986176,1,180000.000,130424.484,984.272
122.373745,25.651373,26.373917,173,1040154624,1,180000.000,130427.331,984.183
122.399860,26.115749,26.036041,156,1041432576,1,180000.000,130430.281,984.091
122.424971,25.110420,25.665417,152,1041432576,1,180000.000,130433.065,984.003
122.450655,25.683831,25.128458,171,1041580032,1,180000.000,130435.896,983.915
122.475584,24.929374,25.081875,160,1042399232,1,180000.000,130438.681,983.828
122.501227,25.642917,25.394709,160,1042399232,1,180000.000,130441.509,983.739
122.527612,26.385333,25.697458,152,1042399232,1,180000.000,130444.428,983.648
122.551538,23.925625,25.175125,171,1042399232,1,180000.000,130447.132,983.563
122.577466,25.927834,25.380793,166,1042399232,1,180000.000,130449.989,983.473
122.602116,24.649959,25.082293,177,1042399232,1,180000.000,130452.750,983.387
122.627310,25.194291,25.158875,194,1042399232,1,180000.000,130455.557,983.299
122.654147,26.837252,25.038918,154,1042399232,1,180000.000,130458.499,983.207
122.680023,25.875539,26.497126,182,1042399232,1,180000.000,130461.407,983.116
122.705106,25.083043,26.110666,191,1042399232,1,180000.000,130464.203,983.028
122.730728,25.621999,25.459709,189,1042399232,1,180000.000,130467.045,982.939
122.758011,27.283419,25.551374,205,1042546688,1,180000.000,130470.059,982.845
122.782266,24.255164,25.466541,189,1042546688,1,180000.000,130472.775,982.760
122.808748,26.482042,26.056999,153,1042546688,1,180000.000,130475.695,982.668
122.834099,25.350377,25.213709,208,1042546688,1,180000.000,130478.510,982.580
122.858114,24.015583,25.070084,171,1042546688,1,180000.000,130481.201,982.496
122.883265,25.150832,25.244207,204,1042546688,1,180000.000,130483.996,982.409
122.909508,26.242960,25.442249,204,1042546688,1,180000.000,130486.915,982.317
122.934875,25.366541,25.868000,165,1042546688,1,180000.000,130489.730,982.229
122.960868,25.993168,25.438042,176,1042546688,1,180000.000,130492.591,982.139
122.985908,25.039665,25.282417,175,1042546688,1,180000.000,130495.404,982.051
123.012190,26.282582,25.391167,169,1042546688,1,180000.000,130498.288,981.961
123.037446,25.255334,25.018084,181,1042546688,1,180000.000,130501.089,981.873
123.062751,25.305457,25.829292,190,1042546688,1,180000.000,130503.904,981.785
123.092239,29.488210,25.799458,156,1042546688,1,180000.000,130507.202,981.682
123.112323,20.083334,25.240917,218,1042546688,1,180000.000,130509.455,981.611
123.140088,27.765915,26.274792,158,1042546688,1,180000.000,130512.491,981.516
123.165271,25.182210,25.644375,193,1042546688,1,180000.000,130515.338,981.427
123.191891,26.620332,26.129959,176,1042546688,1,180000.000,130518.247,981.336
123.216145,24.253625,25.134333,204,1042546688,1,180000.000,130520.989,981.250
123.242586,26.441582,26.007042,179,1042546688,1,180000.000,130523.910,981.159
123.275277,32.690752,26.028208,188,1042546688,1,180000.000,130527.535,981.045
123.294913,19.636456,26.296667,182,1043365888,1,180000.000,130529.728,980.977
123.321268,26.355043,26.097750,202,1043365888,1,180000.000,130532.657,980.885
123.346301,25.032960,25.634459,180,1043365888,1,180000.000,130535.426,980.798
123.373912,27.610958,26.764292,179,1043365888,1,180000.000,130538.502,980.702
123.400637,26.724625,26.822958,171,1043365888,1,180000.000,130541.478,980.609
123.426483,25.846165,25.931250,202,1043365888,1,180000.000,130544.345,980.519
123.453468,26.985168,26.207333,179,1043365888,1,180000.000,130547.316,980.426
123.478585,25.116332,25.625834,192,1043382272,1,180000.000,130550.141,980.337
123.503127,24.542626,25.474792,177,1043382272,1,180000.000,130552.876,980.252
123.531310,28.182376,27.064209,174,1043382272,1,180000.000,130555.972,980.155
123.556040,24.729915,25.502251,165,1043382272,1,180000.000,130558.753,980.068
123.582146,26.106875,25.514166,166,1043382272,1,180000.000,130561.620,979.978
123.606850,24.703957,25.349001,170,1043382272,1,180000.000,130564.398,979.891
123.636315,29.464751,28.183250,168,1043382272,1,180000.000,130567.661,979.789
123.661905,25.590040,25.175125,157,1043382272,1,180000.000,130570.484,979.700
123.687090,25.185253,25.275084,197,1043382272,1,180000.000,130573.284,979.613
123.711898,24.807997,26.249374,156,1043382272,1,180000.000,130576.057,979.526
123.738057,26.158292,25.353125,197,1043382272,1,180000.000,130578.939,979.436
123.762493,24.436001,25.225416,154,1043382272,1,180000.000,130581.674,979.350
123.787569,25.076751,25.137501,178,1043382272,1,180000.000,130584.476,979.262
123.812578,25.008999,24.882500,166,1043382272,1,180000.000,130587.250,979.175
123.837753,25.174044,25.151083,180,1043382272,1,180000.000,130590.047,979.088
123.863719,25.966872,25.689417,158,1043382272,1,180000.000,130592.914,978.998
123.889808,26.088417,25.216000,161,1043382272,1,180000.000,130595.806,978.907
123.916198,26.390709,25.647875,201,1043382272,1,180000.000,130598.730,978.816
123.941502,25.303375,25.745167,166,1043382272,1,180000.000,130601.528,978.728
123.966039,24.536878,25.436750,151,1043382272,1,180000.000,130604.276,978.631
123.991686,25.647707,25.399166,179,1043382272,1,180000.000,130607.100,978.532
124.016606,24.919875,25.111166,153,1043382272,1,180000.000,130609.900,978.433
124.041971,25.364876,25.421709,189,1043382272,1,180000.000,130612.711,978.334
124.066525,24.553873,24.885334,143,1043382272,1,180000.000,130615.473,978.237
124.091593,25.067542,25.159584,178,1043382272,1,180000.000,130618.262,978.139
124.116893,25.300335,25.102167,180,1043382272,1,180000.000,130621.062,978.040
124.142121,25.227834,25.130667,146,1043382272,1,180000.000,130623.853,977.942
124.166910,24.789706,24.980000,178,1043382272,1,180000.000,130626.628,977.844
124.193502,26.591502,25.339958,161,1043382272,1,180000.000,130629.551,977.741
124.217490,23.987666,25.102791,199,1043398656,1,180000.000,130632.233,977.647
124.244468,26.977874,25.136375,168,1043398656,1,180000.000,130635.209,977.542
124.268514,24.046250,25.696709,173,1043398656,1,180000.000,130637.912,977.447
124.293832,25.318127,25.078251,179,1043398656,1,180000.000,130640.688,977.349
124.321032,27.200334,26.254875,160,1043398656,1,180000.000,130643.711,977.242
124.345535,24.502456,25.576250,195,1043398656,1,180000.000,130646.475,977.145
124.372394,26.859291,25.484625,187,1043398656,1,180000.000,130649.404,977.042
124.397942,25.548209,26.105083,192,1043415040,1,180000.000,130652.279,976.941
124.424380,26.438083,25.747791,180,1043415040,1,180000.000,130655.202,976.838
124.448472,24.091378,25.232166,178,1043415040,1,180000.000,130657.879,976.743
124.474657,26.185539,26.436041,181,1043415040,1,180000.000,130660.827,976.640
124.501269,26.611708,25.775333,191,1043415040,1,180000.000,130663.763,976.536
124.526701,25.432501,25.862167,199,1043415040,1,180000.000,130666.602,976.436
124.551709,25.007542,25.445999,175,1043415040,1,180000.000,130669.383,976.338
124.578149,26.440457,25.373249,154,1043415040,1,180000.000,130672.268,976.237
124.602623,24.473254,25.226833,183,1043431424,1,180000.000,130675.034,976.139
124.628947,26.323956,25.580999,195,1043431424,1,180000.000,130677.948,976.037
124.655069,26.122294,26.009792,170,1043431424,1,180000.000,130680.851,975.934
124.679390,24.320915,25.298584,160,1043431424,1,180000.000,130683.563,975.839
124.706024,26.633792,25.252417,157,1043431424,1,180000.000,130686.485,975.736
124.730828,24.804331,25.321793,177,1043447808,1,180000.000,130689.277,975.638
124.758563,27.735543,26.310499,205,1043464192,1,180000.000,130692.368,975.529
124.782029,23.465835,25.473333,187,1043464192,1,180000.000,130694.970,975.437
124.808853,26.823707,25.873459,149,1043464192,1,180000.000,130697.915,975.333
124.833952,25.099125,25.350250,181,1043464192,1,180000.000,130700.746,975.234
124.860975,27.022958,26.087542,179,1043464192,1,180000.000,130703.714,975.129
124.886392,25.416542,26.361666,183,1043464192,1,180000.000,130706.565,975.029
124.911991,25.599420,25.971292,184,1043464192,1,180000.000,130709.404,974.929
124.938272,26.280873,25.386917,207,1043464192,1,180000.000,130712.311,974.826
124.962994,24.722084,25.880667,176,1043464192,1,180000.000,130715.083,974.729
124.992205,29.210832,28.115292,191,1043464192,1,180000.000,130718.309,974.615
125.017998,25.792960,25.980583,176,1043464192,1,180000.000,130721.178,974.514
125.044043,26.045166,26.074667,197,1043464192,1,180000.000,130724.067,974.412
125.069723,25.680125,25.959042,161,1043464192,1,180000.000,130726.940,974.311
125.095860,26.136458,25.963333,214,1043464192,1,180000.000,130729.807,974.210
125.123081,27.221333,26.677958,172,1043464192,1,180000.000,130732.838,974.103
125.147742,24.660584,24.914959,188,1043464192,1,180000.000,130735.575,974.007
125.173799,26.057374,26.031918,173,1043464192,1,180000.000,130738.478,973.905
125.199653,25.854293,25.986084,172,1043464192,1,180000.000,130741.341,973.804
125.223873,24.220210,25.379375,166,1043464192,1,180000.000,130744.067,973.708
125.253184,29.310957,28.407042,159,1043464192,1,180000.000,130747.296,973.594
125.279662,26.477959,25.597542,166,1043464192,1,180000.000,130750.250,973.490
125.305122,25.459375,25.557751,198,1043464192,1,180000.000,130753.040,973.392
125.329769,24.647415,24.907207,154,1043464192,1,180000.000,130755.800,973.295
125.355220,25.450628,25.379168,173,1043464192,1,180000.000,130758.642,973.195
125.380343,25.123082,25.032375,155,1043464192,1,180000.000,130761.417,973.097
125.404875,24.532001,25.317459,148,1043464192,1,180000.000,130764.173,973.000
125.431044,26.168957,25.387541,171,1043464192,1,180000.000,130767.048,972.899
125.455759,24.715334,25.401125,170,1043464192,1,180000.000,130769.816,972.801
125.482765,27.005538,25.826334,163,1043464192,1,180000.000,130772.797,972.696
125.507900,25.135670,26.368917,185,1043464192,1,180000.000,130775.597,972.597
125.533164,25.263540,25.504208,172,1043546112,1,180000.000,130778.403,972.499
125.560447,27.283166,26.163000,174,1043546112,1,180000.000,130781.424,972.392
125.584638,24.191376,25.212833,191,1043546112,1,180000.000,130784.144,972.296
125.611599,26.960500,25.906124,153,1043546112,1,180000.000,130787.119,972.192
125.635883,24.284501,25.175751,158,1043546112,1,180000.000,130789.838,972.096
125.661285,25.401916,25.229208,156,1043562496,1,180000.000,130792.662,971.996
125.686619,25.333542,25.463249,149,1043644416,1,180000.000,130795.476,971.897
125.711906,25.286749,25.088959,157,1043644416,1,180000.000,130798.288,971.798
125.738032,26.126210,25.524666,166,1043644416,1,180000.000,130801.154,971.697
125.762517,24.484832,25.039375,151,1043644416,1,180000.000,130803.915,971.595
125.787745,25.228750,25.358084,180,1043644416,1,180000.000,130806.723,971.490
125.813398,25.652125,25.446751,177,1043644416,1,180000.000,130809.564,971.385
125.840063,26.665501,25.386583,178,1043644416,1,180000.000,130812.490,971.276
125.867200,27.137373,26.314459,146,1043644416,1,180000.000,130815.513,971.164
125.890649,23.448668,25.739500,183,1043808256,1,180000.000,130818.143,971.066
125.918132,27.482625,26.629292,165,1043808256,1,180000.000,130821.167,970.953
125.942794,24.662375,25.187166,187,1043808256,1,180000.000,130823.939,970.850
125.968300,25.506124,25.214293,179,1043808256,1,180000.000,130826.771,970.745
125.995000,26.699707,26.204334,181,1043808256,1,180000.000,130829.743,970.635
126.020578,25.577877,25.804958,146,1043808256,1,180000.000,130832.557,970.530
126.045768,25.190707,25.508541,167,1043808256,1,180000.000,130835.388,970.425
126.071742,25.973376,25.520958,186,1043808256,1,180000.000,130838.251,970.318
126.098599,26.856791,26.257000,168,1043808256,1,180000.000,130841.229,970.208
126.124192,25.592957,25.568125,198,1043808256,1,180000.000,130844.098,970.101
126.150115,25.923792,26.824833,167,1043808256,1,180000.000,130846.988,969.994
126.177304,27.188543,25.790333,141,1043808256,1,180000.000,130849.954,969.883
126.201577,24.273250,25.284624,180,1043808256,1,180000.000,130852.699,969.781
126.227879,26.301417,26.112917,181,1043808256,1,180000.000,130855.623,969.673
126.254668,26.789289,26.094292,199,1043808256,1,180000.000,130858.588,969.562
126.279390,24.721794,24.935625,178,1043808256,1,180000.000,130861.311,969.461
126.304286,24.896041,24.990168,180,1043808256,1,180000.000,130864.077,969.358
126.328454,24.168707,25.254583,191,1043808256,1,180000.000,130866.794,969.257
126.355195,26.740376,26.032749,180,1043808256,1,180000.000,130869.755,969.147
126.381397,26.201751,25.543959,176,1043808256,1,180000.000,130872.651,969.040
126.406819,25.422789,25.368500,159,1043808256,1,180000.000,130875.475,968.935
126.431373,24.553627,25.281750,178,1043808256,1,180000.000,130878.226,968.833
126.459184,27.811207,26.155293,175,1043808256,1,180000.000,130881.290,968.719
126.484858,25.673628,26.421041,201,1043808256,1,180000.000,130884.164,968.612
126.508957,24.099000,24.856459,199,1043808256,1,180000.000,130886.858,968.512
126.534621,25.664374,25.487583,176,1043824640,1,180000.000,130889.708,968.406
126.561199,26.578166,26.908958,190,1043824640,1,180000.000,130892.644,968.297
126.588832,27.632333,26.560083,182,1043824640,1,180000.000,130895.682,968.184
126.614799,25.967624,26.145334,201,1043824640,1,180000.000,130898.602,968.075
126.640223,25.424208,25.686125,189,1043824640,1,180000.000,130901.427,967.970
126.666408,26.184794,26.571041,171,1043824640,1,180000.000,130904.337,967.862
126.694230,27.821749,27.132708,178,1043824640,1,180000.000,130907.403,967.748
126.719684,25.454082,25.878958,153,1043824640,1,180000.000,130910.269,967.642
126.746094,26.409458,26.294374,180,1043791872,1,180000.000,130913.207,967.532
126.772195,26.101626,26.079542,202,1043791872,1,180000.000,130916.110,967.424
126.798059,25.864042,26.096083,160,1043791872,1,180000.000,130918.946,967.319
126.823004,24.944875,25.309334,162,1043791872,1,180000.000,130921.743,967.215
126.853576,30.571375,29.447208,168,1043791872,1,180000.000,130925.140,967.089
126.880173,26.597623,26.275208,163,1043791872,1,180000.000,130928.067,966.980
126.905476,25.302626,25.724001,165,1043791872,1,180000.000,130930.886,966.875
126.929882,24.405915,25.306749,163,1043791872,1,180000.000,130933.625,966.773
126.956292,26.410293,25.297958,172,1043791872,1,180000.000,130936.541,966.665
126.981073,24.780583,25.189041,196,1043791872,1,180000.000,130939.278,966.563
127.006572,25.499210,25.243376,162,1043791872,1,180000.000,130942.096,966.459
127.032256,25.684457,25.231167,150,1043791872,1,180000.000,130944.971,966.352
127.056828,24.571501,26.124874,190,1043791872,1,180000.000,130947.723,966.249
127.082160,25.332168,24.915001,147,1043808256,1,180000.000,130950.526,966.145
127.108682,26.522331,25.335501,158,1043808256,1,180000.000,130953.436,966.037
127.133781,25.099251,25.353916,193,1043808256,1,180000.000,130956.251,965.932
127.158710,24.928585,25.047417,162,1043808256,1,180000.000,130959.008,965.830
127.183977,25.266457,25.115499,198,1043808256,1,180000.000,130961.842,965.725
127.208296,24.319164,24.988667,158,1043808256,1,180000.000,130964.526,965.625
127.233088,24.792586,25.169416,159,1043808256,1,180000.000,130967.314,965.521
127.259868,26.779540,25.622583,175,1043808256,1,180000.000,130970.240,965.412
127.285532,25.664419,25.235584,156,1043808256,1,180000.000,130973.109,965.306
127.310657,25.125001,25.947834,170,1043808256,1,180000.000,130975.901,965.202
127.337381,26.723292,26.219292,168,1043808256,1,180000.000,130978.888,965.091
127.362587,25.206164,25.993376,184,1043808256,1,180000.000,130981.679,964.987
127.390570,27.983792,26.924875,160,1043808256,1,180000.000,130984.770,964.872
127.414923,24.352919,25.210291,166,1043808256,1,180000.000,130987.487,964.771
127.440122,25.199082,25.133291,171,1043808256,1,180000.000,130990.318,964.666
127.466266,26.143666,25.868042,178,1043808256,1,180000.000,130993.175,964.560
127.491003,24.737000,25.358208,177,1043808256,1,180000.000,130995.963,964.456
127.517296,26.292667,25.380917,193,1043808256,1,180000.000,130998.871,964.348
127.542826,25.530498,25.739000,178,1043824640,1,180000.000,131001.725,964.242
127.567935,25.108878,25.503292,181,1043824640,1,180000.000,131004.489,964.139
127.594008,26.072789,25.049625,159,1043824640,1,180000.000,131007.383,964.032
127.618340,24.332501,25.477083,190,1043824640,1,180000.000,131010.116,963.930
127.645248,26.907958,25.896292,198,1043824640,1,180000.000,131013.083,963.820
127.670419,25.170211,25.420458,190,1043824640,1,180000.000,131015.899,963.715
127.696688,26.269790,26.214041,161,1043824640,1,180000.000,131018.787,963.608
127.721788,25.099918,25.269333,141,1043824640,1,180000.000,131021.576,963.504
127.745787,23.998749,25.127001,179,1043824640,1,180000.000,131024.284,963.404
127.774904,29.117167,26.599125,172,1043824640,1,180000.000,131027.470,963.285
127.798919,24.014998,25.137167,178,1043824640,1,180000.000,131030.180,963.185
127.825359,26.439793,26.080084,171,1043824640,1,180000.000,131033.097,963.076
127.849233,23.874167,24.987459,173,1043841024,1,180000.000,131035.775,962.977
127.875049,25.815707,25.190001,187,1043841024,1,180000.000,131038.643,962.870
127.900445,25.395874,25.827126,163,1043841024,1,180000.000,131041.446,962.766
127.925765,25.319833,25.321291,185,1043841024,1,180000.000,131044.280,962.661
127.951784,26.019085,25.231709,163,1043841024,1,180000.000,131047.129,962.555
127.976835,25.050793,25.009417,190,1043841024,1,180000.000,131049.940,962.450
128.002452,25.617581,26.156626,198,1043841024,1,180000.000,131052.802,962.344
128.029328,26.876003,25.910292,199,1043841024,1,180000.000,131055.753,962.234
128.053704,24.376038,25.319666,178,1043922944,1,180000.000,131058.461,962.134
128.081091,27.386460,26.959042,191,1043922944,1,180000.000,131061.530,962.020
128.107414,26.323251,26.035917,173,1043922944,1,180000.000,131064.463,961.911
128.134149,26.734706,26.279499,168,1043922944,1,180000.000,131067.408,961.801
128.158911,24.762291,25.323792,173,1043922944,1,180000.000,131070.184,961.698
128.184579,25.668208,26.218208,212,1043922944,1,180000.000,131073.036,961.592
128.212993,28.414458,27.436708,176,1043922944,1,180000.000,131076.182,961.475
128.238645,25.651667,25.460125,194,1043922944,1,180000.000,131078.997,961.370
128.262913,24.268292,25.423000,178,1043922944,1,180000.000,131081.732,961.269
128.289568,26.654627,26.034916,201,1043922944,1,180000.000,131084.698,961.159
128.314947,25.379039,26.062250,191,1044201472,1,180000.000,131087.526,961.053
128.343803,28.855875,28.160749,178,1044201472,1,180000.000,131090.721,960.935
128.369582,25.779001,25.696083,212,1044283392,1,180000.000,131093.592,960.828
128.395122,25.539584,25.299166,195,1044283392,1,180000.000,131096.398,960.724
128.420856,25.734290,25.550209,178,1044283392,1,180000.000,131099.252,960.618
128.445637,24.781331,24.981625,173,1044283392,1,180000.000,131101.997,960.516
128.470408,24.770543,25.368750,179,1044283392,1,180000.000,131104.785,960.412
128.495353,24.945002,25.307125,155,1044283392,1,180000.000,131107.566,960.309
128.520791,25.438208,25.269375,160,1044299776,1,180000.000,131110.383,960.204
128.546823,26.032042,26.187750,187,1044299776,1,180000.000,131113.257,960.097
128.574208,27.385458,26.197750,157,1044299776,1,180000.000,131116.302,959.984
128.598341,24.132539,25.235750,193,1044299776,1,180000.000,131119.004,959.884
128.624461,26.120044,25.280542,160,1044299776,1,180000.000,131121.881,959.777
128.650991,26.529498,25.668083,178,1044299776,1,180000.000,131124.839,959.667
128.676977,25.986709,26.362167,170,1044299776,1,180000.000,131127.706,959.560
128.701183,24.205793,25.289833,171,1044299776,1,180000.000,131130.424,959.459
128.726622,25.439166,25.513584,149,1044299776,1,180000.000,131133.261,959.354
128.752707,26.084833,25.124083,161,1044299776,1,180000.000,131136.113,959.248
128.777518,24.810627,25.088875,184,1044299776,1,180000.000,131138.918,959.144
128.803847,26.329000,25.730291,190,1044299776,1,180000.000,131141.815,959.036
128.828007,24.160165,25.462166,163,1044299776,1,180000.000,131144.507,958.936
128.854221,26.214544,25.542376,181,1044299776,1,180000.000,131147.395,958.829
128.878359,24.137832,24.795750,149,1044299776,1,180000.000,131150.120,958.727
128.903490,25.130417,25.388624,203,1044299776,1,180000.000,131152.921,958.623
128.931692,28.202042,26.780083,157,1044299776,1,180000.000,131156.013,958.508
128.957241,25.549125,25.518084,196,1044299776,1,180000.000,131158.882,958.402
128.983204,25.963582,26.046083,187,1044299776,1,180000.000,131161.768,958.294
129.010388,27.183291,26.674541,200,1044299776,1,180000.000,131164.751,958.184
129.035479,25.091667,26.415501,147,1044381696,1,180000.000,131167.583,958.078
129.060747,25.267836,25.173334,166,1044381696,1,180000.000,131170.392,957.974
129.087811,27.063664,26.290125,183,1044381696,1,180000.000,131173.392,957.862
129.113532,25.721461,25.826584,175,1044381696,1,180000.000,131176.243,957.757
129.139080,25.547624,26.035376,200,1044381696,1,180000.000,131179.090,957.651
129.165014,25.934499,25.391293,176,1044381696,1,180000.000,131181.975,957.543
129.190887,25.872461,25.553625,167,1044381696,1,180000.000,131184.829,957.437
129.216672,25.784872,26.298292,173,1044381696,1,180000.000,131187.677,957.332
129.245064,28.392084,26.507792,184,1044381696,1,180000.000,131190.850,957.214
129.269232,24.168208,25.649250,186,1044381696,1,180000.000,131193.553,957.113
129.296954,27.721751,26.918501,196,1044381696,1,180000.000,131196.608,957.000
129.324994,28.039709,27.531166,176,1044381696,1,180000.000,131199.710,956.884
129.348170,23.176372,25.079250,185,1044381696,1,180000.000,131202.316,956.788
129.374289,26.118711,24.837999,149,1044381696,1,180000.000,131205.180,956.681
129.398189,23.900624,25.091167,175,1044381696,1,180000.000,131207.883,956.581
129.423740,25.550999,25.852291,179,1044381696,1,180000.000,131210.724,956.475
129.450810,27.069792,26.666542,185,1044381696,1,180000.000,131213.708,956.364
129.478419,27.609460,26.561750,176,1044381696,1,180000.000,131216.775,956.250
129.504686,26.266664,25.940250,176,1044381696,1,180000.000,131219.688,956.142
129.530932,26.245628,26.052958,178,1044381696,1,180000.000,131222.574,956.035
129.556440,25.508083,26.076416,167,1044381696,1,180000.000,131225.434,955.929
129.584154,27.714167,27.132833,170,1044381696,1,180000.000,131228.507,955.814
129.610173,26.018914,25.797417,179,1044381696,1,180000.000,131231.419,955.706
129.633537,23.364458,24.693459,173,1044398080,1,180000.000,131234.021,955.609
129.659040,25.502417,25.289583,167,1044398080,1,180000.000,131236.860,955.504
129.684547,25.507085,25.511875,194,1044398080,1,180000.000,131239.699,955.399
129.713059,28.512456,28.718624,183,1044398080,1,180000.000,131242.871,955.281
129.740876,27.816959,25.961292,169,1044398080,1,180000.000,131245.918,955.167
129.765962,25.085334,26.126459,203,1044480000,1,180000.000,131248.740,955.063
129.792713,26.751667,26.071501,182,1044480000,1,180000.000,131251.703,954.952
129.816611,23.897458,25.202042,160,1044480000,1,180000.000,131254.369,954.853
129.842701,26.089959,25.214750,146,1044480000,1,180000.000,131257.224,954.747
129.867680,24.978876,25.075375,199,1044480000,1,180000.000,131260.041,954.643
129.892596,24.916541,25.404167,169,1044480000,1,180000.000,131262.813,954.540
129.917905,25.308792,25.344917,184,1044480000,1,180000.000,131265.627,954.435
129.943809,25.903709,24.814791,168,1044480000,1,180000.000,131268.476,954.329
129.969081,25.272083,25.211000,176,1044480000,1,180000.000,131271.309,954.224
129.995805,26.724543,26.919250,161,1044480000,1,180000.000,131274.280,954.114
130.022264,26.459165,26.433624,149,1044480000,1,180000.000,131277.185,954.006
130.047799,25.534417,25.066166,174,1044496384,1,180000.000,131280.023,953.900
130.072723,24.924375,25.556084,140,1044496384,1,180000.000,131282.787,953.797
130.097714,24.991248,25.080791,158,1044496384,1,180000.000,131285.564,953.694
130.123552,25.837962,25.023958,153,1044512768,1,180000.000,131288.436,953.588
130.147777,24.224415,25.086584,172,1044512768,1,180000.000,131291.167,953.486
130.173932,26.155084,25.774334,169,1044512768,1,180000.000,131294.035,953.380
130.199452,25.520291,25.122833,157,1044512768,1,180000.000,131296.856,953.275
130.224329,24.876956,25.386168,153,1044512768,1,180000.000,131299.652,953.171
130.249301,24.971794,25.140125,190,1044512768,1,180000.000,131302.437,953.067
130.275014,25.713459,25.982042,175,1044512768,1,180000.000,131305.305,952.961
130.300485,25.470458,25.208042,171,1044512768,1,180000.000,131308.123,952.856
130.326826,26.341416,25.163626,159,1044512768,1,180000.000,131311.033,952.748
130.351413,24.586584,25.967083,153,1044512768,1,180000.000,131313.796,952.645
130.377384,25.971040,25.443916,186,1044594688,1,180000.000,131316.677,952.538
130.402243,24.858665,24.884251,174,1044594688,1,180000.000,131319.426,952.436
130.428049,25.806628,24.958166,173,1044594688,1,180000.000,131322.294,952.329
130.454441,26.391707,26.089001,182,1044594688,1,180000.000,131325.218,952.221
130.479532,25.091540,25.352167,188,1044594688,1,180000.000,131328.019,952.117
130.504602,25.069419,24.761375,169,1044594688,1,180000.000,131330.810,952.013
130.530190,25.587875,26.613667,162,1044594688,1,180000.000,131333.654,951.907
130.558049,27.858831,25.356874,178,1044594688,1,180000.000,131336.719,951.794
130.582953,24.904750,26.378042,189,1044611072,1,180000.000,131339.506,951.690
130.608985,26.031751,26.082582,194,1044611072,1,180000.000,131342.393,951.583
130.633931,24.946000,25.655542,177,1044611072,1,180000.000,131345.163,951.480
130.660892,26.960500,25.829082,184,1044611072,1,180000.000,131348.150,951.369
130.685851,24.959166,25.408167,173,1044611072,1,180000.000,131350.937,951.265
130.711439,25.588252,25.594584,171,1044611072,1,180000.000,131353.798,951.159
130.738468,27.028538,26.394125,189,1044611072,1,180000.000,131356.790,951.048
130.762764,24.296626,24.890499,185,1044611072,1,180000.000,131359.497,950.947
130.789441,26.677251,26.140083,158,1044611072,1,180000.000,131362.432,950.838
130.814512,25.070250,25.205376,153,1044611072,1,180000.000,131365.235,950.734
130.839573,25.061000,25.331249,179,1044627456,1,180000.000,131368.035,950.630
130.866418,26.845541,26.802042,190,1044627456,1,180000.000,131370.972,950.521
130.893725,27.306333,27.236126,181,1044627456,1,180000.000,131374.045,950.407
130.919919,26.194166,25.722208,188,1044627456,1,180000.000,131376.935,950.299
130.945986,26.067249,26.011583,171,1044627456,1,180000.000,131379.848,950.191
130.970473,24.487086,25.228458,191,1044627456,1,180000.000,131382.548,950.091
130.997465,26.992206,26.422083,179,1044627456,1,180000.000,131385.555,949.979
131.023746,26.280627,25.716208,164,1044627456,1,180000.000,131388.464,949.871
131.048168,24.422582,26.089708,170,1044627456,1,180000.000,131391.206,949.769
131.075405,27.236961,26.730749,164,1044627456,1,180000.000,131394.236,949.656
131.100437,25.031500,25.253084,190,1044627456,1,180000.000,131397.022,949.553
131.130558,30.120999,28.699417,171,1044627456,1,180000.000,131400.328,949.430
131.157223,26.665542,25.986292,174,1044627456,1,180000.000,131403.305,949.319
131.181165,23.941085,25.350876,176,1044627456,1,180000.000,131405.977,949.220
131.207722,26.557498,25.788792,178,1044627456,1,180000.000,131408.928,949.110
131.231603,23.880918,25.029249,148,1044627456,1,180000.000,131411.579,949.012
131.256970,25.367416,25.018875,172,1044627456,1,180000.000,131414.377,948.908
131.281330,24.359584,24.867416,173,1044627456,1,180000.000,131417.119,948.806
131.307145,25.815498,25.571625,159,1044627456,1,180000.000,131419.989,948.700
131.333539,26.393544,25.167749,185,1044627456,1,180000.000,131422.882,948.592
131.357930,24.391081,25.397041,155,1044627456,1,180000.000,131425.605,948.491
131.382784,24.854127,24.895166,165,1044627456,1,180000.000,131428.385,948.388
131.409247,26.462998,25.169125,169,1044627456,1,180000.000,131431.288,948.280
131.433332,24.084624,25.226542,164,1044627456,1,180000.000,131434.006,948.179
131.459424,26.091918,25.225124,175,1044627456,1,180000.000,131436.875,948.072
131.484292,24.868000,25.080292,140,1044627456,1,180000.000,131439.638,947.970
131.508605,24.312999,24.792334,143,1044627456,1,180000.000,131442.352,947.869
131.533848,25.243584,24.814333,177,1044627456,1,180000.000,131445.136,947.765
131.558371,24.522498,25.073250,173,1044627456,1,180000.000,131447.876,947.663
131.585569,27.197711,26.331541,157,1044627456,1,180000.000,131450.883,947.552
131.611099,25.530539,24.879583,166,1044627456,1,180000.000,131453.723,947.446
131.635162,24.062917,25.347166,174,1044627456,1,180000.000,131456.428,947.346
131.660931,25.769126,25.605333,167,1044627456,1,180000.000,131459.296,947.239
131.686881,25.950167,25.089666,179,1044627456,1,180000.000,131462.157,947.133
131.712028,25.146585,24.835251,157,1044627456,1,180000.000,131464.944,947.029
131.738162,26.134498,25.209625,180,1044627456,1,180000.000,131467.861,946.921
131.762453,24.290707,25.776875,183,1044627456,1,180000.000,131470.575,946.820
131.788899,26.445959,25.510458,163,1044627456,1,180000.000,131473.459,946.713
131.813544,24.645042,26.405666,184,1044627456,1,180000.000,131476.257,946.609
131.841590,28.046168,26.853416,177,1044627456,1,180000.000,131479.367,946.494
131.866620,25.029290,25.753042,157,1044627456,1,180000.000,131482.150,946.390
131.892426,25.806792,25.610292,181,1044627456,1,180000.000,131485.015,946.284
131.918768,26.341915,25.865208,165,1044627456,1,180000.000,131487.929,946.175
131.944844,26.075959,25.382917,167,1044627456,1,180000.000,131490.814,946.068
131.970194,25.349624,25.535250,185,1044627456,1,180000.000,131493.644,945.963
131.995716,25.522541,25.714582,190,1044643840,1,180000.000,131496.488,945.858
132.023607,27.890835,26.637501,164,1044643840,1,180000.000,131499.564,945.743
132.048265,24.657499,25.544916,176,1044643840,1,180000.000,131502.311,945.641
132.073489,25.223918,26.187292,169,1044643840,1,180000.000,131505.139,945.536
132.101701,28.212167,26.129126,175,1044643840,1,180000.000,131508.232,945.421
132.127529,25.827833,26.158041,192,1044643840,1,180000.000,131511.101,945.315
132.152543,25.014706,26.085167,193,1044643840,1,180000.000,131513.921,945.210
132.179069,26.526045,25.737000,147,1044643840,1,180000.000,131516.855,945.101
132.202650,23.580872,24.903166,183,1044643840,1,180000.000,131519.490,945.003
132.230739,28.088376,27.112167,180,1044660224,1,180000.000,131522.612,944.887
132.258730,27.991336,26.334375,169,1044660224,1,180000.000,131525.699,944.772
132.283226,24.495792,25.884750,192,1044692992,1,180000.000,131528.427,944.671
132.308836,25.609955,25.765249,172,1044692992,1,180000.000,131531.284,944.565
132.335476,26.640210,25.891167,166,1044692992,1,180000.000,131534.214,944.456
132.359794,24.317916,25.564291,204,1044692992,1,180000.000,131536.952,944.354
132.387827,28.033040,27.250542,185,1044692992,1,180000.000,131540.050,944.239
132.413348,25.521208,26.148251,169,1044692992,1,180000.000,131542.887,944.134
132.440193,26.845127,26.290417,166,1044692992,1,180000.000,131545.861,944.023
132.467512,27.318414,26.787458,177,1044692992,1,180000.000,131548.914,943.910
132.495432,27.920544,27.245251,171,1044692992,1,180000.000,131551.990,943.796
132.520075,24.642706,25.022209,183,1044692992,1,180000.000,131554.712,943.694
132.545585,25.510378,26.156208,185,1044692992,1,180000.000,131557.582,943.588
132.571877,26.291791,26.219500,195,1044692992,1,180000.000,131560.516,943.479
132.597891,26.014082,26.287708,154,1044692992,1,180000.000,131563.375,943.373
132.623969,26.078209,25.233084,171,1044692992,1,180000.000,131566.286,943.264
132.649417,25.447540,26.072916,161,1044692992,1,180000.000,131569.123,943.159
132.674608,25.190625,25.659124,188,1044692992,1,180000.000,131571.926,943.055
132.699940,25.332540,25.319208,158,1044692992,1,180000.000,131574.741,942.950
132.725084,25.144417,25.043167,146,1044692992,1,180000.000,131577.523,942.847
132.750257,25.172420,24.905167,160,1044692992,1,180000.000,131580.318,942.743
132.775730,25.473122,25.069416,181,1044692992,1,180000.000,131583.166,942.637
132.800569,24.839211,25.574209,139,1044692992,1,180000.000,131585.918,942.535
132.825458,24.888873,24.903542,165,1044692992,1,180000.000,131588.682,942.432
132.850575,25.116500,24.779959,147,1044692992,1,180000.000,131591.465,942.329
132.875701,25.126833,24.911709,157,1044692992,1,180000.000,131594.255,942.225
132.900384,24.682086,25.080833,179,1044692992,1,180000.000,131596.988,942.124
132.927352,26.968330,26.072666,147,1044692992,1,180000.000,131599.966,942.013
132.952349,24.997335,25.006332,142,1044692992,1,180000.000,131602.751,941.910
132.976812,24.462748,24.865749,163,1044692992,1,180000.000,131605.493,941.808
133.004374,27.562376,25.587875,166,1044692992,1,180000.000,131608.552,941.694
133.027818,23.443334,25.609417,172,1044692992,1,180000.000,131611.176,941.597
133.054671,26.853167,25.666458,165,1044692992,1,180000.000,131614.119,941.487
133.080199,25.528416,26.193251,147,1044692992,1,180000.000,131616.964,941.382
133.105364,25.164541,25.314583,159,1044856832,1,180000.000,131619.752,941.278
133.131491,26.126876,26.173750,167,1044856832,1,180000.000,131622.688,941.169
133.157241,25.749959,25.553541,171,1044856832,1,180000.000,131625.535,941.063
133.182231,24.989959,24.926708,175,1044856832,1,180000.000,131628.325,940.960
133.208344,26.113417,25.162958,176,1044856832,1,180000.000,131631.205,940.853
133.234513,26.168667,25.928207,171,1044856832,1,180000.000,131634.090,940.746
133.258695,24.182748,25.359333,191,1044856832,1,180000.000,131636.824,940.644
133.283988,25.292832,25.441917,183,1044856832,1,180000.000,131639.634,940.540
133.311289,27.300335,25.716791,164,1044856832,1,180000.000,131642.653,940.427
133.336941,25.652498,25.734333,192,1044856832,1,180000.000,131645.512,940.321
133.363612,26.671458,26.554543,169,1044856832,1,180000.000,131648.452,940.212
133.388416,24.803251,24.799334,168,1044856832,1,180000.000,131651.199,940.110
133.413106,24.690416,25.884874,164,1044856832,1,180000.000,131653.978,940.007
133.439231,26.124835,25.902042,169,1044856832,1,180000.000,131656.875,939.899
133.465896,26.664749,25.990208,200,1044856832,1,180000.000,131659.841,939.789
133.491101,25.205709,26.059584,175,1044856832,1,180000.000,131662.648,939.685
133.517837,26.735459,25.757250,171,1044938752,1,180000.000,131665.597,939.575
133.544048,26.211292,25.802668,153,1044938752,1,180000.000,131668.491,939.468
133.568960,24.912085,25.032749,182,1044938752,1,180000.000,131671.298,939.363
133.597068,28.107539,27.652834,173,1044938752,1,180000.000,131674.406,939.248
133.622176,25.108334,25.329792,169,1044938752,1,180000.000,131677.208,939.144
133.648715,26.539043,26.835167,173,1044938752,1,180000.000,131680.160,939.034
133.675206,26.491251,26.197416,177,1044938752,1,180000.000,131683.083,938.926
133.701246,26.039500,25.600876,201,1044938752,1,180000.000,131685.956,938.819
133.726621,25.374793,26.062166,185,1044938752,1,180000.000,131688.793,938.714
133.754605,27.983788,27.045584,177,1044938752,1,180000.000,131691.878,938.599
133.779608,25.003500,25.951250,184,1044938752,1,180000.000,131694.694,938.494
133.808866,29.258084,27.442167,166,1044938752,1,180000.000,131697.947,938.374
133.833103,24.236541,25.906292,172,1044938752,1,180000.000,131700.617,938.274
133.860585,27.482294,26.964750,191,1044938752,1,180000.000,131703.672,938.161
133.886055,25.470499,25.509083,166,1044938752,1,180000.000,131706.509,938.056
133.911343,25.287583,25.525457,198,1044938752,1,180000.000,131709.341,937.950
133.937514,26.170876,26.365875,180,1044938752,1,180000.000,131712.245,937.842
133.963730,26.215792,26.055374,171,1044938752,1,180000.000,131715.141,937.735
133.989799,26.069626,26.655792,186,1044938752,1,180000.000,131718.046,937.627
134.017517,27.718082,26.801624,159,1044938752,1,180000.000,131721.100,937.514
134.042563,25.045790,25.299042,149,1044938752,1,180000.000,131723.891,937.410
134.067122,24.558708,25.112167,177,1044938752,1,180000.000,131726.653,937.307
134.093472,26.350170,25.202333,169,1044938752,1,180000.000,131729.538,937.200
134.118121,24.649248,25.197708,157,1044938752,1,180000.000,131732.271,937.099
134.143144,25.023125,25.136042,158,1044955136,1,180000.000,131735.077,936.994
134.168997,25.852125,25.403917,198,1044955136,1,180000.000,131737.970,936.887
134.194665,25.668416,25.637501,145,1044955136,1,180000.000,131740.779,936.783
134.220319,25.654335,24.994375,163,1044955136,1,180000.000,131743.627,936.677
134.245063,24.743207,25.111458,150,1044955136,1,180000.000,131746.388,936.574
134.269731,24.668958,25.401167,172,1044955136,1,180000.000,131749.147,936.472
134.294724,24.992127,25.114334,165,1044955136,1,180000.000,131751.944,936.368
134.321064,26.340708,25.654083,151,1044955136,1,180000.000,131754.818,936.261
134.346718,25.653791,25.117624,151,1044955136,1,180000.000,131757.668,936.155
134.370823,24.105292,25.104876,166,1044955136,1,180000.000,131760.389,936.054
134.396757,25.933418,25.571083,163,1044955136,1,180000.000,131763.273,935.947
134.422043,25.286622,25.565332,189,1044971520,1,180000.000,131766.081,935.843
134.449068,27.024709,25.986000,159,1044971520,1,180000.000,131769.054,935.732
134.473437,24.368502,25.228416,163,1044971520,1,180000.000,131771.780,935.631
134.499791,26.354622,25.162500,171,1044971520,1,180000.000,131774.700,935.523
134.524951,25.160208,26.212542,154,1044971520,1,180000.000,131777.523,935.418
134.551794,26.842587,25.569792,141,1044971520,1,180000.000,131780.472,935.308
134.576215,24.420999,25.664875,178,1044971520,1,180000.000,131783.197,935.207
134.603390,27.175374,26.069124,186,1044971520,1,180000.000,131786.217,935.095
134.627617,24.226084,25.087250,151,1044971520,1,180000.000,131788.911,934.995
134.652929,25.312707,25.208458,168,1044971520,1,180000.000,131791.728,934.890
134.678141,25.211252,25.512417,175,1044971520,1,180000.000,131794.538,934.786
134.705209,27.068291,25.727083,174,1045053440,1,180000.000,131797.511,934.675
134.729458,24.249624,25.252083,179,1045053440,1,180000.000,131800.241,934.574
134.756561,27.102958,25.990334,190,1045053440,1,180000.000,131803.221,934.463
134.782856,26.294876,26.021791,160,1045053440,1,180000.000,131806.158,934.348
134.807508,24.651874,25.084999,172,1045053440,1,180000.000,131808.893,934.241
134.833155,25.646500,25.587917,169,1045053440,1,180000.000,131811.739,934.130
134.859061,25.906168,25.644833,172,1045069824,1,180000.000,131814.618,934.018
134.885832,26.771583,26.026459,172,1045069824,1,180000.000,131817.591,933.901
134.910131,24.298251,25.361542,178,1045741568,1,180000.000,131820.315,933.795
134.935174,25.043000,25.835541,186,1045741568,1,180000.000,131823.074,933.687
134.962848,27.674664,26.386250,174,1045741568,1,180000.000,131826.152,933.567
134.988073,25.224753,26.012251,182,1045741568,1,180000.000,131828.969,933.456
135.014540,26.467290,25.597918,164,1045741568,1,180000.000,131831.893,933.342
135.040870,26.329167,25.906792,180,1045741568,1,180000.000,131834.801,933.228
135.065984,25.114249,26.140625,174,1045741568,1,180000.000,131837.634,933.118
135.091791,25.807709,26.193001,198,1045741568,1,180000.000,131840.500,933.006
135.119414,27.622335,26.682833,171,1045905408,1,180000.000,131843.515,932.888
135.146884,27.470626,27.223083,183,1045905408,1,180000.000,131846.598,932.767
135.172526,25.641289,25.955626,168,1045905408,1,180000.000,131849.441,932.656
135.199057,26.531335,26.955208,169,1045905408,1,180000.000,131852.421,932.540
135.225651,26.594043,25.562250,166,1045905408,1,180000.000,131855.349,932.425
135.251463,25.811542,25.560041,169,1045905408,1,180000.000,131858.186,932.314
135.276952,25.489166,25.973333,179,1045905408,1,180000.000,131861.068,932.202
135.303176,26.224498,26.264458,202,1045905408,1,180000.000,131863.979,932.088
135.328721,25.544252,25.635708,174,1045905408,1,180000.000,131866.811,931.977
135.354034,25.313582,25.377459,194,1045905408,1,180000.000,131869.641,931.866
135.380412,26.377667,25.929417,161,1045905408,1,180000.000,131872.544,931.753
135.405143,24.730958,25.532375,160,1045905408,1,180000.000,131875.320,931.644
135.431446,26.303668,25.332834,170,1045905408,1,180000.000,131878.206,931.532
135.457247,25.801040,25.370251,166,1045905408,1,180000.000,131881.067,931.420
135.481732,24.484877,25.569584,176,1045905408,1,180000.000,131883.828,931.312
135.507787,26.054706,25.694124,150,1045905408,1,180000.000,131886.699,931.199
135.532934,25.146917,25.369667,185,1045905408,1,180000.000,131889.504,931.090
135.560959,28.025378,27.031958,168,1045905408,1,180000.000,131892.601,930.969
135.586079,25.119375,25.304916,163,1045905408,1,180000.000,131895.393,930.860
135.611370,25.291622,25.299583,140,1045905408,1,180000.000,131898.189,930.750
135.636956,25.585253,25.077791,171,1045905408,1,180000.000,131901.029,930.639
135.661164,24.207998,25.447874,175,1045905408,1,180000.000,131903.755,930.533
135.686702,25.538791,25.476376,150,1045905408,1,180000.000,131906.580,930.422
135.712595,25.892626,25.007584,165,1045905408,1,180000.000,131909.426,930.311
135.738989,26.393835,25.930124,170,1045905408,1,180000.000,131912.370,930.196
135.763312,24.323165,25.500376,156,1045905408,1,180000.000,131915.112,930.089
135.788654,25.341626,25.346251,174,1045905408,1,180000.000,131917.919,929.979
135.814052,25.398705,25.473749,166,1045905408,1,180000.000,131920.758,929.868
135.840553,26.500542,25.213209,165,1045905408,1,180000.000,131923.685,929.754
135.864558,24.005461,25.158167,161,1045905408,1,180000.000,131926.354,929.649
135.890865,26.306417,25.421499,148,1045905408,1,180000.000,131929.255,929.536
135.916310,25.445290,25.090250,146,1045905408,1,180000.000,131932.076,929.425
135.940443,24.132501,25.297459,195,1045905408,1,180000.000,131934.800,929.319
135.966470,26.027124,25.563875,179,1045905408,1,180000.000,131937.669,929.207
135.992768,26.298709,26.001541,163,1045905408,1,180000.000,131940.578,929.093
136.017444,24.676122,24.991791,161,1045905408,1,180000.000,131943.352,928.985
136.042830,25.385670,25.787209,174,1045921792,1,180000.000,131946.179,928.874
136.068865,26.034623,25.716875,182,1045921792,1,180000.000,131949.067,928.761
136.094470,25.605626,25.372375,181,1045921792,1,180000.000,131951.897,928.651
136.121021,26.550956,25.763792,179,1045921792,1,180000.000,131954.840,928.536
136.146614,25.592543,25.677042,191,1045921792,1,180000.000,131957.679,928.425
136.173284,26.670206,26.056000,174,1045921792,1,180000.000,131960.648,928.308
136.198830,25.545500,26.058416,169,1045921792,1,180000.000,131963.498,928.197
136.224810,25.980044,26.176374,181,1045921792,1,180000.000,131966.395,928.084
136.249667,24.856914,25.658916,166,1045921792,1,180000.000,131969.157,927.976
136.277664,27.997334,27.235542,178,1045921792,1,180000.000,131972.229,927.856
136.304588,26.923794,26.404167,191,1045921792,1,180000.000,131975.231,927.738
136.329635,25.047123,25.579458,158,1045921792,1,180000.000,131978.038,927.629
136.356834,27.199168,25.895876,194,1045921792,1,180000.000,131981.034,927.511
136.382093,25.259376,25.788334,170,1045921792,1,180000.000,131983.842,927.402
136.407738,25.644623,25.974251,175,1045921792,1,180000.000,131986.721,927.289
136.434143,26.405208,26.170792,166,1045921792,1,180000.000,131989.647,927.175
136.461562,27.418710,26.851791,169,1045921792,1,180000.000,131992.662,927.057
136.485652,24.090331,25.490917,168,1045921792,1,180000.000,131995.372,926.951
136.512374,26.721794,26.523209,172,1045921792,1,180000.000,131998.343,926.835
136.539025,26.650667,25.725082,192,1045921792,1,180000.000,132001.274,926.720
136.564909,25.884416,25.652334,171,1045921792,1,180000.000,132004.150,926.608
136.591609,26.699375,26.090876,172,1045921792,1,180000.000,132007.113,926.498
136.614880,23.271374,25.099001,174,1045938176,1,180000.000,132009.731,926.400
136.641634,26.754458,26.117750,179,1045938176,1,180000.000,132012.696,926.290
136.666391,24.757165,25.393333,171,1045938176,1,180000.000,132015.461,926.188
136.693577,27.185295,25.742666,157,1045970944,1,180000.000,132018.430,926.077
136.717446,23.869622,25.208042,180,1045970944,1,180000.000,132021.134,925.977
136.744194,26.747502,25.852167,140,1045970944,1,180000.000,132024.067,925.868
136.768564,24.370041,25.366249,158,1045970944,1,180000.000,132026.788,925.767
136.794438,25.874540,25.745167,160,1045970944,1,180000.000,132029.676,925.660
136.820576,26.137710,25.577875,155,1045970944,1,180000.000,132032.564,925.553
136.845992,25.416043,24.951292,188,1045970944,1,180000.000,132035.414,925.447
136.871855,25.862705,25.878834,175,1045987328,1,180000.000,132038.281,925.340
136.898441,26.585959,26.142208,155,1045987328,1,180000.000,132041.198,925.232
136.923868,25.426585,25.299833,153,1045987328,1,180000.000,132044.033,925.127
136.948419,24.551876,25.219250,189,1046003712,1,180000.000,132046.775,925.025
136.973424,25.005084,25.101376,167,1046003712,1,180000.000,132049.558,924.921
136.998967,25.542039,25.852083,147,1046003712,1,180000.000,132052.409,924.816
137.024704,25.737874,25.412209,168,1046003712,1,180000.000,132055.259,924.710
137.049794,25.089376,25.159624,183,1046036480,1,180000.000,132058.052,924.606
137.075286,25.491834,25.024250,152,1046052864,1,180000.000,132060.869,924.501
137.100576,25.290169,26.331249,177,1046069248,1,180000.000,132063.707,924.396
137.128823,28.246790,26.323917,176,1046085632,1,180000.000,132066.800,924.281
137.152893,24.070501,25.237167,173,1046085632,1,180000.000,132069.518,924.180
137.179154,26.261125,25.992043,172,1046102016,1,180000.000,132072.434,924.072
137.204564,25.410205,25.349583,154,1046102016,1,180000.000,132075.250,923.967
137.230930,26.366044,25.192417,169,1046102016,1,180000.000,132078.155,923.859
137.255609,24.678748,25.482208,168,1046102016,1,180000.000,132080.922,923.757
137.282277,26.667751,25.942917,181,1046102016,1,180000.000,132083.859,923.648
137.307547,25.270332,25.269875,150,1046102016,1,180000.000,132086.670,923.543
137.332011,24.464168,25.141125,172,1046102016,1,180000.000,132089.414,923.441
137.357767,25.756001,25.232500,196,1046118400,1,180000.000,132092.273,923.335
137.384858,27.090874,26.259708,206,1046118400,1,180000.000,132095.269,923.224
137.409619,24.760958,26.224958,176,1046151168,1,180000.000,132098.026,923.122
137.435256,25.637209,25.133875,181,1046151168,1,180000.000,132100.886,923.015
137.461477,26.220959,25.508249,176,1046151168,1,180000.000,132103.766,922.908
137.487426,25.948916,26.303791,186,1046151168,1,180000.000,132106.674,922.800
137.514626,27.200125,26.537582,167,1046151168,1,180000.000,132109.653,922.690
137.540236,25.609709,26.086876,172,1046151168,1,180000.000,132112.547,922.582
137.565632,25.395915,25.748959,180,1046151168,1,180000.000,132115.326,922.479
137.592223,26.590500,26.928249,183,1046151168,1,180000.000,132118.307,922.368
137.619300,27.077500,26.398792,177,1046151168,1,180000.000,132121.327,922.256
137.645165,25.864460,25.995001,173,1046151168,1,180000.000,132124.211,922.149
137.671258,26.092999,25.744667,185,1046151168,1,180000.000,132127.094,922.042
137.696950,25.692377,25.816542,168,1046151168,1,180000.000,132129.963,921.935
137.723799,26.849292,26.300917,187,1046151168,1,180000.000,132132.924,921.826
137.748427,24.627373,25.799208,172,1046151168,1,180000.000,132135.685,921.723
137.775891,27.464584,26.986666,201,1046986752,1,180000.000,132138.708,921.611
137.803548,27.657252,27.086708,158,1046986752,1,180000.000,132141.777,921.497
137.828534,24.985917,25.129417,177,1046986752,1,180000.000,132144.576,921.393
137.854730,26.195582,25.934708,183,1046986752,1,180000.000,132147.473,921.285
137.880391,25.660917,25.854458,164,1046986752,1,180000.000,132150.341,921.179
137.907172,26.781417,25.998167,158,1046986752,1,180000.000,132153.285,921.069
137.931615,24.442956,25.399416,176,1046986752,1,180000.000,132156.042,920.967
137.958791,27.176000,26.164207,178,1046986752,1,180000.000,132159.043,920.856
137.983820,25.028877,25.240625,196,1046986752,1,180000.000,132161.834,920.752
138.010076,26.256166,26.269167,157,1046986752,1,180000.000,132164.727,920.644
138.033898,23.821834,25.025917,170,1046986752,1,180000.000,132167.400,920.545
138.060977,27.079206,25.837791,158,1046986752,1,180000.000,132170.382,920.435
138.086003,25.025960,25.770916,159,1046986752,1,180000.000,132173.193,920.330
138.111202,25.198333,25.696417,150,1046986752,1,180000.000,132175.958,920.227
138.138412,27.210582,25.938583,151,1046986752,1,180000.000,132178.955,920.116
138.163659,25.246877,25.451334,171,1046986752,1,180000.000,132181.819,920.010
138.189610,25.951125,25.837292,178,1046986752,1,180000.000,132184.701,919.903
138.215967,26.357289,26.076374,178,1046986752,1,180000.000,132187.596,919.795
138.241287,25.319669,25.165125,159,1046986752,1,180000.000,132190.396,919.691
138.265736,24.449289,25.221500,169,1046986752,1,180000.000,132193.165,919.588
138.290847,25.110960,25.333208,163,1046986752,1,180000.000,132195.958,919.485
138.316559,25.711834,25.844707,177,1046986752,1,180000.000,132198.811,919.379
138.341916,25.357123,24.822166,147,1046986752,1,180000.000,132201.608,919.275
138.366537,24.620958,25.085501,181,1046986752,1,180000.000,132204.357,919.173
138.391516,24.978835,24.672709,156,1046986752,1,180000.000,132207.132,919.070
138.417939,26.422624,25.372458,178,1046986752,1,180000.000,132210.054,918.961
138.443584,25.644999,26.773458,143,1046986752,1,180000.000,132212.926,918.855
138.468391,24.807502,24.849583,175,1046986752,1,180000.000,132215.675,918.753
138.495208,26.816543,25.369417,162,1046986752,1,180000.000,132218.602,918.644
138.519293,24.085082,24.994041,163,1046986752,1,180000.000,132221.335,918.542
138.544590,25.297374,25.394251,151,1046986752,1,180000.000,132224.138,918.438
138.569802,25.211919,25.425501,192,1046986752,1,180000.000,132226.952,918.334
138.595753,25.950667,25.412083,149,1046986752,1,180000.000,132229.809,918.228
138.620515,24.762165,25.089293,177,1046986752,1,180000.000,132232.575,918.125
138.646651,26.135836,25.416042,169,1046986752,1,180000.000,132235.463,918.018
138.672311,25.659706,25.683874,202,1046986752,1,180000.000,132238.335,917.911
138.698937,26.626166,25.896376,178,1046986752,1,180000.000,132241.258,917.803
138.724182,25.245335,25.851208,172,1046986752,1,180000.000,132244.105,917.697
138.750808,26.626375,25.613333,188,1046986752,1,180000.000,132247.011,917.589
138.776859,26.050206,26.138792,162,1046986752,1,180000.000,132249.915,917.481
138.802375,25.516711,25.526501,162,1047003136,1,180000.000,132252.736,917.376
138.827589,25.213789,25.598667,171,1047003136,1,180000.000,132255.574,917.271
138.852885,25.295459,25.996084,171,1047003136,1,180000.000,132258.389,917.166
138.879201,26.316211,25.868500,165,1047003136,1,180000.000,132261.328,917.057
138.908410,29.209167,27.855042,190,1047003136,1,180000.000,132264.549,916.938
138.932961,24.550833,25.331125,171,1047003136,1,180000.000,132267.282,916.836
138.959044,26.083209,26.226334,178,1047003136,1,180000.000,132270.184,916.729
138.984547,25.503457,25.614042,162,1047003136,1,180000.000,132273.033,916.623
139.011063,26.515916,25.638874,180,1047003136,1,180000.000,132275.932,916.515
139.036019,24.955418,26.090084,165,1047003136,1,180000.000,132278.744,916.411
139.061337,25.318250,25.349792,170,1047003136,1,180000.000,132281.542,916.307
139.087918,26.581250,27.060375,198,1047003136,1,180000.000,132284.521,916.196
139.116487,28.568290,26.900208,162,1047003136,1,180000.000,132287.644,916.080
139.142112,25.625043,25.313334,178,1047003136,1,180000.000,132290.522,915.973
139.166889,24.777293,25.518126,180,1047003136,1,180000.000,132293.287,915.871
139.193233,26.344374,26.358250,168,1047003136,1,180000.000,132296.220,915.762
139.219287,26.053958,26.034666,162,1047003136,1,180000.000,132299.083,915.655
139.246517,27.230125,25.509832,169,1047003136,1,180000.000,132302.121,915.543
139.270156,23.639083,26.027166,194,1047003136,1,180000.000,132304.762,915.445
139.296057,25.900293,25.313168,178,1047003136,1,180000.000,132307.646,915.337
139.322955,26.898000,26.149666,144,1047003136,1,180000.000,132310.575,915.229
139.346890,23.935709,25.270334,175,1047003136,1,180000.000,132313.289,915.128
139.373956,27.065706,25.584999,155,1047003136,1,180000.000,132316.245,915.018
139.397811,23.855168,25.314501,175,1047003136,1,180000.000,132318.954,914.918
139.424128,26.316416,25.254333,146,1047003136,1,180000.000,132321.845,914.810
139.449224,25.095917,25.154459,145,1047003136,1,180000.000,132324.627,914.707
139.473823,24.599709,25.068750,148,1047003136,1,180000.000,132327.392,914.604
139.499852,26.028790,25.633459,198,1047003136,1,180000.000,132330.289,914.497
139.526109,26.257042,25.532667,171,1047003136,1,180000.000,132333.149,914.391
139.551365,25.256000,25.516792,177,1047003136,1,180000.000,132335.967,914.286
139.576822,25.456753,25.215166,157,1047003136,1,180000.000,132338.781,914.181
139.601217,24.395458,25.319916,177,1047003136,1,180000.000,132341.541,914.079
139.626580,25.362249,25.396833,156,1047003136,1,180000.000,132344.366,913.974
139.652073,25.493626,25.613167,165,1047003136,1,180000.000,132347.201,913.869
139.677472,25.399040,24.957500,147,1047003136,1,180000.000,132349.994,913.765
139.702923,25.451083,25.166416,177,1047003136,1,180000.000,132352.856,913.659
139.729716,26.792292,25.737541,157,1047822336,1,180000.000,132355.762,913.551
139.754726,25.009874,26.010124,171,1047822336,1,180000.000,132358.574,913.446
139.781881,27.155418,26.892876,162,1047838720,1,180000.000,132361.581,913.335
139.807773,25.891751,25.357750,170,1047838720,1,180000.000,132364.488,913.227
139.832487,24.713956,25.241541,158,1047838720,1,180000.000,132367.209,913.126
139.856997,24.510045,25.214874,181,1047838720,1,180000.000,132369.970,913.023
139.883081,26.083957,25.428499,146,1047838720,1,180000.000,132372.859,912.916
139.908080,24.999168,25.465208,169,1047838720,1,180000.000,132375.640,912.813
139.933861,25.781248,25.655001,159,1047838720,1,180000.000,132378.493,912.707
139.960082,26.220918,25.972292,157,1047838720,1,180000.000,132381.398,912.599
139.986427,26.345290,26.471416,163,1047838720,1,180000.000,132384.330,912.490
140.012552,26.124291,25.998333,177,1047838720,1,180000.000,132387.243,912.382
140.039154,26.602667,25.625792,189,1047838720,1,180000.000,132390.189,912.272
140.065179,26.024625,26.079416,163,1047838720,1,180000.000,132393.067,912.166
140.090356,25.177378,25.646334,171,1047838720,1,180000.000,132395.885,912.061
140.116681,26.324790,25.442083,159,1047855104,1,180000.000,132398.782,911.953
140.141525,24.844334,25.882542,166,1047855104,1,180000.000,132401.583,911.849
140.168954,27.428832,27.071709,184,1047855104,1,180000.000,132404.631,911.730
140.196231,27.276918,25.803459,179,1048674304,1,180000.000,132407.597,911.614
140.219527,23.296207,25.406208,152,1048674304,1,180000.000,132410.253,911.511
140.247944,28.416794,28.023834,190,1048674304,1,180000.000,132413.393,911.388
140.275141,27.196415,25.873667,171,1048674304,1,180000.000,132416.397,911.270
140.300146,25.005791,25.649918,187,1048674304,1,180000.000,132419.202,911.161
140.326033,25.886625,25.777250,177,1048674304,1,180000.000,132422.078,911.048
140.352641,26.607543,25.859791,168,1048674304,1,180000.000,132425.001,910.934
140.378037,25.396749,25.987417,162,1048674304,1,180000.000,132427.852,910.823
140.403775,25.738165,25.819000,185,1048674304,1,180000.000,132430.717,910.711
140.430069,26.293334,25.615458,177,1048674304,1,180000.000,132433.637,910.597
140.455080,25.011625,25.047543,156,1048690688,1,180000.000,132436.404,910.489
140.481357,26.277043,25.334417,176,1048690688,1,180000.000,132439.357,910.373
140.506705,25.347833,26.130251,164,1048690688,1,180000.000,132442.169,910.263
140.532623,25.917210,25.792667,165,1048690688,1,180000.000,132445.050,910.151
140.557640,25.017418,25.488125,193,1048690688,1,180000.000,132447.848,910.041
140.583023,25.382750,25.726000,153,1048690688,1,180000.000,132450.651,909.932
140.608433,25.410622,25.279209,161,1048690688,1,180000.000,132453.468,909.822
140.633876,25.443044,25.253666,180,1048690688,1,180000.000,132456.316,909.710
140.659873,25.996581,25.592459,168,1046298624,1,180000.000,132459.191,909.598
140.685353,25.479585,25.414042,167,1046298624,1,180000.000,132462.021,909.487
140.709718,24.365999,25.120041,165,1046315008,1,180000.000,132464.744,909.381
140.735387,25.668751,25.258125,197,1046315008,1,180000.000,132467.592,909.270
140.761679,26.292209,25.871876,147,1046315008,1,180000.000,132470.502,909.156
140.786577,24.897333,24.858458,147,1046315008,1,180000.000,132473.270,909.048
140.811709,25.132123,25.563042,165,1046315008,1,180000.000,132476.059,908.939
140.837620,25.910795,25.417250,178,1045905408,1,180000.000,132478.940,908.826
140.862797,25.177497,26.060167,177,1045905408,1,180000.000,132481.748,908.716
140.887926,25.128961,25.327875,170,1045905408,1,180000.000,132484.527,908.608
140.915042,27.116083,26.080000,152,1045905408,1,180000.000,132487.541,908.490
140.939718,24.676040,24.982750,170,1045905408,1,180000.000,132490.303,908.382
140.965523,25.804628,25.804083,179,1045905408,1,180000.000,132493.163,908.270
140.991593,26.069831,26.127625,172,1045921792,1,180000.000,132496.066,908.157
141.016685,25.091875,25.376875,154,1045921792,1,180000.000,132498.854,908.048
141.042469,25.784668,25.078417,146,1045921792,1,180000.000,132501.695,907.937
141.067499,25.029708,24.922750,195,1045921792,1,180000.000,132504.498,907.827
141.094320,26.821252,25.945375,185,1045921792,1,180000.000,132507.462,907.711
141.119139,24.818666,24.849874,155,1045921792,1,180000.000,132510.225,907.603
141.143901,24.761707,25.193333,167,1045921792,1,180000.000,132512.971,907.496
141.168457,24.556417,25.480709,172,1045921792,1,180000.000,132515.718,907.389
141.194667,26.210457,25.158583,174,1045921792,1,180000.000,132518.610,907.276
141.219157,24.489585,25.177250,165,1045921792,1,180000.000,132521.351,907.169
141.244886,25.728706,25.205791,149,1045921792,1,180000.000,132524.195,907.057
141.269358,24.472125,25.144041,186,1045921792,1,180000.000,132526.926,906.951
141.296028,26.669875,25.819750,173,1045921792,1,180000.000,132529.888,906.835
141.321581,25.552876,26.287125,158,1045921792,1,180000.000,132532.731,906.724
141.348136,26.554957,25.297083,159,1045921792,1,180000.000,132535.660,906.609
141.373399,25.263667,25.188959,179,1045921792,1,180000.000,132538.489,906.499
141.400467,27.067501,27.021833,191,1045921792,1,180000.000,132541.491,906.381
141.425272,24.804916,25.261000,160,1045921792,1,180000.000,132544.234,906.274
141.450157,24.885166,25.237583,170,1045921792,1,180000.000,132547.016,906.166
141.476126,25.968917,25.395792,160,1045921792,1,180000.000,132549.902,906.053
141.503011,26.885416,26.708918,166,1045921792,1,180000.000,132552.876,905.937
141.528922,25.911126,25.421749,170,1045921792,1,180000.000,132555.748,905.824
141.553211,24.288625,25.403542,175,1045921792,1,180000.000,132558.468,905.718
141.582667,29.456377,27.977167,161,1045921792,1,180000.000,132561.726,905.591
141.608634,25.966581,25.432333,175,1045921792,1,180000.000,132564.614,905.478
141.632240,23.606375,24.783375,169,1045921792,1,180000.000,132567.240,905.375
141.658172,25.931500,25.476959,172,1045921792,1,180000.000,132570.109,905.263
141.684017,25.845084,26.227333,177,1045921792,1,180000.000,132572.997,905.150
141.710184,26.166875,26.701292,167,1045921792,1,180000.000,132575.906,905.036
141.737901,27.717501,25.673666,160,1045921792,1,180000.000,132578.983,904.916
141.762159,24.258208,25.651625,177,1045921792,1,180000.000,132581.668,904.811
141.787217,25.057584,25.179750,140,1045921792,1,180000.000,132584.451,904.702
141.811958,24.740957,24.628500,176,1045921792,1,180000.000,132587.216,904.594
141.838040,26.081584,25.912209,170,1045921792,1,180000.000,132590.105,904.482
141.864186,26.146125,25.802416,163,1045921792,1,180000.000,132593.001,904.368
141.889037,24.850834,25.498417,174,1045921792,1,180000.000,132595.776,904.260
141.914728,25.691707,25.653959,193,1045921792,1,180000.000,132598.636,904.148
141.941373,26.644833,25.979292,174,1045921792,1,180000.000,132601.579,904.033
141.965339,23.965459,25.213249,170,1045921792,1,180000.000,132604.258,903.928
141.990877,25.538582,25.086708,157,1045921792,1,180000.000,132607.085,903.823
142.016010,25.132749,25.062626,174,1045921792,1,180000.000,132609.875,903.720
142.041034,25.024209,25.115292,165,1045921792,1,180000.000,132612.662,903.616
142.067628,26.594333,25.949751,147,1045921792,1,180000.000,132615.611,903.507
142.092060,24.431292,24.899334,150,1045921792,1,180000.000,132618.330,903.406
142.117451,25.391292,25.172792,170,1045921792,1,180000.000,132621.158,903.301
142.143393,25.941625,26.101791,159,1045921792,1,180000.000,132624.036,903.194
142.167599,24.206460,24.493042,156,1045921792,1,180000.000,132626.734,903.094
142.192839,25.239665,25.059292,153,1045921792,1,180000.000,132629.536,902.990
142.218724,25.885418,25.735125,145,1045921792,1,180000.000,132632.414,902.883
142.244046,25.321580,25.099709,154,1045921792,1,180000.000,132635.227,902.779
142.270704,26.658170,25.114416,196,1045921792,1,180000.000,132638.168,902.669
142.295629,24.925165,26.115292,185,1045921792,1,180000.000,132640.955,902.566
142.321169,25.539875,25.703875,161,1045921792,1,180000.000,132643.785,902.461
142.346802,25.632918,25.048834,150,1045921792,1,180000.000,132646.617,902.356
142.371861,25.059082,25.168167,178,1045921792,1,180000.000,132649.428,902.251
142.397989,26.127543,25.934500,169,1045921792,1,180000.000,132652.329,902.144
142.423898,25.909580,26.315958,157,1045921792,1,180000.000,132655.211,902.037
142.449887,25.988877,25.400917,150,1045921792,1,180000.000,132658.075,901.930
142.476271,26.384458,25.146458,168,1045921792,1,180000.000,132661.018,901.821
142.501066,24.794832,25.573999,160,1045921792,1,180000.000,132663.766,901.719
142.525600,24.534129,24.972708,166,1045921792,1,180000.000,132666.509,901.617
142.550735,25.135040,25.332542,159,1045921792,1,180000.000,132669.285,901.514
142.575300,24.564084,24.785084,185,1045921792,1,180000.000,132672.030,901.412
142.601903,26.603416,26.389626,167,1045921792,1,180000.000,132674.986,901.303
142.628440,26.537500,25.819374,154,1045921792,1,180000.000,132677.922,901.194
142.653764,25.323417,25.880667,165,1045921792,1,180000.000,132680.750,901.089
142.679671,25.907040,26.004333,173,1045921792,1,180000.000,132683.624,900.982
142.707893,28.222460,27.041916,191,1045921792,1,180000.000,132686.752,900.866
142.733966,26.072834,26.336500,167,1046200320,1,180000.000,132689.642,900.759
142.758807,24.841208,25.423042,194,1046216704,1,180000.000,132692.422,900.655
142.784417,25.609791,25.933167,168,1046216704,1,180000.000,132695.266,900.550
142.811765,27.347334,27.136168,159,1046216704,1,180000.000,132698.305,900.437
142.838189,26.424542,25.897791,178,1046216704,1,180000.000,132701.243,900.328
142.865008,26.818581,27.039042,166,1046216704,1,180000.000,132704.220,900.217
142.892184,27.176753,26.841499,188,1046216704,1,180000.000,132707.238,900.105
142.918285,26.100792,25.620708,161,1046216704,1,180000.000,132710.135,899.998
142.942233,23.948167,24.974167,169,1046216704,1,180000.000,132712.796,899.899
142.969177,26.944123,25.756001,162,1046216704,1,180000.000,132715.780,899.788
142.995354,26.176792,25.800291,155,1046216704,1,180000.000,132718.686,899.680
143.020154,24.800166,26.372625,168,1046216704,1,180000.000,132721.461,899.577
143.046175,26.020419,25.585625,166,1046216704,1,180000.000,132724.352,899.470
143.072141,25.966622,25.316833,146,1046216704,1,180000.000,132727.226,899.363
143.095845,23.703083,24.805500,161,1046216704,1,180000.000,132729.871,899.265
143.123646,27.801376,26.309458,166,1046216704,1,180000.000,132732.943,899.151
143.149028,25.382169,25.760124,161,1046216704,1,180000.000,132735.770,899.046
143.174537,25.509123,26.074667,176,1046233088,1,180000.000,132738.614,898.940
143.199732,25.195003,24.812750,168,1046233088,1,180000.000,132741.403,898.837
143.225516,25.783584,25.624043,170,1046233088,1,180000.000,132744.260,898.731
143.250128,24.612498,24.734917,151,1046233088,1,180000.000,132746.997,898.629
143.274136,24.007753,24.768959,160,1046233088,1,180000.000,132749.660,898.530
143.301040,26.903499,26.104416,152,1046233088,1,180000.000,132752.653,898.419
143.326742,25.702082,25.078959,170,1046233088,1,180000.000,132755.506,898.313
143.351602,24.860375,25.634293,147,1046233088,1,180000.000,132758.281,898.210
143.377528,25.925502,25.156084,155,1046233088,1,180000.000,132761.156,898.104
143.402115,24.587456,25.043459,147,1046233088,1,180000.000,132763.884,898.002
143.426613,24.498168,24.993542,171,1046233088,1,180000.000,132766.624,897.901
143.453383,26.770126,25.567499,143,1046233088,1,180000.000,132769.581,897.791
143.477138,23.755167,24.888250,150,1046233088,1,180000.000,132772.235,897.692
143.502390,25.251083,25.001375,143,1046216704,1,180000.000,132775.027,897.589
143.527571,25.181998,24.811543,147,1046233088,1,180000.000,132777.822,897.485
143.552242,24.670586,24.909208,172,1046233088,1,180000.000,132780.578,897.383
143.578142,25.899872,25.759459,161,1046233088,1,180000.000,132783.458,897.276
143.604164,26.021961,25.342041,179,1046233088,1,180000.000,132786.332,897.169
143.629015,24.851207,25.175959,145,1046233088,1,180000.000,132789.094,897.066
143.654995,25.980208,24.917875,172,1046233088,1,180000.000,132791.984,896.959
143.680321,25.325626,26.155001,172,1046233088,1,180000.000,132794.809,896.854
143.706737,26.415791,26.798626,161,1046233088,1,180000.000,132797.745,896.745
143.732272,25.535502,25.581875,165,1046233088,1,180000.000,132800.584,896.640
143.758042,25.769416,25.547501,157,1046233088,1,180000.000,132803.433,896.534
143.783673,25.631499,24.653376,134,1046233088,1,180000.000,132806.297,896.422
143.808319,24.645418,24.773209,166,1046233088,1,180000.000,132809.022,896.316
143.832659,24.340831,25.209000,160,1046233088,1,180000.000,132811.739,896.210
143.857968,25.308542,25.226875,150,1046233088,1,180000.000,132814.548,896.100
143.883254,25.285918,25.238459,171,1046233088,1,180000.000,132817.340,895.991
143.910650,27.396623,26.225458,159,1046233088,1,180000.000,132820.389,895.872
143.934790,24.139918,25.158501,164,1046233088,1,180000.000,132823.073,895.767
143.961548,26.757665,25.667334,162,1046265856,1,180000.000,132826.045,895.651
143.986770,25.222335,25.845625,173,1046282240,1,180000.000,132828.864,895.540
144.013429,26.658457,25.867332,156,1046282240,1,180000.000,132831.804,895.425
144.038270,24.841417,25.149918,171,1046282240,1,180000.000,132834.562,895.318
144.063745,25.474500,25.598375,167,1046282240,1,180000.000,132837.393,895.207
144.091483,27.737960,26.937626,167,1046282240,1,180000.000,132840.479,895.087
144.116481,24.998583,26.142876,174,1046282240,1,180000.000,132843.275,894.977
144.143821,27.339250,26.627251,168,1046282240,1,180000.000,132846.307,894.859
144.170263,26.442416,26.775042,189,1046282240,1,180000.000,132849.249,894.744
144.195993,25.730044,25.345041,173,1046282240,1,180000.000,132852.090,894.633
144.222730,26.736997,25.660583,172,1046282240,1,180000.000,132855.066,894.517
144.247539,24.808794,25.965416,160,1046282240,1,180000.000,132857.837,894.408
144.274604,27.065206,26.241833,158,1046282240,1,180000.000,132860.843,894.291
144.298481,23.877375,24.715542,168,1046282240,1,180000.000,132863.494,894.187
144.324311,25.829919,26.137709,158,1046282240,1,180000.000,132866.366,894.075
144.350190,25.878415,25.784750,150,1046282240,1,180000.000,132869.229,893.963
144.376059,25.868792,24.865499,149,1046282240,1,180000.000,132872.101,893.851
144.400745,24.685960,25.101791,171,1046282240,1,180000.000,132874.840,893.744
144.426643,25.898084,25.718458,164,1046282240,1,180000.000,132877.725,893.631
144.452956,26.313830,26.157333,165,1046282240,1,180000.000,132880.644,893.517
144.477605,24.648752,25.379875,165,1046282240,1,180000.000,132883.394,893.410
144.504080,26.474498,25.491541,167,1046282240,1,180000.000,132886.325,893.295
144.528519,24.438918,25.321751,174,1046282240,1,180000.000,132889.055,893.188
144.554676,26.157584,25.352041,162,1046282240,1,180000.000,132891.947,893.075
144.579813,25.137290,25.169001,171,1046298624,1,180000.000,132894.739,892.966
144.604780,24.966460,25.384916,160,1046298624,1,180000.000,132897.508,892.858
144.630810,26.029915,25.823792,172,1046298624,1,180000.000,132900.423,892.744
144.658409,27.599502,26.891375,164,1046298624,1,180000.000,132903.474,892.625
144.682399,23.989625,25.212791,175,1046298624,1,180000.000,132906.155,892.520
144.708021,25.622331,25.356543,157,1046298624,1,180000.000,132908.984,892.410
144.734259,26.238170,25.420208,173,1046298624,1,180000.000,132911.902,892.296
144.760124,25.864959,25.335375,150,1046298624,1,180000.000,132914.794,892.183
144.784530,24.405625,25.625334,162,1046298624,1,180000.000,132917.507,892.077
144.809659,25.128789,25.654791,140,1046298624,1,180000.000,132920.296,891.968
144.836179,26.520625,24.993999,142,1046298624,1,180000.000,132923.230,891.853
144.860549,24.369501,25.072666,175,1046298624,1,180000.000,132925.945,891.747
144.887709,27.159918,25.646000,167,1046298624,1,180000.000,132928.948,891.630
144.911901,24.191834,26.108749,157,1046298624,1,180000.000,132931.652,891.524
144.937087,25.185790,25.206667,146,1046298624,1,180000.000,132934.454,891.414
144.963202,26.115917,25.347042,151,1046298624,1,180000.000,132937.334,891.302
144.988468,25.265627,25.151041,181,1046315008,1,180000.000,132940.160,891.191
145.014343,25.875207,25.794666,149,1046315008,1,180000.000,132943.016,891.080
145.038772,24.429169,25.046167,177,1046315008,1,180000.000,132945.752,890.973
145.065771,26.998833,25.940874,147,1046315008,1,180000.000,132948.747,890.856
145.089469,23.697708,24.794792,147,1046315008,1,180000.000,132951.385,890.753
145.115504,26.034541,25.710541,160,1046315008,1,180000.000,132954.271,890.640
145.141706,26.202917,25.834917,169,1046315008,1,180000.000,132957.169,890.527
145.168163,26.456207,26.815374,150,1046315008,1,180000.000,132960.126,890.411
145.194492,26.329335,25.892542,198,1046315008,1,180000.000,132963.051,890.297
145.220432,25.940042,25.687000,172,1046315008,1,180000.000,132965.931,890.185
145.245667,25.234997,25.495333,142,1046315008,1,180000.000,132968.718,890.076
145.270978,25.310751,25.180124,191,1046315008,1,180000.000,132971.553,889.965
145.296613,25.634833,25.603542,166,1046315008,1,180000.000,132974.399,889.854
145.322155,25.542334,25.620001,138,1046315008,1,180000.000,132977.219,889.743
145.346991,24.835669,24.779041,181,1046331392,1,180000.000,132979.989,889.635
145.372063,25.072541,24.941833,162,1046347776,1,180000.000,132982.786,889.526
145.399835,27.771626,27.366375,163,1046347776,1,180000.000,132985.867,889.406
145.426553,26.718542,26.867584,153,1046347776,1,180000.000,132988.840,889.289
145.452188,25.634833,25.915916,155,1046347776,1,180000.000,132991.688,889.178
145.479214,27.025916,26.782042,164,1046347776,1,180000.000,132994.673,889.061
145.506048,26.834376,25.543709,174,1046347776,1,180000.000,132997.645,888.945
145.530310,24.261456,25.565292,161,1046347776,1,180000.000,133000.360,888.839
145.556318,26.008416,25.662750,180,1046347776,1,180000.000,133003.255,888.726
145.582469,26.150420,25.569124,158,1046347776,1,180000.000,133006.151,888.619
145.607966,25.497124,25.428459,157,1046347776,1,180000.000,133008.981,888.514
145.633671,25.705207,25.521458,167,1046347776,1,180000.000,133011.835,888.408
145.659362,25.691375,25.534374,156,1046347776,1,180000.000,133014.690,888.302
145.683488,24.125502,25.181292,169,1046347776,1,180000.000,133017.381,888.202
145.709708,26.220206,25.631166,164,1046347776,1,180000.000,133020.283,888.094
145.735034,25.325626,25.381750,182,1046347776,1,180000.000,133023.098,887.990
145.760716,25.682334,25.495333,158,1046347776,1,180000.000,133025.947,887.884
145.785264,24.547793,25.040083,192,1046347776,1,180000.000,133028.696,887.782
145.810913,25.649499,25.659584,176,1046347776,1,180000.000,133031.541,887.676
145.837627,26.714042,25.812416,139,1046347776,1,180000.000,133034.498,887.566
145.861163,23.535751,24.909000,176,1046347776,1,180000.000,133037.130,887.469
145.887360,26.196372,25.617792,143,1046347776,1,180000.000,133040.025,887.361
145.912564,25.204584,25.265667,167,1046347776,1,180000.000,133042.837,887.257
145.939036,26.472166,25.340876,175,1046347776,1,180000.000,133045.764,887.148
145.962529,23.492292,24.922083,186,1046347776,1,180000.000,133048.392,887.051
145.988794,26.265003,25.723249,151,1046347776,1,180000.000,133051.294,886.943
146.013931,25.137708,25.027958,152,1046347776,1,180000.000,133054.080,886.840
146.038680,24.748459,25.147167,149,1046347776,1,180000.000,133056.837,886.737
146.065685,27.005289,26.250834,141,1046347776,1,180000.000,133059.836,886.626
146.091615,25.929753,25.204542,150,1046347776,1,180000.000,133062.715,886.519
146.115821,24.206541,25.056376,168,1046347776,1,180000.000,133065.425,886.418
146.141134,25.312331,25.726833,173,1046347776,1,180000.000,133068.234,886.314
146.167313,26.178878,25.461250,184,1046347776,1,180000.000,133071.138,886.206
146.192615,25.302917,25.778917,168,1046347776,1,180000.000,133073.956,886.102
146.218070,25.454540,25.309334,155,1046347776,1,180000.000,133076.784,885.997
146.243821,25.751002,25.331751,142,1046347776,1,180000.000,133079.630,885.891
146.269099,25.277872,25.065166,192,1046347776,1,180000.000,133082.451,885.786
146.295733,26.634209,25.897167,147,1046347776,1,180000.000,133085.412,885.677
146.320490,24.757333,25.642292,163,1046347776,1,180000.000,133088.164,885.574
146.347296,26.805792,25.953501,170,1046347776,1,180000.000,133091.118,885.465
146.371654,24.357293,25.189375,158,1046347776,1,180000.000,133093.834,885.364
146.396596,24.942126,25.248291,161,1046347776,1,180000.000,133096.622,885.260
146.422534,25.938205,25.550083,162,1046347776,1,180000.000,133099.481,885.154
146.449536,27.002543,26.597124,143,1046347776,1,180000.000,133102.486,885.043
146.474545,25.008459,25.767792,200,1046347776,1,180000.000,133105.285,884.939
146.502692,28.146960,27.087917,161,1046347776,1,180000.000,133108.396,884.823
146.527508,24.816167,24.823584,152,1046347776,1,180000.000,133111.147,884.721
146.552105,24.597373,25.221666,158,1046347776,1,180000.000,133113.900,884.619
146.579329,27.223624,25.331499,193,1046347776,1,180000.000,133116.923,884.507
146.604330,25.001500,25.619791,146,1046347776,1,180000.000,133119.685,884.404
146.628156,23.825418,24.881666,169,1046347776,1,180000.000,133122.350,884.305
146.653787,25.630832,25.459959,179,1046347776,1,180000.000,133125.198,884.200
146.683466,29.678836,28.843334,169,1046347776,1,180000.000,133128.487,884.078
146.710030,26.564583,27.132000,192,1046347776,1,180000.000,133131.412,883.969
146.739225,29.194832,27.547709,166,1046347776,1,180000.000,133134.687,883.848
146.763539,24.313666,25.619459,141,1046347776,1,180000.000,133137.376,883.748
146.788166,24.626877,25.829292,167,1046347776,1,180000.000,133140.130,883.646
146.815576,27.410708,26.934500,177,1046347776,1,180000.000,133143.173,883.533
146.841509,25.932416,25.626833,156,1046347776,1,180000.000,133146.055,883.426
146.867084,25.575664,25.350082,167,1046347776,1,180000.000,133148.900,883.320
146.893102,26.017793,25.442459,187,1046347776,1,180000.000,133151.784,883.213
146.918031,24.928752,25.307209,167,1046347776,1,180000.000,133154.556,883.110
146.943800,25.769290,25.798834,155,1046347776,1,180000.000,133157.420,883.004
146.969391,25.591251,25.629375,166,1046347776,1,180000.000,133160.263,882.898
146.995541,26.149418,25.968584,163,1046347776,1,180000.000,133163.161,882.791
147.021061,25.520083,25.575251,169,1046347776,1,180000.000,133165.992,882.686
147.046261,25.200166,25.628666,169,1046347776,1,180000.000,133168.800,882.581
147.073132,26.870623,25.715750,131,1046347776,1,180000.000,133171.773,882.471
147.096835,23.703750,24.956709,172,1046347776,1,180000.000,133174.426,882.372
147.123032,26.196335,25.525208,140,1046347776,1,180000.000,133177.319,882.265
147.147902,24.870541,25.252708,205,1046347776,1,180000.000,133180.099,882.162
147.175463,27.561124,26.065834,151,1046347776,1,180000.000,133183.153,882.049
147.199900,24.436794,25.834625,192,1046347776,1,180000.000,133185.859,881.948
147.226881,26.980665,26.445375,160,1046347776,1,180000.000,133188.870,881.836
147.252296,25.414959,25.358541,144,1046347776,1,180000.000,133191.683,881.732
147.277028,24.732083,24.953875,172,1046364160,1,180000.000,133194.441,881.630
147.302907,25.878586,25.169292,157,1046396928,1,180000.000,133197.306,881.523
147.327615,24.708916,25.286667,180,1046396928,1,180000.000,133200.065,881.421
147.353436,25.820665,25.316084,153,1046396928,1,180000.000,133202.916,881.315
147.378762,25.325667,25.191750,165,1046396928,1,180000.000,133205.741,881.205
147.405409,26.646875,26.507957,150,1046396928,1,180000.000,133208.696,881.089
147.431346,25.937419,24.759041,184,1046396928,1,180000.000,133211.592,880.976
147.455370,24.023708,25.403833,150,1046413312,1,180000.000,133214.248,880.872
147.481137,25.767375,25.263624,130,1046413312,1,180000.000,133217.102,880.761
147.505573,24.435833,24.934208,171,1046413312,1,180000.000,133219.835,880.654
147.530844,25.271457,25.069084,163,1046429696,1,180000.000,133222.642,880.544
147.556798,25.954001,25.607458,173,1046429696,1,180000.000,133225.512,880.432
147.581583,24.784375,25.154625,159,1046429696,1,180000.000,133228.283,880.324
147.608054,26.471000,25.245333,161,1046429696,1,180000.000,133231.213,880.209
147.632046,23.991916,24.818375,145,1046429696,1,180000.000,133233.875,880.105
147.657051,25.005583,25.226749,164,1046429696,1,180000.000,133236.672,879.996
147.684125,27.073376,27.138083,164,1046429696,1,180000.000,133239.679,879.879
147.709197,25.072459,25.190001,169,1046429696,1,180000.000,133242.467,879.770
147.736132,26.935332,25.883249,158,1046429696,1,180000.000,133245.444,879.653
147.762269,26.136417,25.369041,161,1046429696,1,180000.000,133248.359,879.540
147.785932,23.663294,25.231291,169,1046429696,1,180000.000,133250.988,879.437
147.812587,26.654873,25.901333,166,1046429696,1,180000.000,133253.937,879.322
147.838732,26.145458,25.642792,143,1046429696,1,180000.000,133256.846,879.208
147.863277,24.544835,25.046083,164,1046429696,1,180000.000,133259.574,879.101
147.888258,24.980459,25.636583,158,1046429696,1,180000.000,133262.358,878.993
147.917622,29.364165,28.497417,161,1046429696,1,180000.000,133265.608,878.866
147.942652,25.029626,25.192751,167,1046429696,1,180000.000,133268.403,878.756
147.968998,26.346583,26.819542,165,1046429696,1,180000.000,133271.332,878.642
147.996704,27.706251,25.558001,146,1046446080,1,180000.000,133274.408,878.522
148.021587,24.882291,26.266001,169,1046446080,1,180000.000,133277.157,878.414
148.049120,27.532917,27.094749,163,1046446080,1,180000.000,133280.212,878.295
148.074989,25.869124,26.023167,165,1046446080,1,180000.000,133283.087,878.183
148.101140,26.151627,25.837376,167,1046446080,1,180000.000,133286.001,878.069
148.127405,26.264500,25.487917,159,1046446080,1,180000.000,133288.908,877.955
148.153221,25.815956,26.075792,174,1046446080,1,180000.000,133291.797,877.842
148.176641,23.420420,24.952833,159,1046446080,1,180000.000,133294.399,877.741
148.203409,26.767459,25.918501,174,1046446080,1,180000.000,133297.359,877.625
148.229151,25.742497,25.622625,161,1046446080,1,180000.000,133300.223,877.513
148.254613,25.462251,26.128876,182,1046446080,1,180000.000,133303.068,877.402
148.280363,25.749415,25.955334,173,1046446080,1,180000.000,133305.927,877.290
148.307200,26.837625,25.594749,149,1046446080,1,180000.000,133308.896,877.174
148.332278,25.077835,25.760666,166,1046446080,1,180000.000,133311.690,877.065
148.358674,26.395332,26.400917,158,1046446080,1,180000.000,133314.619,876.951
148.383409,24.735086,25.244625,168,1046446080,1,180000.000,133317.377,876.843
148.409456,26.047289,25.193001,134,1046446080,1,180000.000,133320.258,876.730
148.434043,24.586793,24.990084,184,1046446080,1,180000.000,133323.002,876.623
148.460026,25.983207,25.712334,167,1046446080,1,180000.000,133325.888,876.511
148.485120,25.093962,25.075958,153,1046446080,1,180000.000,133328.662,876.402
148.509972,24.852458,24.908125,160,1046446080,1,180000.000,133331.430,876.294
148.534723,24.750080,24.673458,164,1046446080,1,180000.000,133334.188,876.186
148.560458,25.735252,25.377333,149,1046446080,1,180000.000,133337.031,876.075
148.585460,25.002249,25.245708,158,1046446080,1,180000.000,133339.814,875.966
148.612187,26.726961,26.333334,165,1046446080,1,180000.000,133342.783,875.850
148.637337,25.149666,25.093208,156,1046446080,1,180000.000,133345.576,875.741
148.661619,24.282001,24.921625,166,1046446080,1,180000.000,133348.290,875.635
148.687892,26.273292,25.613417,143,1046446080,1,180000.000,133351.191,875.522
148.713842,25.949873,25.222750,131,1046446080,1,180000.000,133354.068,875.410
148.738761,24.919376,26.037958,172,1046446080,1,180000.000,133356.863,875.300
148.765806,27.044624,25.715416,149,1046446080,1,180000.000,133359.846,875.184
148.789850,24.043709,25.117001,172,1046446080,1,180000.000,133362.540,875.079
148.815510,25.660332,25.667833,167,1046446080,1,180000.000,133365.388,874.967
148.840713,25.202878,25.362000,163,1046446080,1,180000.000,133368.191,874.858
148.866050,25.337122,24.795876,140,1046446080,1,180000.000,133370.986,874.749
148.891070,25.020253,25.141125,160,1046446080,1,180000.000,133373.784,874.639
148.916805,25.734749,25.719500,153,1046446080,1,180000.000,133376.645,874.527
148.942517,25.711626,25.740458,160,1046446080,1,180000.000,133379.499,874.416
148.969801,27.284123,25.786083,150,1046446080,1,180000.000,133382.531,874.298
148.994980,25.179416,25.891375,168,1046446080,1,180000.000,133385.322,874.188
149.020450,25.469627,26.249542,170,1046446080,1,180000.000,133388.158,874.078
149.046100,25.650665,25.937876,164,1046446080,1,180000.000,133391.010,873.966
149.073351,27.250584,25.949709,149,1046446080,1,180000.000,133394.017,873.849
149.098276,24.925210,24.997126,167,1046446080,1,180000.000,133396.791,873.740
149.125026,26.749998,27.371042,157,1046446080,1,180000.000,133399.778,873.624
149.152846,27.819835,27.292917,165,1046446080,1,180000.000,133402.851,873.504
149.178218,25.371622,25.446583,148,1046446080,1,180000.000,133405.686,873.548
149.204443,26.225794,26.610624,179,1046446080,1,180000.000,133408.602,873.593
149.231239,26.795581,24.854416,147,1046446080,1,180000.000,133411.578,873.640
149.256141,24.901543,26.164709,158,1046446080,1,180000.000,133414.346,873.683
149.283373,27.232043,26.643250,161,1046446080,1,180000.000,133417.356,873.730
149.308328,24.955913,25.850584,160,1046446080,1,180000.000,133420.142,873.774
149.335184,26.855793,25.784166,169,1046446080,1,180000.000,133423.112,873.820
149.360944,25.760207,25.787500,171,1046446080,1,180000.000,133425.976,873.865
149.387225,26.280418,25.871000,165,1046446080,1,180000.000,133428.913,873.911
149.412214,24.989124,24.909500,175,1046446080,1,180000.000,133431.678,873.954
149.436550,24.335627,24.686874,182,1046446080,1,180000.000,133434.377,873.996
149.461339,24.788957,25.323126,163,1046446080,1,180000.000,133437.149,874.040
149.487781,26.442710,25.646458,169,1046446080,1,180000.000,133440.065,874.085
149.512777,24.995875,25.938126,148,1046446080,1,180000.000,133442.856,874.129
149.538663,25.886331,25.262625,163,1046446080,1,180000.000,133445.721,874.174
149.563113,24.449293,24.972708,173,1046446080,1,180000.000,133448.451,874.216
149.588423,25.309958,25.449499,166,1046446080,1,180000.000,133451.268,874.260
149.614432,26.008751,25.524208,137,1046446080,1,180000.000,133454.138,874.305
149.639101,24.669085,25.191999,165,1046446080,1,180000.000,133456.894,874.348
149.666068,26.967291,25.426958,146,1046446080,1,180000.000,133459.897,874.395
149.689966,23.897916,25.037750,171,1046446080,1,180000.000,133462.538,874.436
149.716806,26.840292,26.907499,165,1046462464,1,180000.000,133465.530,874.483
149.742999,26.193041,25.669624,131,1046462464,1,180000.000,133468.428,874.528
149.768090,25.091168,24.889917,170,1046462464,1,180000.000,133471.226,874.572
149.794419,26.328415,25.805250,164,1046462464,1,180000.000,133474.125,874.617
149.818993,24.574753,25.674126,172,1046462464,1,180000.000,133476.880,874.660
149.845520,26.526917,26.046249,176,1046462464,1,180000.000,133479.815,874.706
149.871102,25.581289,25.355417,173,1046462464,1,180000.000,133482.678,874.751
149.897981,26.878960,25.937542,166,1046462464,1,180000.000,133485.641,874.797
149.923219,25.237959,26.108418,143,1046462464,1,180000.000,133488.451,874.841
149.948319,25.100622,24.959999,150,1046462464,1,180000.000,133491.238,874.885
149.972790,24.471000,25.123375,166,1046462464,1,180000.000,133493.967,874.927
149.999537,26.746668,25.956125,147,1046462464,1,180000.000,133496.929,874.974
150.024286,24.749249,25.193583,167,1046462464,1,180000.000,133499.690,875.017
150.050538,26.251961,26.145292,159,1046462464,1,180000.000,133499.968,875.021
150.055173,4.635125,26.145292,164,1046609920,1,180000.000,133499.969,875.021
150.102652,47.478832,25.634916,617,1046953984,1,180000.000,133495.374,874.949
150.132364,29.711917,30.327541,189,1046953984,1,180000.000,133492.061,874.898
150.161740,29.376164,28.842167,183,1047019520,1,180000.000,133488.795,874.847
150.192500,30.759502,29.153542,186,1047019520,1,180000.000,133485.385,874.793
150.220951,28.450958,28.284834,183,1047019520,1,180000.000,133482.232,874.744
150.249371,28.420042,28.027792,197,1047019520,1,180000.000,133479.071,874.695
150.276511,27.140375,28.291792,238,1047035904,1,180000.000,133476.048,874.647
150.306268,29.756539,28.936375,190,1047035904,1,180000.000,133472.742,874.596
150.333204,26.936125,28.308250,179,1047085056,1,180000.000,133469.744,874.549
150.364074,30.870710,29.590166,188,1047085056,1,180000.000,133466.329,874.496
150.392840,28.765708,29.181917,189,1047134208,1,180000.000,133463.125,874.446
150.422694,29.853918,29.576750,197,1047134208,1,180000.000,133459.817,874.394
150.450726,28.031539,28.904041,187,1047134208,1,180000.000,133456.686,874.345
150.481067,30.341003,29.663250,198,1047134208,1,180000.000,133453.332,874.292
150.509171,28.104790,28.510500,171,1047134208,1,180000.000,133450.205,874.244
150.537741,28.569542,28.495209,190,1047183360,1,180000.000,133447.029,874.194
150.567051,29.309876,28.226959,184,1047183360,1,180000.000,133443.778,874.143
150.596594,29.542834,29.059126,188,1047183360,1,180000.000,133440.488,874.092
150.624484,27.890332,28.273458,198,1047183360,1,180000.000,133437.385,874.043
150.653410,28.925791,28.402042,193,1047183360,1,180000.000,133434.182,873.993
150.680975,27.565207,28.212376,184,1047183360,1,180000.000,133431.107,873.945
150.709643,28.668169,28.548750,192,1047183360,1,180000.000,133427.925,873.895
150.738782,29.139373,28.891834,191,1047183360,1,180000.000,133424.692,873.845
150.767172,28.389417,28.366209,194,1047183360,1,180000.000,133421.530,873.796
150.794473,27.301211,28.315874,191,1047183360,1,180000.000,133418.498,873.748
150.823673,29.199958,28.337708,192,1047183360,1,180000.000,133415.260,873.698
150.851052,27.378622,28.480917,170,1047183360,1,180000.000,133412.207,873.650
150.880759,29.707253,28.173208,198,1047183360,1,180000.000,133408.910,873.598
150.908419,27.659915,28.305416,175,1047183360,1,180000.000,133405.846,873.550
150.937581,29.162332,28.824751,208,1047183360,1,180000.000,133402.594,873.500
150.964613,27.031794,28.154417,175,1047183360,1,180000.000,133399.600,873.703
150.994328,29.714540,28.104584,209,1047183360,1,180000.000,133396.293,873.833
151.021259,26.931752,28.250957,188,1047183360,1,180000.000,133393.298,873.950
151.050692,29.432330,28.790001,166,1047183360,1,180000.000,133390.024,874.078
151.079921,29.228918,27.851959,187,1047183360,1,180000.000,133386.786,874.204
151.107091,27.170166,28.659082,191,1047199744,1,180000.000,133383.759,874.322
151.135759,28.668292,28.805000,189,1047232512,1,180000.000,133380.574,874.447
151.164944,29.185291,28.505375,179,1047248896,1,180000.000,133377.338,874.573
151.192624,27.679916,28.353001,187,1047281664,1,180000.000,133374.255,874.694
151.222421,29.797252,28.675541,186,1047314432,1,180000.000,133370.948,874.823
151.250214,27.792625,28.507999,170,1047347200,1,180000.000,133367.862,874.943
151.278106,27.891707,27.828541,173,1047347200,1,180000.000,133364.758,875.065
151.307076,28.970290,27.874666,194,1047347200,1,180000.000,133361.543,875.190
151.333635,26.558667,28.377251,171,1047379968,1,180000.000,133358.586,875.306
151.361764,28.129086,28.032042,182,1047379968,1,180000.000,133355.464,875.428
151.390878,29.113833,28.417667,196,1047379968,1,180000.000,133352.228,875.554
151.418645,27.767330,28.719334,182,1047379968,1,180000.000,133349.141,875.675
151.448035,29.390294,27.967709,178,1047379968,1,180000.000,133345.876,875.802
151.477941,29.905416,29.865376,185,1047379968,1,180000.000,133342.560,875.932
151.508715,30.774791,29.308750,188,1047379968,1,180000.000,133339.128,876.066
151.536915,28.199751,29.045084,207,1047379968,1,180000.000,133336.002,876.188
151.565099,28.183501,28.307167,180,1047379968,1,180000.000,133332.870,876.311
151.594946,29.846832,28.255125,186,1047379968,1,180000.000,133329.571,876.439
151.621954,27.008083,28.438875,196,1047396352,1,180000.000,133326.559,876.557
151.651814,29.860418,29.072042,199,1047396352,1,180000.000,133323.238,876.687
151.679237,27.422499,28.379749,197,1047396352,1,180000.000,133320.186,876.806
151.709246,30.009251,29.903334,191,1047412736,1,180000.000,133316.853,876.936
151.738618,29.372666,29.704624,182,1047412736,1,180000.000,133313.594,877.064
151.769348,30.729041,29.802126,189,1047412736,1,180000.000,133310.177,877.197
151.797788,28.440583,28.491083,208,1047412736,1,180000.000,133307.016,877.321
151.828612,30.823752,29.972500,194,1047429120,1,180000.000,133303.598,877.454
151.857128,28.515831,28.559999,187,1047429120,1,180000.000,133300.435,877.578
151.884179,27.051333,28.228458,189,1047429120,1,180000.000,133297.417,877.696
151.914525,30.346252,28.946041,199,1047429120,1,180000.000,133294.056,877.827
151.943567,29.041540,28.522499,192,1047429120,1,180000.000,133290.829,877.953
151.971635,28.067958,28.600166,199,1047445504,1,180000.000,133287.711,878.075
151.999794,28.158836,28.370750,198,1047445504,1,180000.000,133284.577,878.197
152.028318,28.524414,28.520250,189,1047445504,1,180000.000,133281.412,878.321
152.057227,28.909169,28.370501,193,1047445504,1,180000.000,133278.203,878.446
152.085260,28.032541,28.528500,186,1047445504,1,180000.000,133275.083,878.568
152.112962,27.702041,28.208084,184,1047461888,1,180000.000,133271.998,878.689
152.140972,28.010458,28.393499,189,1047461888,1,180000.000,133268.894,878.810
152.170522,29.549874,28.920876,189,1047461888,1,180000.000,133265.604,878.939
152.198658,28.136045,28.451166,173,1047461888,1,180000.000,133262.471,879.061
152.227782,29.124081,28.344418,184,1047461888,1,180000.000,133259.233,879.188
152.255431,27.648710,28.251751,184,1047461888,1,180000.000,133256.174,879.307
152.283233,27.802542,28.413416,177,1047461888,1,180000.000,133253.076,879.428
152.311998,28.764665,28.412333,176,1047461888,1,180000.000,133249.888,879.553
152.339223,27.225293,28.149334,189,1047494656,1,180000.000,133246.854,879.671
152.368326,29.102165,28.292667,168,1047494656,1,180000.000,133243.636,879.797
152.396104,27.778458,27.947332,170,1047494656,1,180000.000,133240.547,879.918
152.424709,28.604627,28.156958,191,1047494656,1,180000.000,133237.356,880.042
152.454844,30.135334,28.928583,190,1047494656,1,180000.000,133234.010,880.173
152.482787,27.943417,28.099916,197,1047494656,1,180000.000,133230.905,880.294
152.510144,27.356248,28.631584,179,1047494656,1,180000.000,133227.865,880.413
152.539328,29.184457,28.480417,193,1047527424,1,180000.000,133224.618,880.540
152.567288,27.960043,29.332958,174,1047527424,1,180000.000,133221.509,880.661
152.595749,28.461084,28.054625,171,1047527424,1,180000.000,133218.349,880.785
152.625463,29.713582,28.702457,163,1047527424,1,180000.000,133215.055,880.914
152.655405,29.942043,27.927999,191,1047527424,1,180000.000,133211.727,881.044
152.681733,26.328500,28.390375,178,1047527424,1,180000.000,133208.794,881.158
152.711432,29.698830,29.848749,184,1047527424,1,180000.000,133205.511,881.286
152.741260,29.827833,28.526583,180,1047527424,1,180000.000,133202.182,881.417
152.768695,27.435336,28.372791,177,1047527424,1,180000.000,133199.133,881.536
152.799127,30.431833,29.535208,176,1047527424,1,180000.000,133195.771,881.660
152.827289,28.161790,28.202126,187,1047527424,1,180000.000,133192.622,881.777
152.856454,29.164791,28.374624,182,1047527424,1,180000.000,133189.391,881.897
152.882848,26.394166,28.152042,185,1047527424,1,180000.000,133186.457,882.006
152.913007,30.158587,28.873417,186,1047527424,1,180000.000,133183.111,882.130
152.941762,28.754998,28.803959,189,1047527424,1,180000.000,133179.909,882.249
152.970106,28.344583,28.573999,195,1047560192,1,180000.000,133176.770,882.366
152.997512,27.405500,28.728750,196,1047560192,1,180000.000,133173.707,882.479
153.027394,29.882293,28.463291,202,1047560192,1,180000.000,133170.391,882.602
153.056690,29.295959,29.931334,193,1047560192,1,180000.000,133167.136,882.723
153.086077,29.386833,29.067751,181,1047560192,1,180000.000,133163.878,882.844
153.116380,30.303705,29.562374,187,1047560192,1,180000.000,133160.505,882.969
153.144089,27.708877,28.178125,184,1047560192,1,180000.000,133157.428,883.084
153.174377,30.288000,29.666000,166,1047560192,1,180000.000,133154.059,883.209
153.201953,27.575374,28.987917,194,1047592960,1,180000.000,133150.992,883.323
153.233295,31.342044,28.988001,183,1047592960,1,180000.000,133147.528,883.451
153.260262,26.967373,28.335083,190,1047609344,1,180000.000,133144.514,883.563
153.289519,29.256791,29.151501,186,1047609344,1,180000.000,133141.273,883.683
153.318952,29.433250,28.669542,187,1047609344,1,180000.000,133138.000,883.805
153.347727,28.775334,28.248709,193,1047609344,1,180000.000,133134.812,883.923
153.375832,28.104376,28.327084,195,1047609344,1,180000.000,133131.680,884.039
153.404415,28.583165,28.581709,186,1047609344,1,180000.000,133128.506,884.157
153.433170,28.754916,28.414749,193,1047609344,1,180000.000,133125.309,884.276
153.461378,28.207917,28.497833,189,1047609344,1,180000.000,133122.174,884.392
153.489283,27.904835,28.256500,190,1047609344,1,180000.000,133119.083,884.507
153.516692,27.409583,28.239708,198,1047609344,1,180000.000,133116.020,884.621
153.545823,29.130831,28.753958,182,1047609344,1,180000.000,133112.788,884.741
153.575654,29.830668,28.796459,178,1047609344,1,180000.000,133109.487,884.863
153.604593,28.938834,28.056707,210,1047609344,1,180000.000,133106.274,884.982
153.633980,29.387292,29.891459,185,1047609344,1,180000.000,133102.996,885.104
153.661605,27.625460,28.296625,175,1047609344,1,180000.000,133099.925,885.218
153.691618,30.012708,28.919209,171,1047609344,1,180000.000,133096.602,885.341
153.717307,25.688667,27.964041,188,1047609344,1,180000.000,133093.732,885.448
153.746906,29.598832,28.272249,176,1047609344,1,180000.000,133090.452,885.570
153.775152,28.246541,28.219042,170,1047609344,1,180000.000,133087.314,885.686
153.803186,28.033417,28.101292,194,1047609344,1,180000.000,133084.194,885.802
153.833499,30.313376,28.834417,190,1047609344,1,180000.000,133080.832,885.927
153.860909,27.410291,28.535042,198,1047609344,1,180000.000,133077.788,886.040
153.888735,27.826041,28.639542,178,1047609344,1,180000.000,133074.687,886.155
153.918496,29.760834,28.578083,201,1047625728,1,180000.000,133071.386,886.277
153.947294,28.797917,28.957582,166,1047625728,1,180000.000,133068.195,886.396
153.974848,27.554333,28.298626,184,1047625728,1,180000.000,133065.118,886.510
154.005481,30.632418,29.806168,159,1047625728,1,180000.000,133061.725,886.636
154.032543,27.062789,28.123709,196,1047642112,1,180000.000,133058.708,886.748
154.062397,29.853251,28.898041,182,1047642112,1,180000.000,133055.389,886.871
154.092741,30.343752,29.253458,188,1047642112,1,180000.000,133052.026,886.996
154.120793,28.052833,28.717417,174,1047642112,1,180000.000,133048.918,887.111
154.149149,28.355375,28.220667,184,1047642112,1,180000.000,133045.764,887.228
154.178221,29.072247,29.369207,187,1047642112,1,180000.000,133042.528,887.349
154.208636,30.415170,28.613333,173,1047658496,1,180000.000,133039.144,887.474
154.237705,29.068708,29.417250,165,1047658496,1,180000.000,133035.913,887.594
154.265881,28.175917,28.015083,187,1047658496,1,180000.000,133032.787,887.710
154.292348,26.467249,28.263542,185,1047658496,1,180000.000,133029.843,887.819
154.320694,28.345916,28.381166,197,1047658496,1,180000.000,133026.693,887.936
154.350189,29.494874,28.453501,187,1047691264,1,180000.000,133023.414,888.058
154.380508,30.319419,29.038376,186,1047691264,1,180000.000,133020.053,888.183
154.408821,28.312664,28.780500,185,1047691264,1,180000.000,133016.914,888.299
154.437227,28.405625,29.950417,194,1047724032,1,180000.000,133013.744,888.417
154.466723,29.496707,29.095875,190,1047724032,1,180000.000,133010.466,888.539
154.498620,31.896543,29.722666,175,1047724032,1,180000.000,133006.942,888.669
154.525864,27.244333,28.514084,188,1047724032,1,180000.000,133003.889,888.783
154.555561,29.696874,29.732624,178,1047740416,1,180000.000,133000.605,888.905
154.584155,28.594460,28.211292,192,1047740416,1,180000.000,132997.427,889.029
154.611920,27.764209,28.540125,181,1047740416,1,180000.000,132994.333,889.150
154.641520,29.599998,28.821417,195,1047756800,1,180000.000,132991.051,889.278
154.670636,29.116586,28.973625,195,1047756800,1,180000.000,132987.813,889.405
154.697426,26.789416,28.383541,188,1047756800,1,180000.000,132984.828,889.521
154.728710,31.284042,28.754791,183,1047756800,1,180000.000,132981.365,889.656
154.757297,28.587334,28.365999,188,1047756800,1,180000.000,132978.184,889.781
154.784056,26.758958,28.334999,182,1047756800,1,180000.000,132975.212,889.897
154.813707,29.651292,28.734167,189,1047756800,1,180000.000,132971.913,890.026
154.842444,28.737124,28.531334,185,1047756800,1,180000.000,132968.732,890.150
154.871340,28.896041,28.550083,187,1047756800,1,180000.000,132965.513,890.276
154.897987,26.646502,28.673292,193,1047756800,1,180000.000,132962.547,890.392
154.926331,28.343875,28.585209,178,1047756800,1,180000.000,132959.396,890.515
154.955312,28.980792,28.341084,182,1047756800,1,180000.000,132956.191,890.640
154.984831,29.519625,27.949833,193,1047756800,1,180000.000,132952.905,890.769
155.013131,28.299622,28.365833,204,1047756800,1,180000.000,132949.755,890.892
155.041228,28.097503,28.649542,191,1047756800,1,180000.000,132946.646,891.013
155.070014,28.785497,28.294750,184,1047756800,1,180000.000,132943.433,891.139
155.096855,26.841167,28.351959,192,1047756800,1,180000.000,132940.452,891.255
155.125476,28.620750,28.443293,171,1047756800,1,180000.000,132937.270,891.379
155.154750,29.273961,28.330042,165,1047756800,1,180000.000,132934.033,891.506
155.183635,28.885040,27.932501,201,1047789568,1,180000.000,132930.822,891.631
155.212997,29.361792,28.879457,216,1047789568,1,180000.000,132927.547,891.759
155.240888,27.891792,28.300917,198,1047789568,1,180000.000,132924.457,891.880
155.269930,29.041290,28.837000,187,1047789568,1,180000.000,132921.224,892.006
155.298140,28.210167,28.718624,204,1047789568,1,180000.000,132918.099,892.129
155.326901,28.760750,28.778959,167,1047789568,1,180000.000,132914.907,892.253
155.355358,28.457042,28.494041,187,1047789568,1,180000.000,132911.756,892.376
155.384208,28.849918,28.478916,164,1047805952,1,180000.000,132908.537,892.502
155.412742,28.534289,27.985001,224,1047822336,1,180000.000,132905.361,892.626
155.440798,28.056376,29.164583,178,1047822336,1,180000.000,132902.233,892.749
155.469562,28.763916,29.438875,183,1047838720,1,180000.000,132899.042,892.873
155.500900,31.338166,29.190958,184,1047838720,1,180000.000,132895.568,893.009
155.527551,26.651043,28.052750,191,1047838720,1,180000.000,132892.599,893.125
155.558131,30.579749,29.597834,195,1047838720,1,180000.000,132889.206,893.258
155.586811,28.679959,28.476458,173,1047838720,1,180000.000,132886.019,893.382
155.613645,26.833791,28.260334,175,1047838720,1,180000.000,132883.029,893.499
155.643495,29.849831,28.552042,181,1047838720,1,180000.000,132879.720,893.628
155.671445,27.950499,28.555250,171,1047838720,1,180000.000,132876.623,893.749
155.701360,29.914543,29.094208,216,1047838720,1,180000.000,132873.302,893.879
155.730817,29.457249,29.096708,197,1047838720,1,180000.000,132870.026,894.007
155.759703,28.886292,29.219418,210,1047838720,1,180000.000,132866.806,894.133
155.789702,29.998835,29.822542,183,1047838720,1,180000.000,132863.471,894.263
155.817058,27.355876,28.250042,186,1047838720,1,180000.000,132860.432,894.382
155.846387,29.329542,28.923292,205,1047838720,1,180000.000,132857.167,894.510
155.877585,31.197540,29.879499,186,1047838720,1,180000.000,132853.708,894.645
155.904833,27.247500,28.249500,195,1047838720,1,180000.000,132850.674,894.763
155.934769,29.936001,29.687584,179,1047838720,1,180000.000,132847.354,894.893
155.962981,28.212667,28.219875,188,1047838720,1,180000.000,132844.215,895.016
155.992784,29.802751,29.368458,175,1047887872,1,180000.000,132840.905,895.145
156.021380,28.595872,28.961876,182,1047887872,1,180000.000,132837.735,895.269
156.049840,28.460417,28.662874,193,1047887872,1,180000.000,132834.566,895.393
156.079574,29.734168,28.952457,207,1047887872,1,180000.000,132831.263,895.522
156.109452,29.877957,28.624834,201,1047887872,1,180000.000,132827.952,895.651
156.137351,27.898252,28.426834,192,1047887872,1,180000.000,132824.850,895.772
156.165159,27.808707,28.288958,181,1047887872,1,180000.000,132821.752,895.893
156.193775,28.615333,28.485750,204,1047887872,1,180000.000,132818.574,896.018
156.222114,28.339125,28.720041,192,1047887872,1,180000.000,132815.435,896.140
156.251429,29.315207,28.925751,197,1047887872,1,180000.000,132812.177,896.267
156.280034,28.604999,28.967583,184,1047887872,1,180000.000,132809.004,896.391
156.308748,28.713670,28.541750,184,1047887872,1,180000.000,132805.797,896.517
156.338387,29.639792,28.243708,197,1047887872,1,180000.000,132802.507,896.645
156.366503,28.115124,28.523041,208,1047887872,1,180000.000,132799.388,896.767
156.394152,27.649250,28.449499,181,1047887872,1,180000.000,132796.313,896.881
156.422991,28.838750,28.607250,198,1047887872,1,180000.000,132793.111,897.000
156.451061,28.070457,28.363501,211,1047887872,1,180000.000,132790.002,897.116
156.479014,27.953293,28.362583,173,1047887872,1,180000.000,132786.892,897.231
156.507142,28.128125,27.961082,178,1047887872,1,180000.000,132783.766,897.347
156.535186,28.043710,28.031250,191,1047887872,1,180000.000,132780.639,897.463
156.563209,28.022584,28.653708,193,1047887872,1,180000.000,132777.520,897.579
156.594259,31.050373,28.570084,200,1047887872,1,180000.000,132774.072,897.707
156.622686,28.426666,28.725042,187,1047887872,1,180000.000,132770.914,897.824
156.651279,28.592877,28.724709,209,1047887872,1,180000.000,132767.750,897.942
156.679615,28.336290,28.892416,176,1047887872,1,180000.000,132764.593,898.059
156.707560,27.944878,28.309958,204,1047887872,1,180000.000,132761.485,898.174
156.736160,28.600581,29.119375,176,1047887872,1,180000.000,132758.304,898.292
156.766469,30.308750,28.590334,193,1047887872,1,180000.000,132754.941,898.417
156.793982,27.513210,28.307709,200,1047887872,1,180000.000,132751.879,898.531
156.821955,27.972583,28.915667,187,1047887872,1,180000.000,132748.767,898.646
156.852166,30.211166,28.406124,199,1047920640,1,180000.000,132745.417,898.771
156.880104,27.937792,28.072458,195,1047920640,1,180000.000,132742.321,898.886
156.910959,30.855168,29.674500,200,1047920640,1,180000.000,132738.908,899.012
156.938164,27.204793,28.687124,185,1047920640,1,180000.000,132735.864,899.125
156.967193,29.029083,28.722416,203,1047920640,1,180000.000,132732.646,899.245
156.994599,27.405873,28.765833,204,1047920640,1,180000.000,132729.585,899.359
157.025627,31.028625,28.295876,197,1047953408,1,180000.000,132726.155,899.486
157.053162,27.534377,28.266750,206,1047969792,1,180000.000,132723.103,899.599
157.082493,29.331043,28.671000,204,1047969792,1,180000.000,132719.830,899.721
157.109898,27.404997,28.467291,211,1047969792,1,180000.000,132716.784,899.834
157.141146,31.248085,30.113083,209,1047969792,1,180000.000,132713.311,899.963
157.168283,27.137458,28.312250,199,1047969792,1,180000.000,132710.295,900.075
157.197305,29.021125,28.944334,194,1047969792,1,180000.000,132707.064,900.195
157.228794,31.489499,30.267584,203,1047969792,1,180000.000,132703.571,900.324
157.256671,27.876791,28.257250,196,1047969792,1,180000.000,132700.478,900.439
157.285714,29.042877,29.773666,209,1047969792,1,180000.000,132697.241,900.559
157.317059,31.345788,29.497791,197,1047969792,1,180000.000,132693.763,900.688
157.345192,28.132461,28.626625,195,1047969792,1,180000.000,132690.635,900.805
157.375121,29.929291,28.381416,206,1047969792,1,180000.000,132687.318,900.928
157.402096,26.974499,28.717083,202,1047969792,1,180000.000,132684.312,901.039
157.430838,28.742168,28.066668,208,1047969792,1,180000.000,132681.124,901.158
157.458870,28.031748,28.376125,217,1047969792,1,180000.000,132678.005,901.274
157.487855,28.985586,28.363750,193,1047969792,1,180000.000,132674.800,901.393
157.516932,29.076997,28.452333,213,1047969792,1,180000.000,132671.569,901.512
157.546125,29.192794,28.873625,209,1047969792,1,180000.000,132668.311,901.633
157.575432,29.306538,30.265709,192,1047969792,1,180000.000,132665.060,901.754
157.603703,28.271168,28.618500,223,1047969792,1,180000.000,132661.913,901.871
157.631738,28.035667,28.550125,173,1047969792,1,180000.000,132658.811,901.986
157.660535,28.796665,28.458000,239,1047969792,1,180000.000,132655.610,902.105
157.689484,28.949209,28.416042,194,1047969792,1,180000.000,132652.382,902.225
157.717505,28.020877,28.509293,177,1047969792,1,180000.000,132649.279,902.340
157.746277,28.771706,28.518291,181,1047969792,1,180000.000,132646.071,902.459
157.773835,27.557708,28.493250,178,1047969792,1,180000.000,132643.012,902.573
157.802290,28.455585,28.885834,194,1047969792,1,180000.000,132639.845,902.690
157.831830,29.539622,28.120125,164,1047969792,1,180000.000,132636.565,902.812
157.860292,28.462503,28.147875,197,1047969792,1,180000.000,132633.422,902.929
157.889908,29.616166,28.945499,208,1047986176,1,180000.000,132630.124,903.051
157.918672,28.763290,28.687374,188,1047986176,1,180000.000,132626.928,903.170
157.946416,27.744126,28.608250,203,1047986176,1,180000.000,132623.833,903.285
157.976404,29.988043,29.553083,187,1047986176,1,180000.000,132620.512,903.408
158.005251,28.846625,28.613417,190,1047986176,1,180000.000,132617.295,903.527
158.033367,28.116625,28.508333,174,1047986176,1,180000.000,132614.176,903.643
158.061898,28.530497,28.441376,187,1047986176,1,180000.000,132611.005,903.761
158.093219,31.321459,29.466084,210,1047986176,1,180000.000,132607.524,903.890
158.119366,26.147377,28.878208,188,1047986176,1,180000.000,132604.619,903.998
158.149145,29.778790,28.971458,196,1047986176,1,180000.000,132601.320,904.120
158.177571,28.426167,28.455042,174,1047986176,1,180000.000,132598.152,904.244
158.205554,27.982336,28.045208,185,1047986176,1,180000.000,132595.041,904.366
158.235224,29.669914,30.426624,193,1047986176,1,180000.000,132591.745,904.495
158.264534,29.310416,28.806208,186,1047986176,1,180000.000,132588.493,904.622
158.294716,30.181918,29.581125,197,1047986176,1,180000.000,132585.136,904.753
158.324395,29.679123,29.249458,185,1047986176,1,180000.000,132581.845,904.882
158.352459,28.064083,29.240208,188,1047986176,1,180000.000,132578.718,905.004
158.381543,29.084209,28.933208,190,1047986176,1,180000.000,132575.488,905.130
158.411755,30.211084,29.285292,207,1047986176,1,180000.000,132572.127,905.261
158.444760,33.005502,30.870958,191,1047986176,1,180000.000,132568.461,905.405
158.471865,27.105164,29.344500,191,1047986176,1,180000.000,132565.459,905.522
158.500846,28.981168,29.194708,202,1047986176,1,180000.000,132562.247,905.647
158.531994,31.148002,30.940292,185,1047986176,1,180000.000,132558.772,905.783
158.562745,30.750625,29.420834,208,1047986176,1,180000.000,132555.370,905.916
158.590514,27.768791,29.069334,180,1047986176,1,180000.000,132552.262,906.038
158.621890,31.376418,30.698292,223,1047986176,1,180000.000,132548.792,906.173
158.651029,29.138874,29.363543,191,1047986176,1,180000.000,132545.550,906.300
158.681545,30.515999,29.075293,235,1047986176,1,180000.000,132542.158,906.433
158.710016,28.471127,28.948416,213,1047986176,1,180000.000,132538.988,906.556
158.738812,28.796207,29.275583,221,1047986176,1,180000.000,132535.792,906.681
158.766297,27.484749,28.519501,186,1047986176,1,180000.000,132532.735,906.801
158.796871,30.573793,29.067041,185,1047986176,1,180000.000,132529.339,906.934
158.826556,29.684708,29.110250,218,1047986176,1,180000.000,132526.052,907.062
158.855608,29.051878,28.959999,200,1047986176,1,180000.000,132522.822,907.188
158.883220,27.612332,28.891125,216,1047986176,1,180000.000,132519.746,907.309
158.913848,30.628290,29.136667,195,1047986176,1,180000.000,132516.352,907.441
158.942867,29.019043,29.030167,209,1047986176,1,180000.000,132513.125,907.567
158.971262,28.395083,29.136959,191,1047986176,1,180000.000,132509.982,907.690
159.001508,30.245710,29.107834,202,1047986176,1,180000.000,132506.605,907.822
159.030274,28.765999,28.850416,237,1048018944,1,180000.000,132503.409,907.947
159.057802,27.527709,29.236458,188,1048018944,1,180000.000,132500.353,908.066
159.088021,30.219167,28.929501,218,1048018944,1,180000.000,132496.987,908.198
159.116390,28.368957,28.938625,182,1048018944,1,180000.000,132493.846,908.321
159.144608,28.218374,28.783417,201,1048018944,1,180000.000,132490.709,908.443
159.173783,29.175170,28.841375,170,1048018944,1,180000.000,132487.468,908.570
159.203199,29.415622,28.687292,199,1048018944,1,180000.000,132484.187,908.698
159.233944,30.744959,29.875999,226,1048018944,1,180000.000,132480.778,908.831
159.261173,27.228832,28.830250,207,1048018944,1,180000.000,132477.753,908.950
159.291024,29.851209,29.403208,227,1048018944,1,180000.000,132474.433,909.079
159.321856,30.832458,29.769083,217,1048018944,1,180000.000,132471.014,909.213
159.350373,28.516252,29.312334,190,1048018944,1,180000.000,132467.851,909.337
159.377936,27.562998,28.611626,155,1048018944,1,180000.000,132464.772,909.457
159.408158,30.222084,28.530958,186,1048018944,1,180000.000,132461.423,909.588
159.437888,29.730540,29.213667,194,1048018944,1,180000.000,132458.116,909.717
159.465809,27.920458,29.098083,178,1048018944,1,180000.000,132455.014,909.838
159.495549,29.739875,29.259293,177,1048035328,1,180000.000,132451.723,909.967
159.525710,30.161336,29.060459,163,1048035328,1,180000.000,132448.356,910.099
159.553849,28.139457,28.949125,220,1048035328,1,180000.000,132445.238,910.220
159.584870,31.020500,30.065584,197,1048051712,1,180000.000,132441.790,910.355
159.612947,28.077334,28.768667,190,1048051712,1,180000.000,132438.680,910.477
159.642893,29.946081,28.743166,201,1048051712,1,180000.000,132435.340,910.607
159.670968,28.074585,29.235083,192,1048051712,1,180000.000,132432.226,910.729
159.698947,27.978707,28.961208,189,1048051712,1,180000.000,132429.106,910.851
159.728921,29.974084,28.831709,192,1048051712,1,180000.000,132425.772,910.981
159.761018,32.097165,30.866833,181,1048051712,1,180000.000,132422.222,911.120
159.788641,27.623501,29.485043,192,1048051712,1,180000.000,132419.137,911.241
159.820513,31.872001,29.622499,180,1048068096,1,180000.000,132415.620,911.378
159.848180,27.666375,29.100292,186,1048068096,1,180000.000,132412.534,911.499
159.880227,32.046791,30.831459,194,1048084480,1,180000.000,132408.966,911.638
159.908372,28.145041,28.967833,185,1048084480,1,180000.000,132405.851,911.760
159.936582,28.210334,29.103542,185,1048100864,1,180000.000,132402.701,911.883
159.969051,32.468665,30.896749,187,1048100864,1,180000.000,132399.111,912.023
159.996471,27.420584,28.914833,185,1048117248,1,180000.000,132396.054,912.137
160.027311,30.839957,29.862583,181,1048133632,1,180000.000,132392.639,912.264
160.054955,27.643628,28.925501,185,1048133632,1,180000.000,132389.546,912.378
160.087270,32.315165,30.628374,173,1048150016,1,180000.000,132385.963,912.511
160.114809,27.539250,28.783916,196,1048150016,1,180000.000,132382.899,912.625
160.143769,28.959669,28.830750,179,1048150016,1,180000.000,132379.685,912.745
160.175829,32.059874,30.545000,200,1048150016,1,180000.000,132376.130,912.877
160.204687,28.858207,29.005251,190,1048182784,1,180000.000,132372.917,912.996
160.234300,29.613208,29.004541,196,1048182784,1,180000.000,132369.638,913.118
160.263510,29.209793,29.048876,188,1048182784,1,180000.000,132366.388,913.238
160.292845,29.335458,29.311125,199,1048182784,1,180000.000,132363.140,913.359
160.319957,27.111582,29.005875,173,1048182784,1,180000.000,132360.105,913.472
160.351469,31.512417,29.920584,221,1048182784,1,180000.000,132356.607,913.601
160.379015,27.545501,28.861376,191,1048182784,1,180000.000,132353.549,913.715
160.409660,30.645207,29.372625,186,1048182784,1,180000.000,132350.150,913.841
160.439358,29.698253,29.370417,187,1048182784,1,180000.000,132346.850,913.964
160.468374,29.015623,29.571583,181,1048182784,1,180000.000,132343.627,914.083
160.496365,27.991336,28.949959,183,1048182784,1,180000.000,132340.505,914.199
160.525329,28.963458,28.979376,183,1048182784,1,180000.000,132337.288,914.319
160.556396,31.067375,29.106001,182,1048182784,1,180000.000,132333.840,914.447
160.585786,29.389832,29.324875,208,1048182784,1,180000.000,132330.585,914.568
160.614241,28.455041,28.907459,212,1048182784,1,180000.000,132327.412,914.686
160.643644,29.402915,29.023167,176,1048182784,1,180000.000,132324.149,914.807
160.672497,28.853461,29.103167,192,1048182784,1,180000.000,132320.948,914.926
160.701510,29.012706,29.818708,194,1048182784,1,180000.000,132317.716,915.046
160.731203,29.693209,29.145166,173,1048182784,1,180000.000,132314.427,915.168
160.759546,28.343044,28.997042,156,1048182784,1,180000.000,132311.275,915.285
160.789887,30.340750,28.484125,185,1048182784,1,180000.000,132307.901,915.410
160.817691,27.803790,29.222292,204,1048182784,1,180000.000,132304.806,915.525
160.847109,29.417627,29.120041,184,1048182784,1,180000.000,132301.534,915.646
160.875364,28.255623,29.358208,168,1048182784,1,180000.000,132298.394,915.763
160.906006,30.641500,28.799042,161,1048182784,1,180000.000,132294.991,915.889
160.935596,29.590584,28.775126,196,1048182784,1,180000.000,132291.711,916.011
160.964362,28.765708,28.918917,193,1048182784,1,180000.000,132288.515,916.130
160.992019,27.657084,29.081625,163,1048182784,1,180000.000,132285.444,916.244
161.022783,30.764207,28.812124,191,1048182784,1,180000.000,132282.020,916.371
161.050247,27.464084,29.054167,186,1048182784,1,180000.000,132278.968,916.484
161.080563,30.316167,29.512291,169,1048182784,1,180000.000,132275.593,916.610
161.108177,27.613748,28.728125,191,1048182784,1,180000.000,132272.532,916.723
161.139256,31.078752,29.383791,193,1048182784,1,180000.000,132269.077,916.852
161.168553,29.296666,29.322416,191,1048182784,1,180000.000,132265.831,916.972
161.196754,28.201293,29.022833,175,1048182784,1,180000.000,132262.698,917.089
161.225153,28.399080,28.848417,195,1048182784,1,180000.000,132259.532,917.206
161.256785,31.631667,29.779209,187,1048182784,1,180000.000,132256.023,917.336
161.285093,28.308000,28.961208,177,1048182784,1,180000.000,132252.886,917.453
161.313893,28.800502,29.228834,186,1048182784,1,180000.000,132249.680,917.572
161.345547,31.653833,30.372208,191,1048182784,1,180000.000,132246.168,917.702
161.374970,29.422957,29.222708,180,1048182784,1,180000.000,132242.900,917.824
161.403135,28.164666,29.289083,180,1048182784,1,180000.000,132239.750,917.941
161.434358,31.223502,30.345209,186,1048182784,1,180000.000,132236.291,918.069
161.462914,28.556205,29.048416,170,1048182784,1,180000.000,132233.113,918.187
161.491927,29.012710,28.840834,186,1048182784,1,180000.000,132229.891,918.307
161.523179,31.252250,30.627209,176,1048182784,1,180000.000,132226.429,918.435
161.551367,28.188042,28.945999,178,1048182784,1,180000.000,132223.293,918.552
161.581671,30.303624,28.976166,194,1048182784,1,180000.000,132219.917,918.677
161.610786,29.115252,29.237000,195,1048182784,1,180000.000,132216.696,918.797
161.639595,28.808706,29.063084,198,1048199168,1,180000.000,132213.486,918.916
161.667150,27.554836,29.107458,177,1048199168,1,180000.000,132210.417,919.030
161.697921,30.771248,30.158958,202,1048199168,1,180000.000,132207.016,919.156
161.728505,30.584082,29.307041,181,1048199168,1,180000.000,132203.627,919.282
161.757708,29.202919,29.036541,186,1048199168,1,180000.000,132200.365,919.403
161.786796,29.087789,29.372833,189,1048199168,1,180000.000,132197.131,919.523
161.814072,27.276419,28.970875,194,1048199168,1,180000.000,132194.096,919.636
161.843390,29.317748,28.927792,174,1048199168,1,180000.000,132190.846,919.757
161.872781,29.390544,28.962376,170,1048199168,1,180000.000,132187.581,919.878
161.900872,28.091207,28.618626,169,1048199168,1,180000.000,132184.451,919.994
161.931042,30.170333,28.936916,171,1048199168,1,180000.000,132181.100,920.119
161.959077,28.035209,28.839167,218,1048199168,1,180000.000,132177.983,920.234
161.990590,31.512294,29.261709,187,1048199168,1,180000.000,132174.482,920.364
162.019574,28.983999,29.636749,177,1048199168,1,180000.000,132171.271,920.484
162.047153,27.579583,28.872833,199,1048215552,1,180000.000,132168.190,920.598
162.078440,31.286541,30.024166,183,1048215552,1,180000.000,132164.719,920.727
162.107286,28.846748,29.172251,197,1048215552,1,180000.000,132161.522,920.846
162.135465,28.178960,29.250750,167,1048215552,1,180000.000,132158.386,920.962
162.164808,29.342499,28.885124,202,1048215552,1,180000.000,132155.122,921.083
162.195617,30.809376,29.902082,181,1048215552,1,180000.000,132151.708,921.210
162.224211,28.593499,28.994959,206,1048215552,1,180000.000,132148.526,921.328
162.254092,29.881626,29.575583,172,1048215552,1,180000.000,132145.206,921.451
162.283615,29.522959,28.863625,175,1048215552,1,180000.000,132141.933,921.573
162.311365,27.749207,29.088541,194,1048215552,1,180000.000,132138.842,921.688
162.341506,30.140959,29.241833,181,1048215552,1,180000.000,132135.503,921.812
162.370527,29.021498,29.297209,180,1048215552,1,180000.000,132132.282,921.931
162.398559,28.032128,28.657917,189,1048215552,1,180000.000,132129.150,922.048
162.427972,29.413082,29.271334,198,1048215552,1,180000.000,132125.885,922.169
162.457449,29.476710,29.535042,176,1048215552,1,180000.000,132122.612,922.291
162.488656,31.207167,29.134167,217,1048215552,1,180000.000,132119.141,922.419
162.516158,27.502164,29.081249,194,1048215552,1,180000.000,132116.085,922.533
162.547301,31.142626,29.477375,194,1048215552,1,180000.000,132112.638,922.661
162.574944,27.643252,29.079500,179,1048215552,1,180000.000,132109.564,922.775
162.604128,29.184248,29.305708,179,1048215552,1,180000.000,132106.309,922.896
162.635333,31.204917,29.591084,193,1048248320,1,180000.000,132102.853,923.024
162.662706,27.372584,29.196667,180,1048248320,1,180000.000,132099.799,923.138
162.692183,29.477082,29.493000,172,1048248320,1,180000.000,132096.543,923.259
162.723834,31.650666,30.582750,179,1048248320,1,180000.000,132093.027,923.389
162.753240,29.405918,29.418083,193,1048248320,1,180000.000,132089.752,923.511
162.782717,29.477127,29.945583,187,1048248320,1,180000.000,132086.467,923.633
162.815092,32.375164,30.460167,200,1048248320,1,180000.000,132082.879,923.766
162.842419,27.327459,29.070917,164,1048248320,1,180000.000,132079.839,923.879
162.875298,32.878499,31.838333,194,1048248320,1,180000.000,132076.195,924.014
162.904217,28.919585,30.080208,186,1048248320,1,180000.000,132072.968,924.134
162.935940,31.722333,29.729416,180,1048248320,1,180000.000,132069.445,924.265
162.964383,28.443497,28.907417,208,1048248320,1,180000.000,132066.291,924.382
162.993959,29.576167,29.124208,184,1048248320,1,180000.000,132063.009,924.504
163.022041,28.081961,29.218458,184,1048248320,1,180000.000,132059.876,924.620
163.052175,30.134082,30.483917,206,1048264704,1,180000.000,132056.534,924.744
163.082231,30.055083,29.237709,174,1048264704,1,180000.000,132053.191,924.869
163.109781,27.550250,28.875126,208,1048264704,1,180000.000,132050.127,924.982
163.140366,30.585457,29.142416,182,1048264704,1,180000.000,132046.728,925.109
163.168617,28.250378,29.124125,187,1048264704,1,180000.000,132043.597,925.225
163.197138,28.521832,28.959541,168,1048264704,1,180000.000,132040.415,925.343
163.227222,30.083999,28.945042,154,1048264704,1,180000.000,132037.084,925.467
163.255998,28.775167,28.712376,192,1048264704,1,180000.000,132033.882,925.586
163.285132,29.134627,29.369583,156,1048264704,1,180000.000,132030.653,925.705
163.315285,30.152958,28.734875,187,1048264704,1,180000.000,132027.306,925.830
163.344160,28.874584,29.422251,215,1048264704,1,180000.000,132024.086,925.949
163.373560,29.400539,29.139542,174,1048264704,1,180000.000,132020.821,926.071
163.401566,28.005335,29.538750,205,1048264704,1,180000.000,132017.703,926.186
163.431362,29.796582,29.519125,179,1048264704,1,180000.000,132014.393,926.309
163.461519,30.156750,29.146542,219,1048264704,1,180000.000,132011.049,926.434
163.490624,29.105291,29.196375,168,1048264704,1,180000.000,132007.810,926.554
163.520165,29.540583,28.985292,181,1048264704,1,180000.000,132004.531,926.676
163.547964,27.798876,29.103167,210,1048264704,1,180000.000,132001.438,926.790
163.577910,29.946707,29.770500,179,1048264704,1,180000.000,131998.111,926.914
163.606906,28.995875,29.334333,177,1048264704,1,180000.000,131994.894,927.040
163.635531,28.624374,28.980459,175,1048264704,1,180000.000,131991.709,927.164
163.664718,29.187087,28.983458,194,1048264704,1,180000.000,131988.466,927.291
163.693473,28.755333,28.789875,172,1048264704,1,180000.000,131985.271,927.416
163.724053,30.579872,29.172251,189,1048264704,1,180000.000,131981.895,927.548
163.754069,30.016378,29.125542,182,1048264704,1,180000.000,131978.563,927.678
163.782613,28.544083,29.100500,190,1048264704,1,180000.000,131975.393,927.802
163.811533,28.919708,29.221375,174,1048264704,1,180000.000,131972.166,927.928
163.840220,28.686833,28.948626,187,1048264704,1,180000.000,131968.969,928.053
163.869356,29.135708,29.473207,187,1048281088,1,180000.000,131965.731,928.180
163.900670,31.314291,29.224751,193,1048281088,1,180000.000,131962.266,928.315
163.928862,28.191585,29.095791,199,1048281088,1,180000.000,131959.125,928.438
163.959925,31.063832,29.652166,176,1048281088,1,180000.000,131955.665,928.573
163.988262,28.336875,29.149250,179,1048281088,1,180000.000,131952.524,928.696
164.015775,27.512915,28.828833,181,1048281088,1,180000.000,131949.462,928.816
164.044859,29.083669,29.452457,175,1048281088,1,180000.000,131946.227,928.942
164.075839,30.979831,30.334917,181,1048281088,1,180000.000,131942.797,929.076
164.106742,30.903459,29.316084,179,1048281088,1,180000.000,131939.352,929.211
164.134635,27.892999,29.119041,182,1048281088,1,180000.000,131936.264,929.332
164.162867,28.231960,28.873375,188,1048281088,1,180000.000,131933.127,929.455
164.193698,30.831084,30.648792,184,1048281088,1,180000.000,131929.689,929.589
164.225888,32.189958,31.231916,171,1048281088,1,180000.000,131926.116,929.729
164.255413,29.524751,28.991833,182,1048281088,1,180000.000,131922.846,929.857
164.285011,29.598583,28.903749,184,1048281088,1,180000.000,131919.558,929.985
164.313899,28.887585,28.912624,190,1048281088,1,180000.000,131916.336,930.111
164.343383,29.484082,29.063457,190,1048281088,1,180000.000,131913.062,930.239
164.371754,28.370999,29.172958,186,1048281088,1,180000.000,131909.920,930.362
164.399322,27.568333,29.105959,186,1048281088,1,180000.000,131906.841,930.482
164.430442,31.119667,30.238125,197,1048297472,1,180000.000,131903.398,930.617
164.458931,28.489128,29.714624,184,1048297472,1,180000.000,131900.219,930.741
164.490471,31.539373,29.047832,184,1048297472,1,180000.000,131896.728,930.878
164.518482,28.010875,29.092167,179,1048297472,1,180000.000,131893.608,931.000
164.547678,29.196166,28.789333,190,1048313856,1,180000.000,131890.359,931.127
164.576320,28.641835,29.083626,157,1048313856,1,180000.000,131887.174,931.251
164.606239,29.919248,28.776417,164,1048313856,1,180000.000,131883.852,931.381
164.635266,29.027127,29.079082,172,1048313856,1,180000.000,131880.644,931.506
164.665519,30.253541,29.638166,165,1048313856,1,180000.000,131877.285,931.638
164.692233,26.713461,28.954708,204,1048313856,1,180000.000,131874.299,931.754
164.722878,30.644625,29.237207,187,1048313856,1,180000.000,131870.897,931.887
164.751600,28.722666,29.412374,194,1048313856,1,180000.000,131867.704,932.012
164.780939,29.338457,29.662083,173,1048313856,1,180000.000,131864.445,932.140
164.809838,28.899208,29.669250,172,1048313856,1,180000.000,131861.228,932.265
164.840309,30.470919,29.124208,207,1048313856,1,180000.000,131857.856,932.397
164.869454,29.145081,29.211876,171,1048313856,1,180000.000,131854.607,932.524
164.897386,27.932126,28.744583,200,1048313856,1,180000.000,131851.502,932.646
164.927249,29.862709,29.319916,175,1048313856,1,180000.000,131848.194,932.775
164.955861,28.612625,29.532749,186,1048313856,1,180000.000,131845.003,932.900
164.985154,29.292751,29.310333,176,1048313856,1,180000.000,131841.750,933.027
165.014342,29.188249,28.627583,171,1048313856,1,180000.000,131838.511,933.154
165.043999,29.656708,28.783083,189,1048313856,1,180000.000,131835.223,933.282
165.074071,30.072123,28.864292,173,1048313856,1,180000.000,131831.878,933.413
165.102251,28.180167,29.141500,170,1048313856,1,180000.000,131828.744,933.535
165.130886,28.634544,28.699459,200,1048313856,1,180000.000,131825.567,933.660
165.158600,27.713791,29.056959,186,1048313856,1,180000.000,131822.476,933.780
165.189677,31.077623,29.281500,192,1048313856,1,180000.000,131819.027,933.915
165.217844,28.167170,29.113167,196,1048313856,1,180000.000,131815.895,934.038
165.247957,30.112915,29.209875,193,1048313856,1,180000.000,131812.552,934.168
165.277390,29.432584,29.282375,187,1048313856,1,180000.000,131809.299,934.296
165.306050,28.660376,29.709333,219,1048313856,1,180000.000,131806.098,934.421
165.336796,30.745875,29.103500,179,1048313856,1,180000.000,131802.692,934.554
165.363952,27.155500,28.909124,203,1048313856,1,180000.000,131799.662,934.672
165.395092,31.140789,29.598917,176,1048330240,1,180000.000,131796.213,934.801
165.422131,27.038962,28.851208,195,1048330240,1,180000.000,131793.202,934.912
165.454430,32.298416,30.937166,171,1048330240,1,180000.000,131789.616,935.046
165.483524,29.093709,29.624083,193,1048330240,1,180000.000,131786.379,935.166
165.512334,28.810456,29.466625,180,1048330240,1,180000.000,131783.176,935.285
165.547003,34.669250,32.169498,201,1048330240,1,180000.000,131779.330,935.428
165.576572,29.569041,29.188126,186,1048330240,1,180000.000,131776.045,935.550
165.602974,26.401374,29.085875,176,1048330240,1,180000.000,131773.101,935.659
165.634638,31.664751,29.105167,174,1048330240,1,180000.000,131769.597,935.789
165.662918,28.279666,28.923208,185,1048330240,1,180000.000,131766.448,935.906
165.692188,29.269543,29.181417,184,1048330240,1,180000.000,131763.194,936.027
165.720990,28.802123,29.155083,191,1048330240,1,180000.000,131759.999,936.146
165.750164,29.174462,29.188541,189,1048330240,1,180000.000,131756.750,936.266
165.781018,30.853622,30.351042,174,1048330240,1,180000.000,131753.320,936.394
165.809536,28.518211,29.132084,184,1048330240,1,180000.000,131750.170,936.511
165.839617,30.080665,29.219999,172,1048330240,1,180000.000,131746.823,936.635
165.867987,28.370749,28.956791,181,1048330240,1,180000.000,131743.669,936.752
165.896009,28.021708,28.862709,191,1048330240,1,180000.000,131740.547,936.868
165.927021,31.011835,29.091417,179,1048330240,1,180000.000,131737.096,936.996
165.953728,26.707418,29.041334,186,1048330240,1,180000.000,131734.127,937.107
165.983931,30.202333,29.177000,176,1048330240,1,180000.000,131730.784,937.231
166.012626,28.695207,28.825167,167,1048330240,1,180000.000,131727.596,937.349
166.041650,29.024292,28.971333,186,1048346624,1,180000.000,131724.368,937.469
166.073643,31.992625,29.960875,192,1048346624,1,180000.000,131720.818,937.601
166.100707,27.063958,29.341709,185,1048346624,1,180000.000,131717.800,937.713
166.131337,30.630209,29.624708,177,1048346624,1,180000.000,131714.400,937.840
166.159380,28.043125,29.230667,181,1048346624,1,180000.000,131711.281,937.955
166.191255,31.874958,28.924583,186,1048346624,1,180000.000,131707.739,938.087
166.219491,28.235875,29.226707,185,1048346624,1,180000.000,131704.614,938.203
166.247202,27.711082,29.016624,197,1048346624,1,180000.000,131701.529,938.318
166.276401,29.198710,29.447042,181,1048346624,1,180000.000,131698.281,938.438
166.306506,30.105498,29.242750,165,1048346624,1,180000.000,131694.953,938.562
166.336671,30.165169,29.317459,158,1048346624,1,180000.000,131691.585,938.687
166.364975,28.303042,28.682917,179,1048346624,1,180000.000,131688.454,938.803
166.393805,28.830040,29.504999,184,1048346624,1,180000.000,131685.235,938.923
166.424284,30.479249,28.902458,204,1048346624,1,180000.000,131681.844,939.049
166.451503,27.219128,29.198334,187,1048346624,1,180000.000,131678.826,939.161
166.480362,28.859455,28.849041,185,1048346624,1,180000.000,131675.619,939.280
166.511419,31.056959,29.327875,170,1048346624,1,180000.000,131672.170,939.408
166.541864,30.444168,28.909834,178,1048346624,1,180000.000,131668.783,939.534
166.568533,26.669249,29.843292,184,1048346624,1,180000.000,131665.813,939.644
166.599129,30.596666,29.007334,188,1048346624,1,180000.000,131662.424,939.770
166.627966,28.836250,29.848709,206,1048346624,1,180000.000,131659.218,939.889
166.659059,31.093292,30.545792,188,1048346624,1,180000.000,131655.772,940.017
166.688716,29.657084,29.339375,190,1048346624,1,180000.000,131652.485,940.139
166.718689,29.973168,29.731874,187,1048346624,1,180000.000,131649.145,940.263
166.747529,28.840289,29.486208,207,1048346624,1,180000.000,131645.928,940.383
166.778814,31.284250,30.532833,177,1048346624,1,180000.000,131642.463,940.512
166.808223,29.408876,28.941584,201,1048346624,1,180000.000,131639.200,940.633
166.836461,28.238207,29.393833,177,1048346624,1,180000.000,131636.052,940.750
166.869473,33.011753,32.304543,173,1048346624,1,180000.000,131632.389,940.886
166.896832,27.359374,28.656000,166,1048346624,1,180000.000,131629.356,940.999
166.927255,30.423332,28.573792,177,1048346624,1,180000.000,131625.963,941.125
166.956550,29.295169,29.166166,180,1048346624,1,180000.000,131622.724,941.245
166.985197,28.646708,28.842875,182,1048346624,1,180000.000,131619.531,941.364
167.014110,28.913166,28.914917,191,1048346624,1,180000.000,131616.317,941.483
167.042888,28.778084,28.829708,158,1048346624,1,180000.000,131613.120,941.602
167.070617,27.728792,28.888124,194,1048379392,1,180000.000,131610.040,941.716
167.100792,30.174706,29.150583,184,1048395776,1,180000.000,131606.676,941.841
167.131861,31.069294,30.237667,195,1048412160,1,180000.000,131603.231,941.969
167.161454,29.592790,29.223375,176,1048428544,1,180000.000,131599.957,942.091
167.188053,26.599210,28.856958,165,1048444928,1,180000.000,131596.993,942.201
167.217061,29.008165,28.647125,173,1048444928,1,180000.000,131593.767,942.321
167.247156,30.094750,28.864542,183,1048444928,1,180000.000,131590.424,942.445
167.274789,27.632542,29.065500,194,1048444928,1,180000.000,131587.345,942.559
167.304635,29.846210,29.942417,167,1048444928,1,180000.000,131584.033,942.682
167.332967,28.332040,28.959999,188,1048444928,1,180000.000,131580.878,942.799
167.362303,29.336169,28.696959,159,1048444928,1,180000.000,131577.626,942.920
167.391331,29.027790,28.859083,206,1048444928,1,180000.000,131574.402,943.040
167.422580,31.249583,29.257208,187,1048444928,1,180000.000,131570.925,943.169
167.451201,28.620459,29.412416,202,1048444928,1,180000.000,131567.757,943.287
167.479489,28.288126,29.297375,175,1048444928,1,180000.000,131564.600,943.404
167.508668,29.179040,29.097000,162,1048444928,1,180000.000,131561.369,943.524
167.540437,31.768460,28.961666,198,1048444928,1,180000.000,131557.831,943.656
167.568771,28.334789,29.105125,180,1048444928,1,180000.000,131554.678,943.773
167.597239,28.467584,28.965876,210,1048444928,1,180000.000,131551.533,943.890
167.626616,29.376626,29.584625,180,1048444928,1,180000.000,131548.270,944.011
167.656221,29.605415,29.948376,188,1048444928,1,180000.000,131544.971,944.133
167.685410,29.189251,29.230291,161,1048444928,1,180000.000,131541.731,944.254
167.714912,29.501874,28.690584,207,1048444928,1,180000.000,131538.450,944.376
167.743768,28.855875,29.338041,184,1048444928,1,180000.000,131535.244,944.495
167.771557,27.788669,28.806334,194,1048444928,1,180000.000,131532.151,944.610
167.800628,29.071707,28.911333,169,1048444928,1,180000.000,131528.920,944.730
167.829450,28.821249,28.830416,196,1048444928,1,180000.000,131525.716,944.849
167.861369,31.919543,29.401958,174,1048444928,1,180000.000,131522.187,944.980
167.890344,28.975207,29.261042,190,1048444928,1,180000.000,131518.954,945.100
167.918262,27.917501,29.345459,177,1048444928,1,180000.000,131515.864,945.215
167.947101,28.839376,29.017334,197,1048444928,1,180000.000,131512.644,945.334
167.977021,29.919751,29.931791,189,1048444928,1,180000.000,131509.323,945.458
168.007960,30.939166,29.624792,195,1048444928,1,180000.000,131505.898,945.585
168.035306,27.345460,29.068251,197,1048444928,1,180000.000,131502.841,945.699
168.066576,31.270124,29.344959,185,1048444928,1,180000.000,131499.372,945.827
168.094125,27.548999,29.095459,188,1048444928,1,180000.000,131496.309,945.941
168.125733,31.608127,30.298250,183,1048444928,1,180000.000,131492.802,946.072
168.154918,29.185124,29.097958,194,1048461312,1,180000.000,131489.558,946.192
168.183025,28.106835,29.242043,186,1048461312,1,180000.000,131486.429,946.308
168.216643,33.618372,32.183834,176,1048461312,1,180000.000,131482.709,946.446
168.245461,28.818086,29.023500,197,1048461312,1,180000.000,131479.498,946.566
168.273914,28.452959,28.860416,174,1048477696,1,180000.000,131476.336,946.683
168.301845,27.930915,28.911751,180,1048477696,1,180000.000,131473.231,946.799
168.331911,30.065835,28.943542,200,1048477696,1,180000.000,131469.890,946.923
168.361444,29.533081,28.989542,176,1048477696,1,180000.000,131466.614,947.044
168.391221,29.777002,28.997999,195,1048477696,1,180000.000,131463.306,947.167
168.417835,26.613459,28.980333,183,1048477696,1,180000.000,131460.340,947.278
168.447862,30.027207,30.251791,216,1048477696,1,180000.000,131457.005,947.401
168.479190,31.328335,29.187000,180,1048477696,1,180000.000,131453.531,947.531
168.506313,27.122915,28.931208,175,1048477696,1,180000.000,131450.515,947.643
168.535508,29.194627,29.000126,194,1048477696,1,180000.000,131447.269,947.763
168.564364,28.856583,29.497126,180,1048477696,1,180000.000,131444.059,947.882
168.593370,29.006205,29.087376,200,1048477696,1,180000.000,131440.835,948.002
168.623599,30.228335,29.135792,169,1048477696,1,180000.000,131437.491,948.126
168.653876,30.277126,29.328417,178,1048477696,1,180000.000,131434.134,948.251
168.683486,29.610582,28.615749,183,1048477696,1,180000.000,131430.850,948.373
168.710657,27.171001,29.433125,170,1048477696,1,180000.000,131427.804,948.486
168.742591,31.933375,29.573999,216,1048477696,1,180000.000,131424.271,948.618
168.771045,28.454456,29.543709,182,1048477696,1,180000.000,131421.105,948.735
168.799769,28.723586,29.103251,163,1048477696,1,180000.000,131417.919,948.854
168.829543,29.774167,28.670042,230,1048477696,1,180000.000,131414.612,948.976
168.858829,29.285833,29.041624,204,1048477696,1,180000.000,131411.350,949.098
168.886653,27.824417,29.438457,243,1048477696,1,180000.000,131408.266,949.212
168.916225,29.571708,29.353416,183,1048477696,1,180000.000,131404.980,949.334
168.945373,29.147834,29.212833,218,1048477696,1,180000.000,131401.740,949.455
168.974624,29.251374,29.089958,161,1048477696,1,180000.000,131398.479,949.576
169.002085,27.460750,28.740250,192,1048477696,1,180000.000,131395.426,949.689
169.032138,30.053500,28.752459,160,1048477696,1,180000.000,131392.098,949.813
169.061265,29.126458,28.670124,195,1048477696,1,180000.000,131388.853,949.933
169.090608,29.342998,29.008459,184,1048477696,1,180000.000,131385.589,950.055
169.119087,28.478667,29.053583,193,1048477696,1,180000.000,131382.428,950.172
169.148118,29.031917,29.431084,168,1048510464,1,180000.000,131379.203,950.292
169.178153,30.034333,29.435417,201,1048510464,1,180000.000,131375.874,950.416
169.208912,30.758876,29.231125,181,1048510464,1,180000.000,131372.456,950.543
169.236498,27.586084,29.276125,216,1048510464,1,180000.000,131369.394,950.656
169.264829,28.331082,29.073376,177,1048510464,1,180000.000,131366.229,950.774
169.296371,31.542499,29.608166,191,1048510464,1,180000.000,131362.739,950.904
169.324643,28.271668,29.035500,189,1048510464,1,180000.000,131359.594,951.021
169.355021,30.378208,29.695875,188,1048510464,1,180000.000,131356.215,951.146
169.383057,28.036252,28.903917,178,1048510464,1,180000.000,131353.094,951.262
169.413666,30.608792,30.398458,201,1048510464,1,180000.000,131349.707,951.388
169.444163,30.496374,29.072416,172,1048510464,1,180000.000,131346.314,951.514
169.470872,26.709542,29.115376,177,1048510464,1,180000.000,131343.335,951.625
169.506238,35.366125,32.282124,196,1048510464,1,180000.000,131339.414,951.770
169.534679,28.441042,29.430416,197,1048510464,1,180000.000,131336.251,951.888
169.563382,28.703164,29.034124,196,1049444352,1,180000.000,131333.065,952.006
169.592353,28.970752,29.015751,183,1049460736,1,180000.000,131329.842,952.126
169.621867,29.513668,29.020584,178,1049460736,1,180000.000,131326.571,952.248
169.650411,28.543666,28.907167,187,1049460736,1,180000.000,131323.397,952.366
169.677931,27.520292,28.827749,191,1049460736,1,180000.000,131320.333,952.479
169.707780,29.848624,29.116291,189,1049460736,1,180000.000,131317.016,952.603
169.738717,30.937500,30.622499,200,1049460736,1,180000.000,131313.592,952.730
169.768008,29.290665,29.130083,173,1049460736,1,180000.000,131310.333,952.851
169.796936,28.928459,28.867834,199,1049460736,1,180000.000,131307.117,952.971
169.827406,30.469835,29.679916,188,1049460736,1,180000.000,131303.730,953.096
169.855746,28.339960,29.201458,170,1049460736,1,180000.000,131300.589,953.213
169.884841,29.095165,28.809208,180,1049460736,1,180000.000,131297.352,953.333
169.912963,28.122041,29.316584,155,1049460736,1,180000.000,131294.219,953.450
169.943571,30.607998,28.675541,169,1049460736,1,180000.000,131290.821,953.576
169.971953,28.382044,29.225958,184,1049460736,1,180000.000,131287.676,953.693
170.000771,28.817542,29.156626,177,1049460736,1,180000.000,131284.471,953.812
170.029564,28.792959,29.054625,177,1049460736,1,180000.000,131281.260,953.931
170.058413,28.849248,29.284124,159,1049460736,1,180000.000,131278.057,954.050
170.089603,31.189665,29.104584,162,1049460736,1,180000.000,131274.594,954.179
170.118711,29.108334,28.938541,181,1049460736,1,180000.000,131271.355,954.299
170.147948,29.236585,28.854416,190,1049460736,1,180000.000,131268.121,954.419
170.174923,26.975792,29.232334,182,1049460736,1,180000.000,131265.109,954.531
170.204664,29.740542,29.394667,179,1049460736,1,180000.000,131261.805,954.654
170.234644,29.979955,29.194834,183,1049460736,1,180000.000,131258.484,954.778
170.264491,29.846877,29.082251,163,1049460736,1,180000.000,131255.178,954.900
170.293804,29.313624,28.881792,193,1049460736,1,180000.000,131251.905,955.022
170.321007,27.202751,29.144709,158,1049460736,1,180000.000,131248.889,955.134
170.350108,29.100999,28.591583,209,1049460736,1,180000.000,131245.644,955.255
170.379515,29.407125,29.182041,173,1049460736,1,180000.000,131242.396,955.375
170.409647,30.131791,29.223583,182,1049460736,1,180000.000,131239.053,955.500
170.440961,31.314377,30.029375,191,1049460736,1,180000.000,131235.551,955.630
170.468939,27.977917,29.166208,182,1049460736,1,180000.000,131232.446,955.745
170.496862,27.922999,29.205917,194,1049460736,1,180000.000,131229.339,955.861
170.528447,31.584624,29.163376,177,1049460736,1,180000.000,131225.837,955.991
170.555936,27.489249,29.567625,195,1049460736,1,180000.000,131222.776,956.104
170.585390,29.453419,29.504625,180,1049460736,1,180000.000,131219.508,956.226
170.615924,30.534539,29.568417,190,1049460736,1,180000.000,131216.109,956.352
170.646302,30.377835,29.072166,182,1049460736,1,180000.000,131212.735,956.477
170.673376,27.074207,28.943958,186,1049460736,1,180000.000,131209.730,956.589
170.704851,31.475168,30.402042,191,1049460736,1,180000.000,131206.234,956.719
170.733056,28.204210,28.909124,173,1049460736,1,180000.000,131203.099,956.836
170.762903,29.847164,30.589624,189,1049460736,1,180000.000,131199.773,956.959
170.793634,30.731544,30.479584,183,1049460736,1,180000.000,131196.364,957.086
170.822367,28.732914,29.117834,173,1049460736,1,180000.000,131193.172,957.204
170.853607,31.240210,29.017458,205,1049460736,1,180000.000,131189.701,957.333
170.882027,28.419167,29.031584,180,1049460736,1,180000.000,131186.540,957.451
170.912241,30.214917,29.072916,209,1049460736,1,180000.000,131183.194,957.575
170.941519,29.278040,29.164459,183,1049460736,1,180000.000,131179.934,957.696
170.969435,27.915541,29.127251,198,1049460736,1,180000.000,131176.837,957.812
170.997660,28.225042,28.766417,190,1049460736,1,180000.000,131173.692,957.928
171.027911,30.250587,30.111084,181,1049460736,1,180000.000,131170.337,958.053
171.057230,29.319789,29.890875,171,1049460736,1,180000.000,131167.081,958.174
171.086487,29.256668,29.111666,182,1049460736,1,180000.000,131163.827,958.295
171.118006,31.518918,29.213875,181,1049460736,1,180000.000,131160.325,958.425
171.146810,28.803706,29.087084,195,1049460736,1,180000.000,131157.127,958.544
171.175303,28.493293,29.193125,173,1049460736,1,180000.000,131153.961,958.662
171.202847,27.543750,29.025749,207,1049460736,1,180000.000,131150.892,958.776
171.232846,29.999457,29.177334,155,1049460736,1,180000.000,131147.578,958.899
171.262161,29.314376,28.678207,187,1049460736,1,180000.000,131144.306,959.020
171.291769,29.608835,29.169500,185,1049460736,1,180000.000,131141.033,959.142
171.320600,28.830122,29.546749,194,1049460736,1,180000.000,131137.823,959.261
171.349324,28.724045,29.296875,188,1049460736,1,180000.000,131134.621,959.380
171.378933,29.609624,29.196333,166,1049460736,1,180000.000,131131.342,959.502
171.408459,29.526249,29.353374,166,1049460736,1,180000.000,131128.055,959.624
171.436711,28.251834,29.045124,171,1049460736,1,180000.000,131124.911,959.741
171.467464,30.753206,28.847792,197,1049460736,1,180000.000,131121.497,959.868
171.495111,27.646210,28.979792,172,1049460736,1,180000.000,131118.430,959.982
171.525063,29.952500,29.291916,200,1049460736,1,180000.000,131115.108,960.106
171.554392,29.329043,29.317459,183,1049460736,1,180000.000,131111.856,960.226
171.584594,30.202124,29.643709,199,1049460736,1,180000.000,131108.486,960.352
171.613853,29.258583,29.369709,177,1049460736,1,180000.000,131105.233,960.473
171.643332,29.479332,29.119583,160,1049460736,1,180000.000,131101.968,960.594
171.671741,28.408878,28.785376,191,1049460736,1,180000.000,131098.800,960.712
171.701665,29.923581,29.235458,177,1049460736,1,180000.000,131095.476,960.835
171.729352,27.687334,29.036333,187,1049460736,1,180000.000,131092.403,960.949
171.757982,28.630208,29.268333,179,1049460736,1,180000.000,131089.211,961.068
171.789180,31.197667,29.332792,178,1049460736,1,180000.000,131085.746,961.197
171.817236,28.056167,29.315624,182,1049460736,1,180000.000,131082.631,961.312
171.847912,30.675583,29.078541,196,1049460736,1,180000.000,131079.230,961.439
171.875455,27.543377,29.219625,179,1049460736,1,180000.000,131076.159,961.553
171.907631,32.175459,30.283583,211,1049460736,1,180000.000,131072.593,961.686
171.936599,28.968707,28.932375,186,1049460736,1,180000.000,131069.372,961.805
171.964729,28.129626,29.096542,207,1049460736,1,180000.000,131066.238,961.922
171.995550,30.820709,30.282541,184,1049460736,1,180000.000,131062.822,962.049
172.024327,28.776955,29.106501,176,1049460736,1,180000.000,131059.617,962.168
172.055672,31.345461,30.814417,215,1049460736,1,180000.000,131056.138,962.297
172.085246,29.574126,30.704958,172,1049477120,1,180000.000,131052.855,962.419
172.115943,30.697040,29.226376,196,1049477120,1,180000.000,131049.448,962.546
172.144780,28.836835,28.918083,192,1049477120,1,180000.000,131046.242,962.665
172.174578,29.797956,28.857834,195,1049493504,1,180000.000,131042.935,962.788
172.202035,27.456917,28.937292,181,1049493504,1,180000.000,131039.887,962.901
172.231453,29.417627,29.030874,178,1049493504,1,180000.000,131036.610,963.023
172.259142,27.689584,28.871416,195,1049493504,1,180000.000,131033.534,963.137
172.288983,29.840622,29.067541,194,1049493504,1,180000.000,131030.215,963.260
172.318952,29.969253,31.044624,199,1049509888,1,180000.000,131026.882,963.384
172.348506,29.553790,29.129709,245,1049509888,1,180000.000,131023.601,963.506
172.379442,30.936249,29.659042,173,1049509888,1,180000.000,131020.171,963.634
172.409474,30.031752,29.338625,177,1049509888,1,180000.000,131016.836,963.758
172.437025,27.551625,29.001249,174,1049526272,1,180000.000,131013.771,963.872
172.466726,29.700167,28.973791,184,1049526272,1,180000.000,131010.480,963.994
172.494807,28.081041,29.083334,194,1049526272,1,180000.000,131007.346,964.110
172.525461,30.654293,29.190416,154,1049526272,1,180000.000,131003.946,964.237
172.554370,28.908625,28.763042,174,1049526272,1,180000.000,131000.730,964.356
172.584151,29.781081,29.126499,180,1049526272,1,180000.000,130997.417,964.479
172.611960,27.809128,29.036625,173,1049526272,1,180000.000,130994.339,964.594
172.640284,28.324623,29.304001,183,1049526272,1,180000.000,130991.179,964.711
172.671116,30.831419,29.507126,182,1049526272,1,180000.000,130987.774,964.838
172.699889,28.773624,29.037292,153,1049526272,1,180000.000,130984.560,964.957
172.729907,30.017458,28.676043,176,1049526272,1,180000.000,130981.232,965.081
172.759187,29.280540,29.003000,197,1049526272,1,180000.000,130977.974,965.202
172.786426,27.238961,29.038958,181,1049526272,1,180000.000,130974.952,965.314
172.815011,28.584458,28.934834,202,1049526272,1,180000.000,130971.766,965.433
172.846456,31.444833,29.354626,183,1049526272,1,180000.000,130968.278,965.562
172.876473,30.017499,29.445250,178,1049526272,1,180000.000,130964.941,965.686
172.903180,26.707251,29.152166,178,1049542656,1,180000.000,130961.969,965.797
172.933068,29.887665,29.498875,155,1049542656,1,180000.000,130958.664,965.920
172.961177,28.108876,28.766834,192,1049542656,1,180000.000,130955.525,966.036
172.993035,31.857751,29.052999,183,1049542656,1,180000.000,130951.991,966.168
173.021295,28.259873,29.238333,177,1049542656,1,180000.000,130948.850,966.285
173.050216,28.921418,29.212833,185,1049542656,1,180000.000,130945.649,966.404
173.078261,28.044581,29.259542,179,1049542656,1,180000.000,130942.515,966.520
173.108323,30.062459,29.249332,198,1049542656,1,180000.000,130939.191,966.644
173.139111,30.787624,29.367542,189,1049542656,1,180000.000,130935.764,966.771
173.166273,27.162001,29.173000,196,1049542656,1,180000.000,130932.738,966.883
173.198087,31.814750,30.290083,198,1049542656,1,180000.000,130929.205,967.015
173.227827,29.739957,29.018667,193,1049542656,1,180000.000,130925.918,967.137
173.256070,28.242584,29.475124,167,1049542656,1,180000.000,130922.761,967.254
173.286858,30.788500,30.338875,187,1049526272,1,180000.000,130919.345,967.381
173.314594,27.735919,29.249001,201,1049526272,1,180000.000,130916.257,967.496
173.346932,32.337539,30.648750,205,1049526272,1,180000.000,130912.666,967.629
173.377705,30.773252,30.654709,182,1049526272,1,180000.000,130909.249,967.756
173.407655,29.949706,29.293667,196,1049526272,1,180000.000,130905.927,967.880
173.436696,29.040668,29.173708,191,1049526272,1,180000.000,130902.692,968.000
173.465091,28.395124,28.842083,201,1049526272,1,180000.000,130899.537,968.117
173.494431,29.340792,29.247625,174,1049526272,1,180000.000,130896.278,968.239
173.522729,28.298043,28.904583,178,1049526272,1,180000.000,130893.147,968.355
173.552629,29.899456,29.452959,205,1049526272,1,180000.000,130889.812,968.479
173.581652,29.022627,30.412416,195,1049526272,1,180000.000,130886.581,968.599
173.612526,30.874126,29.107000,193,1049526272,1,180000.000,130883.163,968.726
173.641300,28.774668,29.159916,165,1049526272,1,180000.000,130879.955,968.845
173.669535,28.234582,28.836250,153,1049526272,1,180000.000,130876.825,968.962
173.697956,28.421123,28.373625,164,1049526272,1,180000.000,130873.667,969.079
173.727167,29.210877,28.634417,148,1049526272,1,180000.000,130870.430,969.199
173.756187,29.019751,28.615042,162,1049526272,1,180000.000,130867.196,969.320
173.785119,28.932374,28.677208,149,1049526272,1,180000.000,130863.998,969.438
173.812638,27.518500,28.372749,145,1049526272,1,180000.000,130860.945,969.552
173.842351,29.713083,28.486958,169,1049526272,1,180000.000,130857.622,969.675
173.871299,28.948501,28.719749,190,1049526272,1,180000.000,130854.410,969.795
173.901342,30.042958,29.339708,202,1049526272,1,180000.000,130851.070,969.919
173.929408,28.066210,28.824083,215,1049526272,1,180000.000,130847.952,970.035
173.956921,27.512625,29.245792,170,1049526272,1,180000.000,130844.890,970.149
173.988766,31.845208,29.215250,196,1049526272,1,180000.000,130841.360,970.280
174.015523,26.757333,29.083292,157,1049526272,1,180000.000,130838.376,970.391
174.046247,30.723833,28.793417,190,1049526272,1,180000.000,130834.969,970.517
174.075866,29.618874,30.118792,170,1049526272,1,180000.000,130831.678,970.640
174.103309,27.442668,29.217583,198,1049526272,1,180000.000,130828.621,970.753
174.133786,30.477293,29.226917,180,1049526272,1,180000.000,130825.242,970.879
174.163473,29.687289,29.256792,171,1049526272,1,180000.000,130821.946,971.001
174.192073,28.599918,29.043751,151,1049526272,1,180000.000,130818.770,971.120
174.220794,28.720625,28.745708,136,1049526272,1,180000.000,130815.574,971.238
174.249501,28.706625,28.829750,169,1049526272,1,180000.000,130812.380,971.357
174.278179,28.678793,28.451876,137,1049526272,1,180000.000,130809.204,971.475
174.307017,28.837748,28.462126,145,1049526272,1,180000.000,130805.990,971.595
174.336394,29.377166,28.673958,203,1049526272,1,180000.000,130802.726,971.716
174.365134,28.739836,28.812084,177,1049526272,1,180000.000,130799.544,971.834
174.392162,27.028166,28.759293,183,1049526272,1,180000.000,130796.528,971.940
174.422255,30.092333,29.285875,136,1049526272,1,180000.000,130793.197,972.058
174.449916,27.661126,28.472958,192,1049526272,1,180000.000,130790.113,972.166
174.479694,29.777791,28.965792,142,1049526272,1,180000.000,130786.800,972.283
174.509673,29.979415,28.335375,200,1049526272,1,180000.000,130783.477,972.400
174.538282,28.608792,29.271250,167,1049526272,1,180000.000,130780.290,972.512
174.568445,30.163169,29.780083,172,1049526272,1,180000.000,130776.962,972.630
174.596336,27.890708,28.942291,184,1049542656,1,180000.000,130773.866,972.739
174.626060,29.723957,29.258959,158,1049542656,1,180000.000,130770.546,972.855
174.656244,30.184668,28.836208,179,1049542656,1,180000.000,130767.196,972.973
174.684611,28.367039,28.967459,175,1049542656,1,180000.000,130764.046,973.084
174.711943,27.332045,28.826334,178,1049542656,1,180000.000,130760.997,973.192
174.744053,32.109957,29.644209,180,1049542656,1,180000.000,130757.433,973.317
174.772375,28.321791,29.311750,182,1049542656,1,180000.000,130754.287,973.428
174.799838,27.462542,28.992624,184,1049542656,1,180000.000,130751.228,973.536
174.831192,31.354126,29.619959,181,1049542656,1,180000.000,130747.750,973.658
174.859366,28.174289,29.152416,193,1049542656,1,180000.000,130744.624,973.768
174.890926,31.560086,30.185749,179,1049542656,1,180000.000,130741.123,973.892
174.919409,28.482541,28.968166,182,1049542656,1,180000.000,130737.948,974.004
174.947105,27.696416,28.791792,192,1049542656,1,180000.000,130734.867,974.112
174.979035,31.930335,30.469292,178,1049542656,1,180000.000,130731.330,974.237
175.006597,27.562000,28.942959,173,1049542656,1,180000.000,130728.253,974.345
175.039242,32.644082,30.731792,171,1049542656,1,180000.000,130724.645,974.472
175.066835,27.593292,28.829834,186,1049542656,1,180000.000,130721.570,974.580
175.097108,30.273415,30.536501,188,1049542656,1,180000.000,130718.209,974.699
175.126977,29.868502,29.237583,192,1049542656,1,180000.000,130714.891,974.816
175.157134,30.156959,29.050375,174,1049542656,1,180000.000,130711.541,974.934
175.185648,28.514206,28.889750,209,1049559040,1,180000.000,130708.369,975.045
175.214031,28.383043,29.060749,176,1049559040,1,180000.000,130705.218,975.156
175.242876,28.844792,28.877625,161,1049559040,1,180000.000,130702.014,975.269
175.271245,28.369583,28.756208,206,1049559040,1,180000.000,130698.847,975.381
175.301723,30.477207,30.379126,183,1049559040,1,180000.000,130695.474,975.500
175.330113,28.390542,29.123833,175,1049559040,1,180000.000,130692.310,975.611
175.359540,29.426832,28.916876,178,1049559040,1,180000.000,130689.058,975.726
175.388905,29.365212,28.868250,153,1049559040,1,180000.000,130685.784,975.841
175.416804,27.898625,28.692167,164,1049575424,1,180000.000,130682.694,975.950
175.446810,30.005872,28.579750,149,1049575424,1,180000.000,130679.350,976.067
175.475227,28.417878,29.014668,163,1049575424,1,180000.000,130676.195,976.179
175.503169,27.941417,28.817167,140,1049575424,1,180000.000,130673.086,976.288
175.532683,29.513665,28.278542,165,1049575424,1,180000.000,130669.807,976.404
175.561084,28.401669,28.639292,165,1049575424,1,180000.000,130666.648,976.515
175.589858,28.773788,28.517250,141,1049575424,1,180000.000,130663.447,976.628
175.617625,27.766626,28.428417,165,1049575424,1,180000.000,130660.365,976.736
175.647785,30.160125,28.814291,145,1049575424,1,180000.000,130657.025,976.854
175.676566,28.781373,28.663958,198,1049575424,1,180000.000,130653.822,976.967
175.706754,30.187625,29.753626,175,1049575424,1,180000.000,130650.476,977.084
175.735890,29.136211,29.142750,206,1049575424,1,180000.000,130647.237,977.198
175.763313,27.423456,28.978958,172,1049575424,1,180000.000,130644.180,977.306
175.792171,28.857294,29.078333,180,1049575424,1,180000.000,130640.975,977.419
175.822589,30.418456,29.048084,174,1049575424,1,180000.000,130637.597,977.538
175.851139,28.550293,28.888584,156,1049575424,1,180000.000,130634.432,977.649
175.879301,28.161917,28.587084,157,1049575424,1,180000.000,130631.297,977.760
175.909872,30.570373,28.987375,185,1049575424,1,180000.000,130627.899,977.880
175.938019,28.147291,29.572124,178,1049575424,1,180000.000,130624.767,977.990
175.967393,29.373586,29.169792,155,1049575424,1,180000.000,130621.514,978.104
175.995907,28.514206,28.624750,150,1049575424,1,180000.000,130618.352,978.216
176.025443,29.536251,28.709833,139,1049575424,1,180000.000,130615.056,978.332
176.053690,28.247289,28.986708,140,1049575424,1,180000.000,130611.916,978.442
176.082966,29.275253,28.354292,148,1049575424,1,180000.000,130608.679,978.557
176.111627,28.661333,28.660334,146,1049575424,1,180000.000,130605.496,978.669
176.139722,28.095208,28.565292,139,1049575424,1,180000.000,130602.358,978.779
176.168774,29.051457,28.328417,193,1049575424,1,180000.000,130599.132,978.893
176.198082,29.308751,29.135792,167,1049575424,1,180000.000,130595.873,978.995
176.225918,27.835708,28.997042,156,1049575424,1,180000.000,130592.784,979.092
176.255324,29.405542,29.029209,152,1049575424,1,180000.000,130589.517,979.194
176.284205,28.881624,28.496250,157,1049575424,1,180000.000,130586.315,979.294
176.314211,30.005500,28.985416,171,1049575424,1,180000.000,130582.982,979.398
176.342078,27.867209,29.157167,145,1049575424,1,180000.000,130579.887,979.495
176.371454,29.375751,28.674541,178,1049575424,1,180000.000,130576.613,979.598
176.399017,27.563084,28.737083,163,1049575424,1,180000.000,130573.548,979.694
176.427487,28.470125,28.721958,183,1049575424,1,180000.000,130570.385,979.793
176.458521,31.033915,29.649124,164,1049575424,1,180000.000,130566.947,979.901
176.487637,29.116292,28.926332,189,1049591808,1,180000.000,130563.713,980.002
176.517318,29.680833,29.430084,168,1049591808,1,180000.000,130560.412,980.105
176.545228,27.910043,29.201000,163,1049591808,1,180000.000,130557.299,980.203
176.575893,30.664541,29.086124,183,1049591808,1,180000.000,130553.897,980.309
176.605327,29.434502,29.374624,182,1049591808,1,180000.000,130550.625,980.412
176.633735,28.408375,28.910542,183,1049608192,1,180000.000,130547.479,980.510
176.663049,29.313833,29.056084,180,1049608192,1,180000.000,130544.219,980.612
176.693215,30.165665,29.698542,174,1049624576,1,180000.000,130540.863,980.717
176.721431,28.216545,29.844292,188,1049624576,1,180000.000,130537.723,980.816
176.752372,30.940667,29.261417,181,1049624576,1,180000.000,130534.289,980.923
176.781011,28.638374,29.262833,192,1049624576,1,180000.000,130531.097,981.023
176.812357,31.346250,30.569084,167,1049624576,1,180000.000,130527.628,981.132
176.840003,27.646501,28.962376,173,1049624576,1,180000.000,130524.543,981.228
176.871384,31.380292,30.545124,178,1049624576,1,180000.000,130521.056,981.338
176.903085,31.701375,30.669416,180,1049624576,1,180000.000,130517.552,981.447
176.931002,27.916666,28.840834,185,1049624576,1,180000.000,130514.448,981.545
176.959453,28.451417,29.374708,177,1049624576,1,180000.000,130511.272,981.644
176.990666,31.213082,29.093916,206,1049624576,1,180000.000,130507.811,981.752
177.018398,27.731624,29.206417,194,1049624576,1,180000.000,130504.735,981.849
177.047969,29.571041,28.899626,174,1049624576,1,180000.000,130501.444,981.952
177.076998,29.029168,29.088499,189,1049624576,1,180000.000,130498.218,982.053
177.104681,27.683459,28.896000,181,1049624576,1,180000.000,130495.136,982.149
177.135565,30.883834,30.225542,182,1049640960,1,180000.000,130491.709,982.257
177.163808,28.243084,29.189709,174,1049640960,1,180000.000,130488.567,982.355
177.193264,29.455584,29.053625,141,1049640960,1,180000.000,130485.309,982.457
177.222948,29.683832,28.551834,172,1049640960,1,180000.000,130482.003,982.561
177.251959,29.011667,28.867750,164,1049640960,1,180000.000,130478.776,982.662
177.279939,27.979206,28.669374,169,1049640960,1,180000.000,130475.665,982.759
177.309942,30.003335,29.083792,158,1049640960,1,180000.000,130472.331,982.863
177.337783,27.840957,28.598791,160,1049640960,1,180000.000,130469.234,982.960
177.366418,28.635003,28.508291,160,1049640960,1,180000.000,130466.056,983.060
177.394309,27.891248,28.523125,146,1049640960,1,180000.000,130462.951,983.157
177.424605,30.296374,28.610083,174,1049640960,1,180000.000,130459.607,983.262
177.453498,28.892752,28.907000,152,1049640960,1,180000.000,130456.390,983.363
177.481778,28.279956,28.566042,153,1049640960,1,180000.000,130453.233,983.461
177.510271,28.492667,28.462418,151,1049640960,1,180000.000,130450.064,983.561
177.539325,29.053792,28.753250,175,1049640960,1,180000.000,130446.847,983.661
177.568177,28.851874,29.208292,169,1049640960,1,180000.000,130443.649,983.762
177.597401,29.224917,28.856041,183,1049640960,1,180000.000,130440.392,983.864
177.624954,27.552709,29.079876,174,1049640960,1,180000.000,130437.330,983.959
177.654897,29.942874,28.994541,155,1049640960,1,180000.000,130434.009,984.063
177.683614,28.716460,29.213499,177,1049640960,1,180000.000,130430.807,984.164
177.712981,29.367123,29.044209,170,1049657344,1,180000.000,130427.568,984.265
177.742823,29.842209,29.386999,180,1049673728,1,180000.000,130424.241,984.369
177.772750,29.927418,29.058916,166,1049673728,1,180000.000,130420.906,984.474
177.800539,27.788915,29.196709,185,1049690112,1,180000.000,130417.821,984.570
177.829813,29.273961,29.145292,190,1049706496,1,180000.000,130414.567,984.672
177.858806,28.992750,29.404751,158,1049706496,1,180000.000,130411.346,984.773
177.888264,29.458415,28.828209,162,1049706496,1,180000.000,130408.078,984.875
177.916978,28.714169,28.658459,136,1049706496,1,180000.000,130404.888,984.975
177.945102,28.123666,28.338459,161,1049706496,1,180000.000,130401.757,985.073
177.975626,30.523624,29.232042,136,1049706496,1,180000.000,130398.368,985.179
178.003423,27.797084,28.805000,160,1049706496,1,180000.000,130395.293,985.276
178.032226,28.803457,28.394583,151,1049706496,1,180000.000,130392.071,985.377
178.060048,27.821336,28.424500,194,1049706496,1,180000.000,130388.984,985.473
178.090041,29.993251,28.958584,176,1049706496,1,180000.000,130385.666,985.577
178.119195,29.153999,29.292917,157,1049706496,1,180000.000,130382.425,985.679
178.147154,27.959041,28.877916,199,1049706496,1,180000.000,130379.309,985.776
178.177310,30.156374,29.608707,167,1049706496,1,180000.000,130375.968,985.881
178.205964,28.654125,28.628958,157,1049706496,1,180000.000,130372.787,985.981
178.235510,29.545709,28.597124,180,1049722880,1,180000.000,130369.493,986.084
178.264519,29.009126,28.931875,188,1049722880,1,180000.000,130366.271,986.185
178.292034,27.514249,28.941626,183,1049722880,1,180000.000,130363.209,986.281
178.322033,29.999875,28.979958,203,1049722880,1,180000.000,130359.890,986.385
178.350196,28.162915,29.083666,184,1049722880,1,180000.000,130356.747,986.483
178.379351,29.154960,28.930292,174,1049722880,1,180000.000,130353.506,986.585
178.410188,30.836999,29.254625,167,1049722880,1,180000.000,130350.079,986.692
178.437949,27.760915,29.345291,182,1049722880,1,180000.000,130346.997,986.788
178.468381,30.432127,29.045208,177,1049722880,1,180000.000,130343.625,986.894
178.496056,27.674917,28.913042,187,1049739264,1,180000.000,130340.538,986.991
178.527528,31.472083,29.819666,177,1049739264,1,180000.000,130337.061,987.100
178.556742,29.214039,29.555250,171,1049739264,1,180000.000,130333.803,987.202
178.587156,30.413836,30.481333,188,1049739264,1,180000.000,130330.430,987.307
178.617486,30.329332,29.667749,171,1049739264,1,180000.000,130327.064,987.413
178.646249,28.763082,28.982666,176,1049739264,1,180000.000,130323.851,987.513
178.677872,31.623334,30.440083,181,1049739264,1,180000.000,130320.347,987.623
178.704132,26.259750,29.030792,176,1049739264,1,180000.000,130317.421,987.715
178.739758,35.626419,32.486958,177,1049739264,1,180000.000,130313.460,987.839
178.768349,28.591082,29.108208,180,1049739264,1,180000.000,130310.298,987.938
178.796719,28.369751,28.996124,177,1049739264,1,180000.000,130307.135,988.037
178.825551,28.832540,29.301792,173,1049739264,1,180000.000,130303.943,988.137
178.855842,30.290585,29.161249,184,1049739264,1,180000.000,130300.576,988.242
178.884094,28.252374,29.058374,171,1049739264,1,180000.000,130297.430,988.341
178.910946,26.852082,28.735374,173,1049739264,1,180000.000,130294.441,988.435
178.941488,30.541167,29.007292,164,1049739264,1,180000.000,130291.049,988.541
178.971200,29.711835,30.065624,185,1049739264,1,180000.000,130287.752,988.644
179.001701,30.501667,29.047083,183,1049739264,1,180000.000,130284.360,988.750
179.029461,27.759749,29.125834,162,1049739264,1,180000.000,130281.277,988.847
179.058587,29.126376,28.939959,171,1049739264,1,180000.000,130278.055,988.948
179.087682,29.094998,28.923084,146,1049739264,1,180000.000,130274.814,989.049
179.116755,29.073168,28.568293,147,1049739264,1,180000.000,130271.588,989.150
179.145366,28.610084,28.542000,170,1049739264,1,180000.000,130268.423,989.250
179.174328,28.962206,28.888250,153,1049739264,1,180000.000,130265.185,989.351
179.203239,28.911334,29.230667,145,1049739264,1,180000.000,130261.986,989.451
179.232872,29.632669,28.499125,163,1049739264,1,180000.000,130258.694,989.554
179.260749,27.877122,28.718124,148,1049739264,1,180000.000,130255.578,989.652
179.288515,27.766000,28.426250,143,1049739264,1,180000.000,130252.498,989.748
179.317620,29.104710,28.530542,187,1049739264,1,180000.000,130249.270,989.849
179.345146,27.526751,28.650249,148,1049739264,1,180000.000,130246.199,989.946
179.375679,30.532330,28.665209,157,1049739264,1,180000.000,130242.806,990.052
179.403632,27.952962,28.622000,161,1049739264,1,180000.000,130239.697,990.149
179.432094,28.462622,28.912708,163,1049739264,1,180000.000,130236.531,990.248
179.463215,31.120460,29.487749,176,1049739264,1,180000.000,130233.074,990.357
179.492376,29.161789,29.274750,174,1049739264,1,180000.000,130229.834,990.458
179.520404,28.027002,29.038334,164,1049739264,1,180000.000,130226.728,990.556
179.549003,28.599583,28.948250,155,1049739264,1,180000.000,130223.541,990.655
179.578208,29.204458,28.971209,175,1049739264,1,180000.000,130220.313,990.756
179.608931,30.723169,28.896957,174,1049739264,1,180000.000,130216.888,990.864
179.636398,27.466875,29.243917,156,1049755648,1,180000.000,130213.849,990.959
179.666220,29.822875,29.034708,149,1049755648,1,180000.000,130210.542,991.063
179.696071,29.850792,28.730667,183,1049755648,1,180000.000,130207.206,991.167
179.724883,28.811458,29.716000,175,1049755648,1,180000.000,130204.009,991.267
179.753374,28.491125,29.454250,147,1049755648,1,180000.000,130200.842,991.366
179.781977,28.602831,28.489124,142,1049755648,1,180000.000,130197.662,991.466
179.811410,29.433709,28.896418,134,1049755648,1,180000.000,130194.399,991.575
179.840093,28.682418,28.371042,144,1049755648,1,180000.000,130191.198,991.681
179.867753,27.659874,28.816376,137,1049755648,1,180000.000,130188.140,991.783
179.897682,29.928874,28.393457,147,1049755648,1,180000.000,130184.814,991.894
179.926290,28.608877,28.271292,181,1049755648,1,180000.000,130181.635,991.999
179.954916,28.626081,29.274708,164,1049755648,1,180000.000,130178.460,992.105
179.982825,27.908958,28.797750,131,1049755648,1,180000.000,130175.354,992.209
180.013255,30.429833,28.472666,178,1049755648,1,180000.000,130171.971,992.321
180.042237,28.981794,29.510626,150,1049755648,1,180000.000,130168.741,992.429
180.070618,28.381374,28.733583,156,1049755648,1,180000.000,130165.606,992.533
180.100344,29.725127,28.813000,172,1049755648,1,180000.000,130162.305,992.643
180.128077,27.732998,28.913250,170,1049755648,1,180000.000,130159.214,992.746
180.158608,30.531459,29.152958,174,1049755648,1,180000.000,130155.821,992.859
180.186059,27.451418,29.083416,150,1049755648,1,180000.000,130152.762,992.961
180.215829,29.769666,28.828709,169,1049755648,1,180000.000,130149.465,993.070
180.247160,31.330749,29.674126,166,1049755648,1,180000.000,130145.990,993.186
180.274475,27.315207,29.191708,165,1049755648,1,180000.000,130142.937,993.288
180.303797,29.322170,29.338959,187,1049755648,1,180000.000,130139.681,993.396
180.333681,29.884163,29.181791,184,1049755648,1,180000.000,130136.370,993.506
180.363565,29.883336,29.520916,185,1049772032,1,180000.000,130133.041,993.617
180.392114,28.548997,29.378292,178,1049772032,1,180000.000,130129.864,993.723
180.422436,30.322544,29.954834,164,1049772032,1,180000.000,130126.513,993.834
180.452722,30.285582,29.274292,201,1049772032,1,180000.000,130123.145,993.946
180.482121,29.399335,29.197416,199,1049772032,1,180000.000,130119.871,994.055
180.510611,28.490249,29.146126,190,1049772032,1,180000.000,130116.700,994.161
180.542279,31.667750,30.483999,171,1049772032,1,180000.000,130113.197,994.278
180.569533,27.253293,29.299292,184,1049772032,1,180000.000,130110.151,994.379
180.603747,34.214664,32.315498,198,1049772032,1,180000.000,130106.368,994.505
180.632159,28.412085,29.141293,177,1049772032,1,180000.000,130103.201,994.610
180.661721,29.561624,28.980917,209,1049772032,1,180000.000,130099.917,994.720
180.691215,29.493708,29.222958,170,1049772032,1,180000.000,130096.647,994.829
180.719820,28.605498,28.999001,190,1049772032,1,180000.000,130093.459,994.935
180.748308,28.487545,29.015209,183,1049772032,1,180000.000,130090.302,995.040
180.778114,29.806584,29.195875,197,1049772032,1,180000.000,130086.988,995.150
180.808283,30.168664,30.419416,159,1049772032,1,180000.000,130083.636,995.262
180.837919,29.635958,29.140625,197,1049772032,1,180000.000,130080.338,995.371
180.866647,28.728001,29.118750,177,1049772032,1,180000.000,130077.154,995.477
180.895584,28.937627,29.099291,183,1049772032,1,180000.000,130073.941,995.584
180.924134,28.549206,29.207624,152,1049772032,1,180000.000,130070.764,995.690
180.953173,29.039253,28.623459,166,1049788416,1,180000.000,130067.530,995.798
180.982152,28.978623,28.599792,151,1049788416,1,180000.000,130064.316,995.905
181.011160,29.008709,28.775499,155,1049788416,1,180000.000,130061.080,996.013
181.040385,29.224541,28.822042,160,1049788416,1,180000.000,130057.833,996.121
181.067894,27.508751,29.210833,160,1049788416,1,180000.000,130054.781,996.222
181.096384,28.490748,28.512501,160,1049788416,1,180000.000,130051.614,996.328
181.126958,30.574083,28.785292,152,1049788416,1,180000.000,130048.222,996.441
181.155075,28.117042,28.834959,155,1049788416,1,180000.000,130045.090,996.545
181.183879,28.803669,28.409250,164,1049788416,1,180000.000,130041.900,996.651
181.212519,28.640084,28.819542,144,1049788416,1,180000.000,130038.726,996.757
181.242106,29.586498,28.786709,153,1049788416,1,180000.000,130035.442,996.866
181.270577,28.470878,29.051584,155,1049788416,1,180000.000,130032.266,996.972
181.299397,28.820664,28.513792,178,1049788416,1,180000.000,130029.056,997.079
181.327571,28.173335,29.140875,169,1049788416,1,180000.000,130025.925,997.183
181.358581,31.010374,29.076208,179,1049788416,1,180000.000,130022.505,997.297
181.386470,27.889252,28.870667,190,1049788416,1,180000.000,130019.409,997.400
181.415626,29.155456,29.323084,171,1049837568,1,180000.000,130016.170,997.508
181.444229,28.603751,28.716833,144,1049837568,1,180000.000,130012.976,997.614
181.473851,29.621918,28.775375,182,1049837568,1,180000.000,130009.676,997.724
181.503217,29.366124,29.092167,179,1049837568,1,180000.000,130006.408,997.833
181.530657,27.439751,29.241417,164,1049837568,1,180000.000,130003.370,997.934
181.560690,30.032333,29.151875,149,1049837568,1,180000.000,130000.028,998.045
181.590582,29.892042,28.526041,188,1049837568,1,180000.000,129996.723,998.148
181.618037,27.455583,29.493834,163,1049853952,1,180000.000,129993.666,998.244
181.648582,30.544914,29.549791,165,1049853952,1,180000.000,129990.278,998.350
181.677663,29.081419,28.755251,150,1049853952,1,180000.000,129987.051,998.452
181.706607,28.943248,28.396708,162,1049853952,1,180000.000,129983.839,998.552
181.734494,27.887791,28.785334,162,1049853952,1,180000.000,129980.724,998.650
181.764189,29.694166,28.599291,180,1049853952,1,180000.000,129977.422,998.753
181.793027,28.838292,29.509001,182,1049853952,1,180000.000,129974.205,998.854
181.823229,30.202128,28.843666,132,1049853952,1,180000.000,129970.865,998.959
181.849177,25.948040,28.541208,172,1049853952,1,180000.000,129967.965,999.050
181.879907,30.730166,29.156626,167,1049870336,1,180000.000,129964.557,999.157
181.908871,28.963249,28.875584,188,1049870336,1,180000.000,129961.334,999.258
181.939126,30.255336,30.694916,181,1049870336,1,180000.000,129957.986,999.362
181.968588,29.462125,29.041750,196,1049870336,1,180000.000,129954.714,999.465
181.997797,29.208664,29.313250,167,1049870336,1,180000.000,129951.471,999.567
182.025578,27.781125,29.163584,152,1049870336,1,180000.000,129948.377,999.664
182.055657,30.079044,28.727209,168,1049870336,1,180000.000,129945.041,999.768
182.083376,27.718831,28.623083,186,1049870336,1,180000.000,129941.952,999.865
182.113949,30.573584,29.060583,179,1049870336,1,180000.000,129938.562,999.971
182.143992,30.042458,29.839750,198,1049870336,1,180000.000,129935.216,1000.076
182.173390,29.397916,29.113459,185,1049870336,1,180000.000,129931.954,1000.178
182.201561,28.171711,29.349792,184,1049886720,1,180000.000,129928.817,1000.277
182.230394,28.833125,29.410500,166,1049886720,1,180000.000,129925.615,1000.377
182.260139,29.744707,29.078833,184,1049886720,1,180000.000,129922.314,1000.480
182.291886,31.747043,29.168667,180,1049886720,1,180000.000,129918.782,1000.591
182.318855,26.968665,29.559416,173,1049886720,1,180000.000,129915.781,1000.685
182.350696,31.841543,30.148958,177,1049886720,1,180000.000,129912.264,1000.795
182.378057,27.360830,28.912708,191,1049886720,1,180000.000,129909.204,1000.891
182.412267,34.209292,32.338875,171,1049886720,1,180000.000,129905.411,1001.010
182.440939,28.672833,28.803709,208,1049886720,1,180000.000,129902.227,1001.110
182.469838,28.898917,29.119249,183,1049886720,1,180000.000,129899.013,1001.211
182.497495,27.656667,29.190542,221,1049886720,1,180000.000,129895.939,1001.307
182.528903,31.408001,29.204458,173,1049886720,1,180000.000,129892.462,1001.416
182.557972,29.068708,29.203291,227,1049886720,1,180000.000,129889.224,1001.517
182.585098,27.126208,29.074417,172,1049886720,1,180000.000,129886.201,1001.612
182.614784,29.685833,30.067041,166,1049886720,1,180000.000,129882.905,1001.715
182.644270,29.485960,28.799334,204,1049886720,1,180000.000,129879.642,1001.818
182.675706,31.436749,28.692751,184,1049886720,1,180000.000,129876.134,1001.928
182.703421,27.714334,29.395500,225,1049886720,1,180000.000,129873.072,1002.024
182.733249,29.828332,29.451208,182,1049886720,1,180000.000,129869.756,1002.128
182.761519,28.270207,29.060499,167,1049886720,1,180000.000,129866.609,1002.226
182.789707,28.187960,28.728874,161,1049886720,1,180000.000,129863.477,1002.324
182.819275,29.567376,28.499958,156,1049886720,1,180000.000,129860.190,1002.427
182.847640,28.365333,28.661917,174,1049886720,1,180000.000,129857.042,1002.526
182.876138,28.497793,28.801125,157,1049870336,1,180000.000,129853.871,1002.625
182.905383,29.245205,28.904625,182,1049870336,1,180000.000,129850.621,1002.727
182.934752,29.368751,29.267750,170,1049870336,1,180000.000,129847.363,1002.829
182.963114,28.362583,28.736208,142,1049870336,1,180000.000,129844.204,1002.928
182.992567,29.452417,28.711292,163,1049870336,1,180000.000,129840.934,1003.031
183.021576,29.009752,28.548626,167,1049870336,1,180000.000,129837.709,1003.132
183.048884,27.307540,28.660250,168,1049870336,1,180000.000,129834.673,1003.227
183.078453,29.569376,28.553291,148,1049870336,1,180000.000,129831.401,1003.330
183.107361,28.907914,28.529583,147,1049870336,1,180000.000,129828.182,1003.430
183.136659,29.297292,28.627083,167,1049870336,1,180000.000,129824.942,1003.532
183.165594,28.935000,29.271708,171,1049870336,1,180000.000,129821.708,1003.633
183.193836,28.242044,28.890209,171,1049870336,1,180000.000,129818.570,1003.732
183.224338,30.502457,28.979208,174,1049870336,1,180000.000,129815.180,1003.838
183.251925,27.587000,29.047291,146,1049870336,1,180000.000,129812.126,1003.934
183.281165,29.240206,28.658875,153,1049870336,1,180000.000,129808.861,1004.036
183.310708,29.542960,28.684999,158,1049870336,1,180000.000,129805.579,1004.139
183.339563,28.854501,29.436874,168,1049870336,1,180000.000,129802.377,1004.239
183.368915,29.351998,29.992916,156,1049870336,1,180000.000,129799.126,1004.341
183.398445,29.530127,28.885916,146,1049870336,1,180000.000,129795.829,1004.444
183.426958,28.513376,28.724041,191,1049985024,1,180000.000,129792.665,1004.544
183.456572,29.613249,29.469042,153,1049985024,1,180000.000,129789.381,1004.647
183.484699,28.127749,28.706291,150,1033846784,1,180000.000,129786.266,1004.744
183.514682,29.982876,28.662834,157,1034584064,1,180000.000,129782.930,1004.849
183.544113,29.431250,28.709167,138,1034584064,1,180000.000,129779.656,1004.951
183.571753,27.639210,28.908751,138,1034584064,1,180000.000,129776.583,1005.048
183.599779,28.026041,28.310249,147,1034584064,1,180000.000,129773.476,1005.145
183.628513,28.733917,28.603167,134,1034584064,1,180000.000,129770.293,1005.245
183.658007,29.494543,28.592793,133,1034731520,1,180000.000,129766.992,1005.348
183.685941,27.933542,28.678833,176,1034731520,1,180000.000,129763.889,1005.446
183.717262,31.321164,29.240084,178,1034731520,1,180000.000,129760.418,1005.555
183.744778,27.516250,29.536751,177,1034813440,1,180000.000,129757.359,1005.650
183.774517,29.739209,29.341999,140,1034829824,1,180000.000,129754.049,1005.754
183.804204,29.686544,28.824041,144,1034829824,1,180000.000,129750.768,1005.857
183.831937,27.733456,28.373041,139,1034862592,1,180000.000,129747.689,1005.954
183.860674,28.737001,28.590792,135,1034878976,1,180000.000,129744.471,1006.054
183.888859,28.184790,28.430084,147,1034895360,1,180000.000,129741.346,1006.152
183.918628,29.768668,28.918833,143,1034895360,1,180000.000,129738.051,1006.256
183.947207,28.579123,28.490625,162,1034911744,1,180000.000,129734.853,1006.356
183.976139,28.932042,29.065001,151,1034911744,1,180000.000,129731.640,1006.457
184.004443,28.304335,29.007458,177,1034911744,1,180000.000,129728.497,1006.555
184.033265,28.822251,29.033209,176,1034911744,1,180000.000,129725.294,1006.656
184.062685,29.419750,29.089293,162,1034911744,1,180000.000,129722.030,1006.758
184.092277,29.592123,28.880501,190,1034928128,1,180000.000,129718.754,1006.861
184.121165,28.887335,29.531792,171,1034928128,1,180000.000,129715.522,1006.962
184.151579,30.414417,29.636959,187,1034928128,1,180000.000,129712.149,1007.068
184.180757,29.177707,29.175167,190,1034928128,1,180000.000,129708.924,1007.169
184.210802,30.045085,29.336458,181,1034928128,1,180000.000,129705.574,1007.274
184.239152,28.349791,29.818125,182,1035010048,1,180000.000,129702.415,1007.373
184.268945,29.793251,29.404625,164,1035010048,1,180000.000,129699.119,1007.476
184.297857,28.912541,28.613916,195,1035010048,1,180000.000,129695.900,1007.577
184.329120,31.262167,29.450500,172,1035010048,1,180000.000,129692.425,1007.686
184.356785,27.665209,29.177584,190,1035010048,1,180000.000,129689.350,1007.782
184.387249,30.463997,30.692751,172,1035010048,1,180000.000,129685.960,1007.889
184.417938,30.689418,30.324667,203,1035010048,1,180000.000,129682.563,1007.995
184.449762,31.823501,30.631124,174,1035010048,1,180000.000,129679.020,1008.106
184.478433,28.671581,29.105791,206,1035010048,1,180000.000,129675.833,1008.206
184.508017,29.584043,28.909876,175,1035026432,1,180000.000,129672.560,1008.309
184.537131,29.114123,29.098125,200,1035026432,1,180000.000,129669.316,1008.411
184.566238,29.106461,29.096125,190,1035026432,1,180000.000,129666.089,1008.512
184.593814,27.576081,29.152750,169,1035124736,1,180000.000,129663.014,1008.608
184.625517,31.703085,30.057667,175,1035124736,1,180000.000,129659.494,1008.718
184.653426,27.909249,29.072042,168,1035124736,1,180000.000,129656.395,1008.816
184.681518,28.091166,28.850334,173,1035124736,1,180000.000,129653.264,1008.914
184.712260,30.742127,28.630667,175,1035141120,1,180000.000,129649.856,1009.021
184.740663,28.403580,29.154083,184,1035141120,1,180000.000,129646.706,1009.119
184.769333,28.669666,29.631001,184,1035141120,1,180000.000,129643.511,1009.219
184.799619,30.286420,29.273916,152,1035141120,1,180000.000,129640.158,1009.325
184.827879,28.259873,29.051624,157,1035141120,1,180000.000,129637.014,1009.423
184.857472,29.592793,28.687834,151,1035141120,1,180000.000,129633.729,1009.526
184.885247,27.775124,28.932917,177,1035141120,1,180000.000,129630.632,1009.623
184.914996,29.748417,28.742416,146,1035141120,1,180000.000,129627.331,1009.727
184.944676,29.680330,28.621416,191,1035141120,1,180000.000,129624.040,1009.830
184.973328,28.652001,28.806250,151,1035141120,1,180000.000,129620.839,1009.930
185.001022,27.693957,28.609417,177,1035141120,1,180000.000,129617.784,1010.026
185.029588,28.566293,28.498375,153,1035141120,1,180000.000,129614.601,1010.126
185.057952,28.364208,28.656958,186,1035141120,1,180000.000,129611.441,1010.225
185.086858,28.906085,29.220709,151,1035141120,1,180000.000,129608.227,1010.326
185.116320,29.461123,28.526251,159,1035141120,1,180000.000,129604.976,1010.428
185.145384,29.064544,28.535084,149,1035141120,1,180000.000,129601.733,1010.529
185.175929,30.544542,28.901667,167,1035141120,1,180000.000,129598.336,1010.636
185.203834,27.905457,29.412666,170,1035157504,1,180000.000,129595.241,1010.727
185.232187,28.352834,29.185083,145,1035157504,1,180000.000,129592.094,1010.819
185.262211,30.023791,28.456125,164,1035157504,1,180000.000,129588.759,1010.917
185.291061,28.849959,28.975416,143,1035157504,1,180000.000,129585.567,1011.011
185.319531,28.469875,28.997917,152,1035157504,1,180000.000,129582.394,1011.104
185.347829,28.298583,28.642792,156,1035173888,1,180000.000,129579.226,1011.198
185.377373,29.543959,29.111042,226,1035173888,1,180000.000,129575.944,1011.294
185.408499,31.126000,29.799583,173,1035173888,1,180000.000,129572.496,1011.395
185.436380,27.881209,29.771791,147,1035173888,1,180000.000,129569.398,1011.486
185.466295,29.915083,28.668917,153,1035255808,1,180000.000,129566.070,1011.584
185.494188,27.892333,28.865000,169,1035255808,1,180000.000,129562.969,1011.676
185.524647,30.459292,29.487083,153,1035255808,1,180000.000,129559.590,1011.775
185.553824,29.176831,29.009125,150,1035255808,1,180000.000,129556.361,1011.870
185.582654,28.830417,28.792917,141,1035255808,1,180000.000,129553.156,1011.964
185.611180,28.525461,28.564209,134,1035288576,1,180000.000,129549.992,1012.057
185.639928,28.748125,28.534416,143,1035288576,1,180000.000,129546.778,1012.152
185.667951,28.022915,28.553249,147,1035304960,1,180000.000,129543.686,1012.242
185.696743,28.792541,28.660042,158,1035403264,1,180000.000,129540.466,1012.337
185.725901,29.158168,28.524584,140,1035419648,1,180000.000,129537.243,1012.432
185.755935,30.033793,29.240833,163,1035419648,1,180000.000,129533.890,1012.530
185.783694,27.759083,28.592793,175,1035419648,1,180000.000,129530.817,1012.621
185.812815,29.120792,29.646084,178,1035419648,1,180000.000,129527.564,1012.716
185.843078,30.262582,29.363832,200,1035419648,1,180000.000,129524.219,1012.815
185.873627,30.549500,29.291958,143,1035419648,1,180000.000,129520.811,1012.915
185.901854,28.227042,28.777876,145,1035419648,1,180000.000,129517.696,1013.007
185.929641,27.786791,28.532042,133,1035419648,1,180000.000,129514.582,1013.098
185.958336,28.695084,28.379541,159,1035419648,1,180000.000,129511.392,1013.192
185.986975,28.639209,29.045458,150,1035419648,1,180000.000,129508.223,1013.285
186.015399,28.423291,28.938126,164,1035419648,1,180000.000,129505.067,1013.378
186.045522,30.123085,28.906666,161,1035419648,1,180000.000,129501.725,1013.476
186.074848,29.325999,29.494207,157,1035419648,1,180000.000,129498.464,1013.572
186.103041,28.193042,29.337208,167,1035419648,1,180000.000,129495.317,1013.664
186.135445,32.404501,29.973959,171,1035419648,1,180000.000,129491.723,1013.770
186.162199,26.754081,29.060709,180,1035419648,1,180000.000,129488.746,1013.858
186.191606,29.406335,28.992083,158,1035419648,1,180000.000,129485.487,1013.953
186.220577,28.971750,28.996542,165,1035419648,1,180000.000,129482.261,1014.048
186.250244,29.666789,29.431250,151,1035419648,1,180000.000,129478.975,1014.145
186.278936,28.691750,28.598207,198,1035419648,1,180000.000,129475.781,1014.239
186.309952,31.016417,29.337376,180,1035419648,1,180000.000,129472.328,1014.340
186.339156,29.204085,29.596916,176,1035419648,1,180000.000,129469.088,1014.436
186.367163,28.006583,28.916624,178,1035403264,1,180000.000,129465.971,1014.527
186.398317,31.153999,29.418709,169,1035403264,1,180000.000,129462.527,1014.629
186.426910,28.592624,28.883209,180,1035567104,1,180000.000,129459.347,1014.722
186.457907,30.997794,29.775084,175,1035567104,1,180000.000,129455.889,1014.824
186.485439,27.531248,29.508041,171,1035567104,1,180000.000,129452.833,1014.914
186.518793,33.354502,32.029915,175,1035567104,1,180000.000,129449.130,1015.022
186.545824,27.030330,28.798542,172,1035567104,1,180000.000,129446.119,1015.111
186.577262,31.438168,30.670334,168,1035567104,1,180000.000,129442.644,1015.213
186.607973,30.711126,28.921833,166,1035567104,1,180000.000,129439.214,1015.314
186.636148,28.174791,29.189625,173,1035567104,1,180000.000,129436.097,1015.406
186.664622,28.473876,28.912001,172,1035567104,1,180000.000,129432.936,1015.498
186.693371,28.749041,29.204416,170,1035567104,1,180000.000,129429.723,1015.593
186.724768,31.397875,30.025709,172,1035567104,1,180000.000,129426.251,1015.695
186.753310,28.541539,28.959749,182,1035567104,1,180000.000,129423.086,1015.788
186.782415,29.105458,29.503958,175,1035567104,1,180000.000,129419.845,1015.883
186.810303,27.887668,29.017124,176,1035567104,1,180000.000,129416.729,1015.975
186.841219,30.915666,29.388624,169,1035567104,1,180000.000,129413.309,1016.076
186.869833,28.614040,29.423916,151,1035567104,1,180000.000,129410.137,1016.169
186.899062,29.229544,28.536959,151,1035567104,1,180000.000,129406.873,1016.265
186.927298,28.235208,28.751125,145,1035567104,1,180000.000,129403.739,1016.357
186.957551,30.253083,28.620417,157,1035649024,1,180000.000,129400.395,1016.455
186.985263,27.711876,28.914583,161,1035649024,1,180000.000,129397.317,1016.552
187.012945,27.682416,28.247000,156,1035649024,1,180000.000,129394.232,1016.649
187.042743,29.797915,29.097918,161,1035649024,1,180000.000,129390.913,1016.753
187.072361,29.618043,28.813917,147,1035649024,1,180000.000,129387.641,1016.855
187.100199,27.838290,28.699249,165,1035649024,1,180000.000,129384.550,1016.952
187.129066,28.867207,28.620291,163,1035649024,1,180000.000,129381.337,1017.053
187.157148,28.081127,28.943624,151,1035649024,1,180000.000,129378.204,1017.151
187.185739,28.591208,29.347584,142,1035649024,1,180000.000,129375.024,1017.251
187.214868,29.129207,28.622749,162,1035649024,1,180000.000,129371.790,1017.353
187.244190,29.322125,28.473583,170,1035649024,1,180000.000,129368.524,1017.455
187.273185,28.995376,29.245083,155,1035665408,1,180000.000,129365.304,1017.556
187.301946,28.760418,29.004292,151,1035665408,1,180000.000,129362.104,1017.656
187.330944,28.998416,29.154625,161,1035665408,1,180000.000,129358.888,1017.757
187.360106,29.161792,29.044333,147,1035665408,1,180000.000,129355.644,1017.859
187.389087,28.981000,28.577250,169,1035665408,1,180000.000,129352.423,1017.960
187.418244,29.156581,29.077208,149,1035665408,1,180000.000,129349.183,1018.062
187.446791,28.546877,28.553333,145,1035665408,1,180000.000,129346.016,1018.161
187.475391,28.600041,28.489000,148,1035665408,1,180000.000,129342.836,1018.261
187.504936,29.545709,28.764999,151,1035665408,1,180000.000,129339.567,1018.363
187.533026,28.089292,28.544083,148,1035681792,1,180000.000,129336.437,1018.462
187.561625,28.599914,29.176083,166,1035681792,1,180000.000,129333.254,1018.561
187.590517,28.891291,28.680958,147,1035681792,1,180000.000,129330.046,1018.662
187.619381,28.864086,28.725042,141,1035681792,1,180000.000,129326.838,1018.763
187.649491,30.110456,28.510792,143,1035681792,1,180000.000,129323.493,1018.868
187.678373,28.881501,28.444834,177,1035681792,1,180000.000,129320.297,1018.968
187.706402,28.028999,29.404875,171,1035681792,1,180000.000,129317.172,1019.066
187.736735,30.332875,29.122458,157,1035681792,1,180000.000,129313.805,1019.172
187.764140,27.405336,28.720541,181,1035681792,1,180000.000,129310.749,1019.267
187.793542,29.401582,29.068125,161,1035681792,1,180000.000,129307.491,1019.370
187.824146,30.604750,28.749043,163,1035698176,1,180000.000,129304.105,1019.476
187.852823,28.676707,28.515249,163,1035698176,1,180000.000,129300.916,1019.576
187.880525,27.702294,28.658751,151,1035698176,1,180000.000,129297.828,1019.673
187.909490,28.964333,28.532333,143,1035698176,1,180000.000,129294.607,1019.774
187.938030,28.540000,28.653376,154,1035698176,1,180000.000,129291.444,1019.873
187.966745,28.715830,29.096001,147,1035698176,1,180000.000,129288.252,1019.973
187.995961,29.215250,28.609541,158,1035698176,1,180000.000,129285.006,1020.075
188.025291,29.330250,28.931168,136,1035698176,1,180000.000,129281.757,1020.177
188.053645,28.354418,28.913750,154,1035698176,1,180000.000,129278.594,1020.276
188.083374,29.728707,28.832458,165,1035698176,1,180000.000,129275.301,1020.379
188.111881,28.507043,29.133833,181,1035698176,1,180000.000,129272.127,1020.479
188.142756,30.875042,29.702250,183,1035698176,1,180000.000,129268.708,1020.586
188.170790,28.034166,29.695126,174,1035698176,1,180000.000,129265.580,1020.684
188.202000,31.209543,29.140333,145,1035698176,1,180000.000,129262.125,1020.793
188.230229,28.229415,28.947834,160,1035698176,1,180000.000,129258.972,1020.892
188.258856,28.626919,28.852209,157,1035698176,1,180000.000,129255.797,1020.991
188.286337,27.480539,28.773001,143,1035698176,1,180000.000,129252.741,1021.087
188.315108,28.771587,28.635916,174,1035698176,1,180000.000,129249.538,1021.188
188.343769,28.660290,28.835875,145,1035698176,1,180000.000,129246.351,1021.288
188.373584,29.815793,28.917749,169,1035698176,1,180000.000,129243.054,1021.391
188.403022,29.437333,29.061291,147,1035698176,1,180000.000,129239.790,1021.494
188.433322,30.300081,29.868084,169,1035698176,1,180000.000,129236.418,1021.599
188.463044,29.721875,30.484417,150,1035698176,1,180000.000,129233.103,1021.703
188.494389,31.345420,31.734249,173,1035698176,1,180000.000,129229.620,1021.813
188.524511,30.121788,29.958542,175,1035698176,1,180000.000,129226.270,1021.918
188.554842,30.330710,30.124250,166,1035698176,1,180000.000,129222.903,1022.023
188.584716,29.873960,29.814625,154,1035698176,1,180000.000,129219.590,1022.127
188.614206,29.490247,28.829958,148,1035698176,1,180000.000,129216.323,1022.230
188.643098,28.892126,28.758667,174,1035698176,1,180000.000,129213.101,1022.331
188.674038,30.939501,29.348207,178,1035698176,1,180000.000,129209.672,1022.438
188.702589,28.551083,29.153667,205,1035698176,1,180000.000,129206.488,1022.538
188.730858,28.269541,29.254292,172,1035698176,1,180000.000,129203.342,1022.637
188.760260,29.402044,29.500626,188,1035698176,1,180000.000,129200.077,1022.739
188.792343,32.082997,29.345417,174,1035698176,1,180000.000,129196.524,1022.851
188.820012,27.669251,29.436459,184,1035698176,1,180000.000,129193.441,1022.948
188.849816,29.803250,30.611000,167,1035698176,1,180000.000,129190.124,1023.052
188.881566,31.750292,30.410000,182,1035698176,1,180000.000,129186.600,1023.162
188.909508,27.942501,28.885000,170,1035698176,1,180000.000,129183.488,1023.260
188.941972,32.463249,30.777750,183,1035698176,1,180000.000,129179.893,1023.373
188.970366,28.394166,29.217875,165,1035698176,1,180000.000,129176.734,1023.472
188.999049,28.683085,28.757999,176,1035698176,1,180000.000,129173.543,1023.572
189.030243,31.194083,30.027666,176,1035698176,1,180000.000,129170.094,1023.680
189.059405,29.161956,29.162167,171,1035698176,1,180000.000,129166.843,1023.782
189.087427,28.021667,29.310791,177,1035698176,1,180000.000,129163.733,1023.880
189.117844,30.417126,29.150791,172,1035698176,1,180000.000,129160.356,1023.986
189.145009,27.164709,28.976791,177,1035698176,1,180000.000,129157.321,1024.081
189.175601,30.592207,29.544792,149,1035698176,1,180000.000,129153.931,1024.188
189.203386,27.785543,29.215500,154,1035698176,1,180000.000,129150.837,1024.285
189.233575,30.188583,28.551374,141,1035698176,1,180000.000,129147.497,1024.389
189.261855,28.279793,28.755833,159,1035698176,1,180000.000,129144.350,1024.488
189.292338,30.483499,29.258791,143,1035698176,1,180000.000,129140.977,1024.594
189.320735,28.397210,28.990625,152,1035698176,1,180000.000,129137.801,1024.694
189.349376,28.640747,28.698584,149,1035698176,1,180000.000,129134.639,1024.793
189.378059,28.682459,28.745417,142,1035698176,1,180000.000,129131.426,1024.894
189.408402,30.343294,28.647125,147,1035698176,1,180000.000,129128.080,1024.999
189.436227,27.824916,28.965000,160,1035698176,1,180000.000,129124.965,1025.097
189.464595,28.368291,28.754875,149,1035714560,1,180000.000,129121.816,1025.195
189.494724,30.128960,29.597626,147,1035714560,1,180000.000,129118.486,1025.300
189.523386,28.661583,28.783125,148,1035714560,1,180000.000,129115.297,1025.400
189.552888,29.502373,29.116333,167,1035714560,1,180000.000,129112.000,1025.503
189.581447,28.559167,28.900126,148,1035714560,1,180000.000,129108.827,1025.603
189.611601,30.153751,28.755875,155,1035714560,1,180000.000,129105.474,1025.708
189.639818,28.216667,29.627916,173,1035714560,1,180000.000,129102.364,1025.806
189.668510,28.692666,28.969042,163,1035714560,1,180000.000,129099.173,1025.906
189.696526,28.015915,28.567959,164,1035714560,1,180000.000,129096.044,1026.004
189.726419,29.892791,29.414167,164,1035714560,1,180000.000,129092.727,1026.108
189.756507,30.087791,28.697874,145,1035714560,1,180000.000,129089.379,1026.213
189.784339,27.832627,28.661541,166,1035714560,1,180000.000,129086.305,1026.310
189.813018,28.678168,28.828709,140,1035714560,1,180000.000,129083.101,1026.410
189.841989,28.971374,28.782541,158,1035730944,1,180000.000,129079.880,1026.511
189.872834,30.844916,28.963209,143,1035730944,1,180000.000,129076.467,1026.619
189.900512,27.678415,28.718666,174,1035747328,1,180000.000,129073.381,1026.715
189.928510,27.998209,28.510166,147,1035747328,1,180000.000,129070.292,1026.812
189.957536,29.025875,28.787292,162,1035747328,1,180000.000,129067.042,1026.914
189.986086,28.550003,28.892542,140,1035747328,1,180000.000,129063.872,1027.014
190.021194,35.107955,29.654917,148,1035780096,1,180000.000,129059.967,1027.136
190.044971,23.776375,29.646833,143,1035780096,1,180000.000,129057.329,1027.219
190.076541,31.570211,31.040751,146,1035796480,1,180000.000,129053.833,1027.329
190.108582,32.040667,30.989042,172,1035812864,1,180000.000,129050.265,1027.441
190.138820,30.238040,30.705292,151,1035829248,1,180000.000,129046.914,1027.546
190.167909,29.089250,28.695457,155,1035829248,1,180000.000,129043.678,1027.648
190.195568,27.659416,28.887793,154,1035829248,1,180000.000,129040.592,1027.744
190.226025,30.456875,29.291958,146,1035829248,1,180000.000,129037.208,1027.851
190.254116,28.091084,28.902042,144,1035845632,1,180000.000,129034.092,1027.948
190.283133,29.016919,28.837250,141,1035845632,1,180000.000,129030.865,1028.050
190.312747,29.614080,28.663376,146,1035845632,1,180000.000,129027.589,1028.152
190.342501,29.753875,28.861792,137,1035845632,1,180000.000,129024.295,1028.256
190.370280,27.779210,28.842291,138,1035845632,1,180000.000,129021.189,1028.353
190.398660,28.380126,28.464375,155,1035845632,1,180000.000,129018.031,1028.452
190.428576,29.915623,28.915125,140,1035845632,1,180000.000,129014.720,1028.556
190.456956,28.380293,29.352791,167,1035845632,1,180000.000,129011.570,1028.655
190.486326,29.369332,29.221542,137,1035845632,1,180000.000,129008.308,1028.758
190.514597,28.271377,28.556417,151,1035845632,1,180000.000,129005.164,1028.856
190.545046,30.449290,29.097166,153,1035845632,1,180000.000,129001.786,1028.962
190.573575,28.528668,29.381624,180,1035845632,1,180000.000,128998.592,1029.063
190.605379,31.804167,30.005833,171,1035845632,1,180000.000,128995.084,1029.166
190.633500,28.120622,29.465500,166,1035845632,1,180000.000,128991.962,1029.258
190.662455,28.954834,28.989208,155,1035845632,1,180000.000,128988.736,1029.353
190.691656,29.201500,28.679874,153,1035845632,1,180000.000,128985.483,1029.448
190.719938,28.282084,28.638958,154,1035845632,1,180000.000,128982.333,1029.541
190.749160,29.222000,28.801874,148,1035845632,1,180000.000,128979.102,1029.636
190.778370,29.209625,29.009333,165,1035845632,1,180000.000,128975.843,1029.732
190.806924,28.554127,29.001417,152,1035862016,1,180000.000,128972.671,1029.825
190.836606,29.682249,28.782709,184,1035862016,1,180000.000,128969.380,1029.922
190.864264,27.657919,28.846375,166,1035862016,1,180000.000,128966.299,1030.013
190.892863,28.599124,29.346041,166,1035862016,1,180000.000,128963.116,1030.107
190.922439,29.576000,28.963167,171,1035862016,1,180000.000,128959.840,1030.203
190.953259,30.819457,29.565500,175,1035862016,1,180000.000,128956.417,1030.304
190.981949,28.690208,29.891209,145,1035862016,1,180000.000,128953.229,1030.398
191.010319,28.370000,28.756458,154,1035862016,1,180000.000,128950.065,1030.491
191.042085,31.765874,28.969791,140,1035862016,1,180000.000,128946.547,1030.594
191.070923,28.838668,29.381042,174,1035862016,1,180000.000,128943.332,1030.689
191.100043,29.119585,29.248959,181,1035862016,1,180000.000,128940.098,1030.784
191.129276,29.232875,29.443750,174,1035862016,1,180000.000,128936.850,1030.880
191.157843,28.566957,29.101334,158,1035862016,1,180000.000,128933.684,1030.973
191.186995,29.151917,29.848875,179,1035862016,1,180000.000,128930.433,1031.069
191.216611,29.615752,28.962084,179,1035862016,1,180000.000,128927.144,1031.165
191.248699,32.088749,30.865833,169,1035862016,1,180000.000,128923.589,1031.270
191.280079,31.379748,30.653042,176,1035862016,1,180000.000,128920.095,1031.373
191.308284,28.204709,29.007957,167,1035862016,1,180000.000,128916.952,1031.465
191.340082,31.798750,30.823957,172,1035862016,1,180000.000,128913.434,1031.569
191.368027,27.944334,29.344833,166,1035862016,1,180000.000,128910.323,1031.661
191.398527,30.500248,30.072332,188,1035862016,1,180000.000,128906.951,1031.760
191.428186,29.659294,29.430292,171,1035862016,1,180000.000,128903.642,1031.857
191.457249,29.062666,29.126333,180,1035862016,1,180000.000,128900.416,1031.952
191.485190,27.940832,29.091583,172,1035862016,1,180000.000,128897.304,1032.044
191.513995,28.804667,29.042418,191,1035862016,1,180000.000,128894.107,1032.138
191.543704,29.709209,29.626041,141,1035862016,1,180000.000,128890.807,1032.235
191.573815,30.111499,28.597166,162,1035878400,1,180000.000,128887.453,1032.334
191.601620,27.805168,28.778667,150,1035878400,1,180000.000,128884.378,1032.424
191.630555,28.934248,28.800541,150,1035878400,1,180000.000,128881.152,1032.519
191.660423,29.868044,28.840750,144,1035878400,1,180000.000,128877.842,1032.617
191.690316,29.893082,29.008209,158,1035878400,1,180000.000,128874.535,1032.714
191.717606,27.290419,29.077208,144,1035878400,1,180000.000,128871.484,1032.804
191.747091,29.485039,28.660583,138,1035878400,1,180000.000,128868.208,1032.900
191.775915,28.823711,28.656208,148,1035878400,1,180000.000,128865.005,1032.994
191.806128,30.213207,28.922209,167,1035878400,1,180000.000,128861.642,1033.093
191.834254,28.126042,29.506208,142,1035878400,1,180000.000,128858.539,1033.185
191.863102,28.847456,28.622709,149,1035878400,1,180000.000,128855.314,1033.280
191.892290,29.188875,28.907499,142,1035878400,1,180000.000,128852.065,1033.375
191.921920,29.629752,29.003584,155,1035878400,1,180000.000,128848.776,1033.472
191.950271,28.350376,29.243792,153,1035878400,1,180000.000,128845.634,1033.565
191.980181,29.910292,29.730207,149,1035878400,1,180000.000,128842.327,1033.662
192.009189,29.008165,29.062958,150,1035878400,1,180000.000,128839.082,1033.757
192.037536,28.346874,28.971292,144,1037942784,1,180000.000,128835.928,1033.850
192.067824,30.287586,29.137291,167,1038925824,1,180000.000,128832.574,1033.949
192.095361,27.537666,29.104626,136,1038925824,1,180000.000,128829.505,1034.039
192.125141,29.780164,28.689251,140,1038925824,1,180000.000,128826.198,1034.137
192.153477,28.335378,28.690250,153,1038925824,1,180000.000,128823.052,1034.229
192.182013,28.536122,28.554333,140,1038925824,1,180000.000,128819.885,1034.322
192.210885,28.872292,28.642958,134,1038925824,1,180000.000,128816.687,1034.417
192.240210,29.325251,28.761168,139,1038925824,1,180000.000,128813.409,1034.513
192.268638,28.427292,28.639458,152,1038925824,1,180000.000,128810.257,1034.606
192.297893,29.254876,28.763166,140,1038925824,1,180000.000,128807.028,1034.701
192.327119,29.226791,29.249001,139,1038925824,1,180000.000,128803.779,1034.796
192.357146,30.026458,28.863625,148,1038925824,1,180000.000,128800.423,1034.895
192.384484,27.338542,28.759251,143,1038925824,1,180000.000,128797.405,1034.984
192.413419,28.935000,28.810291,152,1038925824,1,180000.000,128794.171,1035.086
192.442898,29.478583,28.710709,133,1038925824,1,180000.000,128790.908,1035.188
192.472157,29.258624,29.115999,138,1038925824,1,180000.000,128787.638,1035.291
192.500125,27.968582,28.685541,142,1038925824,1,180000.000,128784.560,1035.387
192.528742,28.617002,28.666124,189,1038942208,1,180000.000,128781.351,1035.488
192.559320,30.577581,29.432709,156,1038942208,1,180000.000,128777.959,1035.595
192.587568,28.248336,29.066626,137,1038942208,1,180000.000,128774.842,1035.693
192.616340,28.772373,28.866083,163,1038942208,1,180000.000,128771.619,1035.794
192.644573,28.232627,28.562876,151,1038942208,1,180000.000,128768.490,1035.892
192.673448,28.874584,28.803375,140,1038942208,1,180000.000,128765.272,1035.993
192.702873,29.424872,28.998709,161,1038942208,1,180000.000,128762.033,1036.095
192.731820,28.947625,28.757668,145,1038942208,1,180000.000,128758.791,1036.197
192.760276,28.455544,28.914667,140,1038958592,1,180000.000,128755.627,1036.296
192.790222,29.946581,28.609125,142,1038958592,1,180000.000,128752.320,1036.400
192.818416,28.193418,28.891333,135,1038958592,1,180000.000,128749.190,1036.498
192.847059,28.643500,28.554543,148,1038958592,1,180000.000,128746.006,1036.598
192.877063,30.003957,28.903376,141,1038958592,1,180000.000,128742.673,1036.703
192.904993,27.929336,28.980291,142,1038958592,1,180000.000,128739.555,1036.801
192.933851,28.858956,29.030375,139,1038958592,1,180000.000,128736.345,1036.902
192.963250,29.398669,29.677166,164,1038958592,1,180000.000,128733.074,1037.005
192.993520,30.270167,29.081791,185,1038958592,1,180000.000,128729.726,1037.110
193.022545,29.024333,29.583666,163,1037991936,1,180000.000,128726.488,1037.211
193.051510,28.965209,29.455376,167,1037991936,1,180000.000,128723.280,1037.312
193.081161,29.650833,28.791584,139,1037991936,1,180000.000,128719.990,1037.416
193.109798,28.637040,29.159374,149,1037991936,1,180000.000,128716.804,1037.516
193.138446,28.648749,28.561459,138,1037991936,1,180000.000,128713.620,1037.616
193.167220,28.773542,28.688000,140,1037991936,1,180000.000,128710.420,1037.716
193.196229,29.008668,28.722834,153,1037991936,1,180000.000,128707.193,1037.817
193.226109,29.880334,28.723459,145,1037991936,1,180000.000,128703.872,1037.922
193.255074,28.964624,28.889999,186,1037991936,1,180000.000,128700.654,1038.023
193.284189,29.115375,29.102791,154,1037991936,1,180000.000,128697.417,1038.124
193.313432,29.243335,29.173542,173,1037991936,1,180000.000,128694.175,1038.226
193.344414,30.981623,30.101791,156,1037991936,1,180000.000,128690.718,1038.335
193.372967,28.553251,29.953459,189,1037991936,1,180000.000,128687.552,1038.434
193.402725,29.757790,30.132542,156,1037991936,1,180000.000,128684.249,1038.538
193.432200,29.475458,28.992500,165,1037991936,1,180000.000,128680.988,1038.641
193.462978,30.777544,29.181833,148,1037991936,1,180000.000,128677.564,1038.748
193.490175,27.197000,28.781542,194,1037991936,1,180000.000,128674.531,1038.843
193.519743,29.568207,29.778625,173,1037991936,1,180000.000,128671.251,1038.946
193.549760,30.016419,29.402542,155,1037991936,1,180000.000,128667.921,1039.051
193.578748,28.988082,29.366917,188,1037991936,1,180000.000,128664.692,1039.152
193.608383,29.634874,29.824167,178,1037991936,1,180000.000,128661.394,1039.256
193.638486,30.103002,29.715292,175,1037991936,1,180000.000,128658.042,1039.361
193.669156,30.670293,31.068832,182,1037991936,1,180000.000,128654.641,1039.468
193.700674,31.517707,30.643625,165,1037991936,1,180000.000,128651.137,1039.578
193.732108,31.434085,30.574291,185,1038008320,1,180000.000,128647.651,1039.688
193.759871,27.763415,29.617332,168,1038008320,1,180000.000,128644.570,1039.784
193.793440,33.568457,30.419416,186,1038008320,1,180000.000,128640.834,1039.902
193.821592,28.152708,29.361292,169,1038008320,1,180000.000,128637.709,1040.000
193.849280,27.687710,29.286333,148,1038024704,1,180000.000,128634.636,1040.096
193.880368,31.087544,28.816084,189,1038024704,1,180000.000,128631.182,1040.205
193.909194,28.826788,29.290958,163,1038024704,1,180000.000,128627.973,1040.306
193.937384,28.189793,30.046083,172,1038024704,1,180000.000,128624.844,1040.404
193.966318,28.933585,28.794292,145,1038024704,1,180000.000,128621.624,1040.505
193.995776,29.458541,28.682625,143,1038024704,1,180000.000,128618.370,1040.607
194.025685,29.908456,28.738832,153,1038024704,1,180000.000,128615.048,1040.712
194.054047,28.361835,28.989000,143,1038024704,1,180000.000,128611.906,1040.810
194.082248,28.201666,28.734333,162,1038024704,1,180000.000,128608.757,1040.909
194.111713,29.464375,29.033251,143,1038024704,1,180000.000,128605.483,1041.012
194.141984,30.271292,29.019625,145,1038024704,1,180000.000,128602.108,1041.118
194.169892,27.908001,28.911375,135,1038024704,1,180000.000,128599.027,1041.215
194.199643,29.750999,28.676416,171,1038024704,1,180000.000,128595.713,1041.312
194.228012,28.368752,29.313126,136,1038024704,1,180000.000,128592.570,1041.405
194.257070,29.058039,29.219292,141,1038024704,1,180000.000,128589.321,1041.501
194.285352,28.282832,28.715084,142,1038024704,1,180000.000,128586.181,1041.593
194.315714,30.361835,28.637251,166,1038024704,1,180000.000,128582.802,1041.693
194.345152,29.437415,29.497709,148,1038024704,1,180000.000,128579.544,1041.789
194.374428,29.276125,29.055626,150,1038024704,1,180000.000,128576.280,1041.885
194.401718,27.290292,29.089001,145,1038024704,1,180000.000,128573.254,1041.974
194.430999,29.280834,28.941957,141,1038024704,1,180000.000,128570.005,1042.070
194.459377,28.378502,28.672543,154,1038024704,1,180000.000,128566.844,1042.163
194.489319,29.941957,29.285667,141,1038024704,1,180000.000,128563.517,1042.261
194.517989,28.669376,28.663084,137,1038024704,1,180000.000,128560.339,1042.354
194.546997,29.007997,28.644583,143,1038024704,1,180000.000,128557.128,1042.449
194.575709,28.711919,28.574499,140,1038024704,1,180000.000,128553.934,1042.543
194.605032,29.323209,29.184126,136,1038024704,1,180000.000,128550.658,1042.640
194.633130,28.097667,28.512667,134,1038024704,1,180000.000,128547.534,1042.732
194.661706,28.576456,28.681042,141,1038024704,1,180000.000,128544.356,1042.825
194.692011,30.305333,28.843250,141,1038024704,1,180000.000,128541.011,1042.924
194.720080,28.068125,28.867125,150,1038024704,1,180000.000,128537.897,1043.016
194.748914,28.834458,28.966125,137,1038024704,1,180000.000,128534.695,1043.110
194.779754,30.839875,28.955166,146,1038024704,1,180000.000,128531.248,1043.211
194.808416,28.662000,29.319958,148,1038024704,1,180000.000,128528.070,1043.305
194.836271,27.855083,29.135916,142,1038024704,1,180000.000,128524.968,1043.396
194.865398,29.126834,28.669292,139,1038024704,1,180000.000,128521.727,1043.492
194.899917,34.518998,30.334875,144,1038024704,1,180000.000,128517.893,1043.605
194.926242,26.325334,31.222958,134,1038024704,1,180000.000,128514.967,1043.691
194.958857,32.614958,29.742666,164,1038024704,1,180000.000,128511.364,1043.797
194.985139,26.281502,29.299500,160,1038024704,1,180000.000,128508.422,1043.884
195.014281,29.142208,28.899042,143,1038024704,1,180000.000,128505.182,1043.979
195.043619,29.338375,28.626791,154,1038024704,1,180000.000,128501.931,1044.075
195.072577,28.958041,29.034250,145,1038024704,1,180000.000,128498.717,1044.170
195.101743,29.166043,28.666458,154,1038041088,1,180000.000,128495.476,1044.265
195.130658,28.914459,28.956375,154,1038041088,1,180000.000,128492.263,1044.360
195.159975,29.317707,29.114042,132,1038041088,1,180000.000,128488.997,1044.456
195.190006,30.031040,28.820959,146,1038041088,1,180000.000,128485.657,1044.554
195.218490,28.483711,28.716167,141,1038041088,1,180000.000,128482.488,1044.648
195.246830,28.339375,28.860458,151,1038041088,1,180000.000,128479.357,1044.740
195.276107,29.277664,28.940624,143,1038041088,1,180000.000,128476.094,1044.836
195.306794,30.686542,29.359209,158,1038057472,1,180000.000,128472.694,1044.936
195.335160,28.366249,29.112583,143,1038057472,1,180000.000,128469.528,1045.030
195.364273,29.113084,29.034500,143,1038057472,1,180000.000,128466.295,1045.125
195.391804,27.531043,29.086624,174,1038057472,1,180000.000,128463.233,1045.215
195.422185,30.380458,29.945457,156,1038057472,1,180000.000,128459.860,1045.314
195.451481,29.296167,29.652792,149,1038057472,1,180000.000,128456.603,1045.410
195.481779,30.297957,28.903999,136,1038057472,1,180000.000,128453.250,1045.509
195.510770,28.991625,28.902250,141,1038057472,1,180000.000,128450.034,1045.604
195.539377,28.607000,29.292166,144,1038057472,1,180000.000,128446.849,1045.698
195.567438,28.060459,28.831209,133,1038057472,1,180000.000,128443.724,1045.790
195.597139,29.701170,28.644541,136,1038057472,1,180000.000,128440.426,1045.887
195.626123,28.983582,28.668209,129,1038057472,1,180000.000,128437.204,1045.982
195.656007,29.884666,28.746166,183,1038057472,1,180000.000,128433.882,1046.080
195.684451,28.444126,29.322332,155,1038057472,1,180000.000,128430.735,1046.172
195.712938,28.486375,29.308292,134,1038057472,1,180000.000,128427.556,1046.266
195.743145,30.207831,29.290958,154,1038057472,1,180000.000,128424.201,1046.365
195.772664,29.518750,29.596916,159,1038057472,1,180000.000,128420.931,1046.461
195.803589,30.924711,29.735125,170,1038221312,1,180000.000,128417.503,1046.562
195.832461,28.871540,29.345667,163,1038221312,1,180000.000,128414.270,1046.657
195.860267,27.806502,28.905500,143,1038221312,1,180000.000,128411.206,1046.748
195.890271,30.004166,28.762291,157,1038221312,1,180000.000,128407.852,1046.846
195.917757,27.485792,28.621166,166,1038221312,1,180000.000,128404.810,1046.936
195.947493,29.735915,29.253334,151,1038221312,1,180000.000,128401.493,1047.034
195.976876,29.383209,28.914333,146,1038221312,1,180000.000,128398.234,1047.130
196.005529,28.652627,29.085833,170,1038221312,1,180000.000,128395.046,1047.230
196.036156,30.627623,29.603582,170,1038221312,1,180000.000,128391.662,1047.336
196.064792,28.636165,29.535376,167,1038221312,1,180000.000,128388.458,1047.437
196.096667,31.874754,32.325500,163,1038221312,1,180000.000,128384.923,1047.548
196.126300,29.632248,29.224625,177,1038221312,1,180000.000,128381.620,1047.652
196.157147,30.847959,30.424376,164,1038221312,1,180000.000,128378.195,1047.760
196.187761,30.613542,30.158501,162,1038221312,1,180000.000,128374.814,1047.866
196.214952,27.190916,28.661625,170,1038221312,1,180000.000,128371.772,1047.962
196.244573,29.620957,29.066917,138,1038221312,1,180000.000,128368.487,1048.065
196.274104,29.531170,29.515499,159,1038221312,1,180000.000,128365.204,1048.168
196.303952,29.848039,29.463375,169,1038221312,1,180000.000,128361.887,1048.272
196.333035,29.083334,29.475750,150,1038221312,1,180000.000,128358.652,1048.374
196.362833,29.797584,29.149000,137,1038221312,1,180000.000,128355.347,1048.478
196.392727,29.893793,28.521458,133,1039581184,1,180000.000,128352.023,1048.582
196.421159,28.431833,28.638542,145,1041006592,1,180000.000,128348.866,1048.682
196.449188,28.029747,28.441042,154,1041039360,1,180000.000,128345.754,1048.779
196.477370,28.181918,28.489208,162,1041039360,1,180000.000,128342.629,1048.878
196.507321,29.950876,28.813959,134,1041039360,1,180000.000,128339.312,1048.982
196.535375,28.053749,28.563875,143,1041039360,1,180000.000,128336.177,1049.081
196.563773,28.398000,28.354208,157,1041039360,1,180000.000,128333.017,1049.180
196.592029,28.256126,28.346666,162,1041039360,1,180000.000,128329.889,1049.278
196.620250,28.220791,28.879749,139,1041039360,1,180000.000,128326.752,1049.377
196.649727,29.477376,28.382584,160,1041039360,1,180000.000,128323.462,1049.480
196.678004,28.277081,28.519083,138,1041039360,1,180000.000,128320.336,1049.579
196.707868,29.863585,28.382126,165,1041039360,1,180000.000,128317.011,1049.683
196.736050,28.181959,29.155624,154,1041039360,1,180000.000,128313.890,1049.781
196.765512,29.462166,28.983833,155,1041039360,1,180000.000,128310.599,1049.885
196.793909,28.396957,28.930876,142,1041039360,1,180000.000,128307.441,1049.984
196.822410,28.501086,28.347084,135,1041039360,1,180000.000,128304.273,1050.083
196.851141,28.730832,28.328125,162,1041039360,1,180000.000,128301.084,1050.184
196.879108,27.966958,28.719376,142,1041039360,1,180000.000,128297.978,1050.281
196.908403,29.295001,28.361166,134,1041235968,1,180000.000,128294.723,1050.384
196.936012,27.609125,28.500042,146,1041432576,1,180000.000,128291.670,1050.480
196.964535,28.522626,28.434834,135,1041432576,1,180000.000,128288.489,1050.580
196.992631,28.096125,28.451042,141,1041432576,1,180000.000,128285.364,1050.678
197.021800,29.169790,28.806749,133,1041448960,1,180000.000,128282.127,1050.780
197.050228,28.427999,28.097666,149,1041448960,1,180000.000,128278.977,1050.879
197.077946,27.717419,28.350250,137,1041448960,1,180000.000,128275.889,1050.976
197.108612,30.665707,28.560499,139,1041448960,1,180000.000,128272.494,1051.082
197.135938,27.326584,28.995543,139,1041448960,1,180000.000,128269.443,1051.178
197.165101,29.162999,28.310459,154,1041448960,1,180000.000,128266.221,1051.280
197.192503,27.401667,28.863209,143,1041448960,1,180000.000,128263.155,1051.376
197.221178,28.675333,28.521708,136,1041448960,1,180000.000,128259.980,1051.476
197.249347,28.169043,28.136583,139,1041448960,1,180000.000,128256.847,1051.574
197.278758,29.410418,28.303749,135,1041448960,1,180000.000,128253.591,1051.677
197.308652,29.894374,28.970709,144,1041399808,1,180000.000,128250.256,1051.782
197.337769,29.117331,29.035791,152,1041399808,1,180000.000,128247.034,1051.883
197.365165,27.395878,28.873249,156,1041399808,1,180000.000,128243.974,1051.979
197.393571,28.405290,28.602125,154,1041399808,1,180000.000,128240.811,1052.078
197.423762,30.191708,28.636126,148,1041399808,1,180000.000,128237.487,1052.183
197.451989,28.227083,28.740917,139,1041399808,1,180000.000,128234.351,1052.282
197.480103,28.113332,28.449125,140,1041399808,1,180000.000,128231.205,1052.380
197.510577,30.474667,28.422625,163,1040023552,1,180000.000,128227.825,1052.487
197.538437,27.859710,28.844208,144,1040023552,1,180000.000,128224.738,1052.584
197.567636,29.198959,28.685167,142,1040023552,1,180000.000,128221.493,1052.686
197.595582,27.945917,28.797874,138,1040023552,1,180000.000,128218.374,1052.784
197.623863,28.281499,28.429251,141,1040023552,1,180000.000,128215.231,1052.883
197.653229,29.365916,28.774292,134,1040023552,1,180000.000,128211.984,1052.985
197.681533,28.303836,28.472458,133,1040023552,1,180000.000,128208.840,1053.084
197.709605,28.072290,28.283583,137,1040023552,1,180000.000,128205.709,1053.182
197.739136,29.530041,28.914083,143,1040023552,1,180000.000,128202.428,1053.285
197.767316,28.180584,28.400126,169,1040039936,1,180000.000,128199.300,1053.383
197.795950,28.633833,29.126583,138,1040039936,1,180000.000,128196.123,1053.477
197.826142,30.192040,28.581625,153,1040039936,1,180000.000,128192.773,1053.576
197.853663,27.521126,28.843042,129,1040039936,1,180000.000,128189.697,1053.667
197.882991,29.327750,28.221500,149,1040039936,1,180000.000,128186.455,1053.762
197.911499,28.508127,28.868416,132,1039859712,1,180000.000,128183.293,1053.855
197.940348,28.849248,28.340792,135,1039859712,1,180000.000,128180.066,1053.951
197.969418,29.070210,29.128042,127,1039859712,1,180000.000,128176.853,1054.045
197.997702,28.283540,28.189625,167,1039876096,1,180000.000,128173.697,1054.138
198.026540,28.838377,29.319124,146,1039876096,1,180000.000,128170.509,1054.232
198.055286,28.746039,28.796625,146,1039876096,1,180000.000,128167.307,1054.327
198.084537,29.250585,28.741249,135,1039876096,1,180000.000,128164.049,1054.423
198.112613,28.076082,28.287292,149,1039876096,1,180000.000,128160.934,1054.515
198.141828,29.214460,29.010042,150,1039876096,1,180000.000,128157.689,1054.610
198.169777,27.949456,29.621626,175,1039876096,1,180000.000,128154.575,1054.702
198.200274,30.497462,29.518999,141,1039876096,1,180000.000,128151.194,1054.802
198.229197,28.922580,28.431791,152,1039876096,1,180000.000,128147.974,1054.897
198.257981,28.783876,28.844833,140,1039876096,1,180000.000,128144.777,1054.991
198.287339,29.358249,28.586416,165,1039876096,1,180000.000,128141.522,1055.087
198.314668,27.329210,28.921667,155,1039876096,1,180000.000,128138.472,1055.177
198.344473,29.804166,28.556749,140,1039876096,1,180000.000,128135.169,1055.274
198.372486,28.013751,28.478916,174,1039876096,1,180000.000,128132.050,1055.366
198.402754,30.267291,29.417791,158,1039876096,1,180000.000,128128.678,1055.466
198.431659,28.905500,30.622583,172,1039876096,1,180000.000,128125.466,1055.560
198.463596,31.936459,30.365126,161,1039876096,1,180000.000,128121.919,1055.665
198.496367,32.771707,31.598709,161,1039876096,1,180000.000,128118.287,1055.772
198.525230,28.863166,28.851542,167,1039876096,1,180000.000,128115.078,1055.867
198.553220,27.989168,29.164541,150,1039876096,1,180000.000,128111.970,1055.958
198.582129,28.909292,29.103750,163,1039876096,1,180000.000,128108.751,1056.053
198.611273,29.144168,29.087791,163,1040547840,1,180000.000,128105.525,1056.148
198.641194,29.921208,29.156918,144,1041268736,1,180000.000,128102.198,1056.247
198.670080,28.885834,29.024334,156,1041268736,1,180000.000,128098.992,1056.341
198.698914,28.834332,28.874208,139,1041268736,1,180000.000,128095.800,1056.435
198.727831,28.916959,28.605667,148,1041268736,1,180000.000,128092.576,1056.530
198.756698,28.866291,28.694542,134,1041268736,1,180000.000,128089.355,1056.625
198.785291,28.593041,28.293333,154,1041268736,1,180000.000,128086.179,1056.719
198.813587,28.296083,28.646667,141,1041268736,1,180000.000,128083.037,1056.812
198.843177,29.590044,28.569292,145,1041268736,1,180000.000,128079.768,1056.908
198.871952,28.775666,28.912916,149,1041268736,1,180000.000,128076.551,1057.003
198.900063,28.111041,28.618917,153,1041268736,1,180000.000,128073.426,1057.095
198.928360,28.296333,28.934668,138,1041268736,1,180000.000,128070.283,1057.188
198.958604,30.244041,28.425291,142,1041268736,1,180000.000,128066.939,1057.286
198.985466,26.862334,28.490208,140,1041268736,1,180000.000,128063.940,1057.375
199.014906,29.439960,28.300041,169,1041285120,1,180000.000,128060.671,1057.471
199.043483,28.576914,29.005291,152,1041285120,1,180000.000,128057.511,1057.564
199.072659,29.176418,28.643126,141,1041285120,1,180000.000,128054.260,1057.660
199.101110,28.450917,28.494207,144,1041285120,1,180000.000,128051.098,1057.753
199.129259,28.148793,28.599751,146,1041285120,1,180000.000,128047.974,1057.845
199.157758,28.498292,28.810249,161,1041285120,1,180000.000,128044.804,1057.939
199.186761,29.003374,29.241417,138,1041285120,1,180000.000,128041.575,1058.034
199.215556,28.795499,28.395208,147,1041285120,1,180000.000,128038.379,1058.128
199.244586,29.029917,28.611542,149,1041285120,1,180000.000,128035.163,1058.223
199.273598,29.011749,29.061333,144,1041285120,1,180000.000,128031.930,1058.318
199.301593,27.995251,28.792292,128,1041285120,1,180000.000,128028.818,1058.410
199.329585,27.991749,28.160042,140,1041285120,1,180000.000,128025.703,1058.502
199.358026,28.440919,28.537916,146,1041285120,1,180000.000,128022.545,1058.595
199.387495,29.469289,28.659374,137,1041285120,1,180000.000,128019.278,1058.691
199.415936,28.440878,28.630667,141,1041285120,1,180000.000,128016.113,1058.785
199.444980,29.043414,28.431917,138,1041285120,1,180000.000,128012.882,1058.880
199.476007,31.027835,28.519333,162,1041285120,1,180000.000,128009.435,1058.982
199.502002,25.995042,28.807459,146,1041285120,1,180000.000,128006.561,1059.066
199.531076,29.073209,28.384083,135,1041285120,1,180000.000,128003.313,1059.162
199.559406,28.330415,28.367125,158,1040564224,1,180000.000,128000.169,1059.255
199.589170,29.764291,29.069208,143,1040564224,1,180000.000,127996.880,1059.055
199.616477,27.306169,28.440166,152,1040564224,1,180000.000,127993.825,1059.025
199.645474,28.997581,28.666416,163,1040564224,1,180000.000,127990.610,1058.993
199.675127,29.653210,29.070457,138,1040564224,1,180000.000,127987.313,1058.960
199.703294,28.166875,28.624500,151,1040564224,1,180000.000,127984.195,1058.930
199.731091,27.796663,28.539667,132,1040564224,1,180000.000,127981.093,1058.899
199.760648,29.556833,28.577457,139,1040564224,1,180000.000,127977.830,1058.867
199.790465,29.817667,28.391209,161,1040564224,1,180000.000,127974.511,1058.835
199.819372,28.906420,29.533417,147,1040564224,1,180000.000,127971.292,1058.803
199.846360,26.988581,28.386250,133,1040564224,1,180000.000,127968.287,1058.773
199.876662,30.301958,28.377916,130,1040564224,1,180000.000,127964.920,1058.740
199.905339,28.676752,28.663208,156,1040564224,1,180000.000,127961.732,1058.709
199.933528,28.189249,28.983208,124,1040564224,1,180000.000,127958.600,1058.678
199.962379,28.850831,28.313833,129,1040564224,1,180000.000,127955.406,1058.647
199.990316,27.937002,28.468792,137,1040564224,1,180000.000,127952.285,1058.616
200.019316,29.000331,28.347292,133,1040564224,1,180000.000,127949.070,1058.585
200.046246,26.929710,27.659334,160,1040564224,1,180000.000,127946.087,1058.555
200.075849,29.602375,28.668541,134,1040564224,1,180000.000,127942.788,1058.523
200.103853,28.004043,28.240376,156,1040564224,1,180000.000,127939.671,1058.492
200.131991,28.138541,28.116583,129,1040564224,1,180000.000,127936.569,1058.462
200.160675,28.683875,28.041250,153,1040564224,1,180000.000,127933.359,1058.430
200.188830,28.154749,28.320541,138,1040564224,1,180000.000,127930.234,1058.399
200.216986,28.155919,27.933458,128,1040564224,1,180000.000,127927.125,1058.369
200.245093,28.107539,27.829292,161,1040564224,1,180000.000,127923.980,1058.338
200.272942,27.848791,28.365667,129,1040580608,1,180000.000,127920.909,1058.308
200.301402,28.459795,28.025709,154,1040596992,1,180000.000,127917.737,1058.277
200.329320,27.917873,28.438541,127,1040596992,1,180000.000,127914.641,1058.246
200.358559,29.238876,28.002625,139,1040596992,1,180000.000,127911.386,1058.214
200.386255,27.696166,28.572374,138,1040596992,1,180000.000,127908.317,1058.184
200.414497,28.242081,27.973667,158,1040596992,1,180000.000,127905.163,1058.153
200.444886,30.389462,29.717251,163,1040596992,1,180000.000,127901.792,1058.120
200.472047,27.160540,28.388208,152,1040596992,1,180000.000,127898.762,1058.090
200.501744,29.697374,28.838459,148,1040596992,1,180000.000,127895.474,1058.178
200.528839,27.094334,28.236834,136,1040596992,1,180000.000,127892.459,1058.258
200.558936,30.097209,27.965666,164,1040596992,1,180000.000,127889.111,1058.348
200.585725,26.789624,28.668501,153,1040596992,1,180000.000,127886.143,1058.427
200.615008,29.282458,28.219334,146,1040596992,1,180000.000,127882.883,1058.514
200.643187,28.179001,28.201374,164,1040596992,1,180000.000,127879.743,1058.598
200.671843,28.655875,29.204542,175,1040596992,1,180000.000,127876.563,1058.683
200.702840,30.997209,31.373959,168,1040596992,1,180000.000,127873.120,1058.775
200.736032,33.192415,32.158207,158,1040596992,1,180000.000,127869.442,1058.873
200.766695,30.663125,29.835209,157,1040613376,1,180000.000,127866.047,1058.963
200.794674,27.978543,28.677750,153,1040613376,1,180000.000,127862.924,1059.047
200.824305,29.630955,28.503626,157,1040613376,1,180000.000,127859.632,1059.135
200.852067,27.761836,29.009125,153,1040613376,1,180000.000,127856.549,1059.217
200.880557,28.490376,28.410833,139,1040613376,1,180000.000,127853.383,1059.301
200.908915,28.357498,28.260250,168,1040613376,1,180000.000,127850.221,1059.386
200.937487,28.572168,28.923250,132,1040613376,1,180000.000,127847.047,1059.471
200.966512,29.024832,28.032042,146,1040613376,1,180000.000,127843.836,1059.556
200.994938,28.425958,28.169001,137,1040613376,1,180000.000,127840.684,1059.640
201.022445,27.507707,28.093166,164,1040613376,1,180000.000,127837.616,1059.722
201.050322,27.877208,28.657583,142,1040613376,1,180000.000,127834.511,1059.805
201.079509,29.186416,27.966667,137,1040613376,1,180000.000,127831.280,1059.892
201.106098,26.589461,27.817083,151,1040613376,1,180000.000,127828.316,1059.971
201.134685,28.586373,28.225624,145,1040613376,1,180000.000,127825.145,1060.055
201.163567,28.881960,28.199333,138,1040613376,1,180000.000,127821.948,1060.141
201.191468,27.901582,28.211708,148,1040613376,1,180000.000,127818.829,1060.224
201.219816,28.347585,28.344999,140,1040613376,1,180000.000,127815.684,1060.308
201.248847,29.030666,28.169001,165,1040613376,1,180000.000,127812.467,1060.394
201.277954,29.107668,28.881750,148,1040613376,1,180000.000,127809.230,1060.480
201.308465,30.510832,28.243166,157,1040613376,1,180000.000,127805.822,1060.571
201.335491,27.025711,29.110750,157,1040613376,1,180000.000,127802.843,1060.651
201.362929,27.438417,28.269541,155,1040613376,1,180000.000,127799.789,1060.732
201.391701,28.771996,28.689501,145,1040613376,1,180000.000,127796.577,1060.818
201.419944,28.242920,28.446917,150,1040613376,1,180000.000,127793.443,1060.902
201.448534,28.590206,28.564959,134,1040613376,1,180000.000,127790.260,1060.987
201.476687,28.152667,27.884958,163,1040613376,1,180000.000,127787.138,1061.070
201.505588,28.901335,28.809000,134,1040613376,1,180000.000,127783.918,1061.156
201.533536,27.947374,27.907249,135,1040613376,1,180000.000,127780.836,1061.238
201.561931,28.395042,27.985167,134,1040613376,1,180000.000,127777.685,1061.322
201.589713,27.781833,28.014458,133,1040613376,1,180000.000,127774.579,1061.405
201.617638,27.925126,28.041124,135,1040613376,1,180000.000,127771.478,1061.488
201.645595,27.956832,28.022459,138,1040613376,1,180000.000,127768.381,1061.571
201.674865,29.270750,28.302584,129,1040613376,1,180000.000,127765.118,1061.658
201.703889,29.023625,28.413124,158,1040613376,1,180000.000,127761.912,1061.743
201.731181,27.292043,28.393375,127,1040613376,1,180000.000,127758.877,1061.824
201.760261,29.080417,28.112541,134,1040613376,1,180000.000,127755.631,1061.911
201.788344,28.082166,27.939291,154,1040613376,1,180000.000,127752.519,1061.994
201.815125,26.781708,28.328459,145,1040613376,1,180000.000,127749.528,1062.074
201.847383,32.257333,29.314251,153,1040613376,1,180000.000,127745.958,1062.169
201.873117,25.734209,28.492958,152,1040613376,1,180000.000,127743.086,1062.246
201.902377,29.260624,28.307501,140,1040613376,1,180000.000,127739.840,1062.333
201.929732,27.354959,27.904249,151,1040613376,1,180000.000,127736.791,1062.414
201.958583,28.850708,28.294416,142,1040613376,1,180000.000,127733.593,1062.499
201.987024,28.441250,28.421709,147,1040613376,1,180000.000,127730.439,1062.584
202.016276,29.252000,28.167292,162,1040613376,1,180000.000,127727.189,1062.670
202.043390,27.113292,28.344500,135,1040613376,1,180000.000,127724.171,1062.751
202.071993,28.603125,28.045208,124,1040613376,1,180000.000,127720.999,1062.836
202.098779,26.785959,27.632626,128,1040613376,1,180000.000,127718.014,1062.915
202.127202,28.423831,28.081751,142,1040613376,1,180000.000,127714.867,1062.999
202.156776,29.573042,28.493000,125,1040629760,1,180000.000,127711.578,1063.087
202.184421,27.645376,27.984291,130,1040629760,1,180000.000,127708.515,1063.169
202.213160,28.739210,28.225250,131,1040629760,1,180000.000,127705.326,1063.254
202.242404,29.243667,28.183750,144,1040629760,1,180000.000,127702.062,1063.341
202.269121,26.716750,28.281958,165,1040629760,1,180000.000,127699.089,1063.421
202.297762,28.641541,28.493292,149,1040629760,1,180000.000,127695.914,1063.505
202.325334,27.572289,28.285084,140,1040629760,1,180000.000,127692.843,1063.587
202.354790,29.456001,28.133459,131,1040629760,1,180000.000,127689.583,1063.674
202.383793,29.003002,27.902708,152,1040629760,1,180000.000,127686.375,1063.760
202.411274,27.480666,28.388374,145,1040629760,1,180000.000,127683.315,1063.842
202.440478,29.203750,28.036709,141,1040629760,1,180000.000,127680.055,1063.929
202.468511,28.033040,28.210459,159,1040629760,1,180000.000,127676.937,1064.012
202.496668,28.156959,29.311291,127,1040629760,1,180000.000,127673.807,1064.095
202.524398,27.730003,28.191708,153,1040629760,1,180000.000,127670.727,1064.178
202.555008,30.610330,29.188457,129,1040629760,1,180000.000,127667.325,1064.268
202.582559,27.550627,28.128876,135,1040629760,1,180000.000,127664.274,1064.350
202.611038,28.479498,28.327959,135,1040629760,1,180000.000,127661.117,1064.434
202.639514,28.475627,28.106709,164,1040629760,1,180000.000,127657.953,1064.519
202.668530,29.016167,29.102791,170,1040646144,1,180000.000,127654.713,1064.605
202.696013,27.482666,28.626667,131,1040646144,1,180000.000,127651.657,1064.687
202.725118,29.105168,27.902916,149,1040646144,1,180000.000,127648.438,1064.773
202.753396,28.277833,28.574667,158,1040646144,1,180000.000,127645.297,1064.857
202.781476,28.079998,28.252209,158,1040646144,1,180000.000,127642.173,1064.940
202.810653,29.176876,28.713791,142,1040646144,1,180000.000,127638.940,1065.026
202.839818,29.165335,28.022833,147,1040646144,1,180000.000,127635.687,1065.113
202.867230,27.412374,28.496542,160,1040646144,1,180000.000,127632.643,1065.194
202.895459,28.229207,28.858376,166,1040662528,1,180000.000,127629.500,1065.278
202.930028,34.568295,33.019791,167,1040662528,1,180000.000,127625.670,1065.381
202.961100,31.071916,29.616125,163,1040678912,1,180000.000,127622.222,1065.473
202.987323,26.223082,28.834291,162,1040678912,1,180000.000,127619.299,1065.551
203.016096,28.773665,28.649750,141,1040678912,1,180000.000,127616.092,1065.636
203.044608,28.511625,27.859709,153,1040678912,1,180000.000,127612.923,1065.721
203.072632,28.024085,28.380291,132,1040678912,1,180000.000,127609.808,1065.804
203.100464,27.831335,27.957375,158,1040678912,1,180000.000,127606.728,1065.886
203.128724,28.260209,28.179083,130,1040678912,1,180000.000,127603.595,1065.970
203.157054,28.330125,27.900000,144,1040678912,1,180000.000,127600.428,1066.054
203.184831,27.776748,27.861166,132,1040678912,1,180000.000,127597.361,1066.136
203.213154,28.323665,27.798500,149,1040678912,1,180000.000,127594.211,1066.220
203.239921,26.766710,27.846333,132,1040678912,1,180000.000,127591.222,1066.300
203.267629,27.708001,27.809708,130,1040678912,1,180000.000,127588.148,1066.382
203.295566,27.936749,27.863792,147,1040678912,1,180000.000,127585.042,1066.465
203.323904,28.337792,27.964750,136,1040678912,1,180000.000,127581.892,1066.549
203.352705,28.801873,27.938168,131,1040678912,1,180000.000,127578.706,1066.634
203.381370,28.664835,27.887875,153,1040678912,1,180000.000,127575.528,1066.719
203.408555,27.184624,27.881208,138,1040678912,1,180000.000,127572.486,1066.800
203.436157,27.601957,27.808374,143,1040678912,1,180000.000,127569.436,1066.882
203.464723,28.566044,27.659624,145,1040678912,1,180000.000,127566.266,1066.966
203.492016,27.293626,28.210459,146,1040678912,1,180000.000,127563.214,1067.048
203.520515,28.498165,28.286709,139,1040678912,1,180000.000,127560.049,1067.132
203.548378,27.863834,28.120417,142,1040678912,1,180000.000,127556.951,1067.215
203.576929,28.550249,27.878292,126,1040678912,1,180000.000,127553.790,1067.299
203.603789,26.860166,27.667126,140,1040678912,1,180000.000,127550.792,1067.379
203.632131,28.342042,27.853708,134,1040678912,1,180000.000,127547.653,1067.463
203.660274,28.142918,27.644793,125,1040678912,1,180000.000,127544.533,1067.547
203.687362,27.088415,27.516375,128,1040678912,1,180000.000,127541.509,1067.627
203.714422,27.059626,27.614708,136,1040678912,1,180000.000,127538.503,1067.708
203.743225,28.802875,28.268333,133,1040678912,1,180000.000,127535.295,1067.793
203.771391,28.166417,28.039709,129,1040678912,1,180000.000,127532.168,1067.877
203.799401,28.009374,27.820791,136,1040678912,1,180000.000,127529.058,1067.960
203.827554,28.153460,27.919458,134,1040678912,1,180000.000,127525.928,1068.043
203.854690,27.135499,27.607166,154,1040678912,1,180000.000,127522.915,1068.124
203.882653,27.963500,27.898874,125,1040678912,1,180000.000,127519.814,1068.206
203.911361,28.707583,27.646833,133,1040678912,1,180000.000,127516.631,1068.291
203.939684,28.323375,27.587418,154,1040678912,1,180000.000,127513.492,1068.375
203.967320,27.636293,28.444458,157,1040678912,1,180000.000,127510.413,1068.457
203.995461,28.141208,28.344042,135,1040695296,1,180000.000,127507.291,1068.541
204.024886,29.424082,27.793375,138,1040695296,1,180000.000,127504.020,1068.628
204.051423,26.537832,27.957750,145,1040695296,1,180000.000,127501.056,1068.707
204.079054,27.630378,27.819208,146,1040695296,1,180000.000,127497.982,1068.789
204.107200,28.146457,27.908041,132,1040695296,1,180000.000,127494.864,1068.872
204.135730,28.529584,27.739458,127,1040695296,1,180000.000,127491.693,1068.957
204.162752,27.022209,27.638916,160,1040695296,1,180000.000,127488.685,1069.037
204.191955,29.202789,28.279125,154,1040695296,1,180000.000,127485.451,1069.124
204.218535,26.580043,28.221708,123,1040695296,1,180000.000,127482.488,1069.203
204.247032,28.497290,27.638083,123,1040695296,1,180000.000,127479.334,1069.287
204.276078,29.045917,27.833876,131,1040695296,1,180000.000,127476.104,1069.373
204.303828,27.749792,28.296959,137,1040695296,1,180000.000,127473.030,1069.455
204.330637,26.809584,27.659082,132,1040695296,1,180000.000,127470.031,1069.535
204.358891,28.253958,27.778500,135,1040695296,1,180000.000,127466.887,1069.619
204.387706,28.814502,28.544209,130,1040695296,1,180000.000,127463.696,1069.705
204.415733,28.026666,27.664083,148,1040695296,1,180000.000,127460.574,1069.788
204.443495,27.762789,27.749166,143,1040695296,1,180000.000,127457.491,1069.870
204.472208,28.712336,28.434584,147,1040695296,1,180000.000,127454.299,1069.955
204.499525,27.317207,28.028791,138,1040695296,1,180000.000,127451.280,1070.036
204.528161,28.635666,27.846458,125,1040695296,1,180000.000,127448.092,1070.121
204.557041,28.880958,27.532667,160,1040695296,1,180000.000,127444.872,1070.207
204.584458,27.416710,28.407917,138,1040695296,1,180000.000,127441.848,1070.288
204.612975,28.517250,27.841375,135,1040695296,1,180000.000,127438.676,1070.373
204.640701,27.725168,28.349833,143,1040695296,1,180000.000,127435.594,1070.455
204.669225,28.524041,28.981958,123,1040695296,1,180000.000,127432.425,1070.539
204.696357,27.132206,27.593042,142,1040695296,1,180000.000,127429.397,1070.620
204.726197,29.839795,28.211916,125,1040695296,1,180000.000,127426.083,1070.709
204.752917,26.720788,27.472416,143,1040695296,1,180000.000,127423.123,1070.788
204.781198,28.280750,28.069916,129,1040695296,1,180000.000,127419.990,1070.871
204.809916,28.717544,28.294542,156,1040695296,1,180000.000,127416.797,1070.957
204.837417,27.501374,28.609417,157,1040695296,1,180000.000,127413.736,1071.038
204.866125,28.707877,28.115126,132,1040695296,1,180000.000,127410.551,1071.123
204.894082,27.957000,27.968958,150,1040695296,1,180000.000,127407.446,1071.206
204.924013,29.930625,28.422583,137,1040695296,1,180000.000,127404.109,1071.295
204.951779,27.765915,28.028250,153,1040695296,1,180000.000,127401.034,1071.377
204.978428,26.649833,28.278917,132,1040695296,1,180000.000,127398.055,1071.457
205.007852,29.424001,27.804209,141,1040695296,1,180000.000,127394.797,1071.544
205.034443,26.590459,27.778667,157,1040695296,1,180000.000,127391.828,1071.623
205.065281,30.837707,31.521584,163,1040695296,1,180000.000,127388.397,1071.715
205.096087,30.806582,30.039959,141,1040695296,1,180000.000,127384.971,1071.806
205.126119,30.031584,29.587542,163,1040695296,1,180000.000,127381.642,1071.895
205.156008,29.889043,30.134708,156,1040695296,1,180000.000,127378.334,1071.983
205.184920,28.912082,29.013874,134,1040695296,1,180000.000,127375.127,1072.069
205.213214,28.294418,28.108875,151,1040695296,1,180000.000,127371.981,1072.153
205.242072,28.857581,28.496626,129,1040695296,1,180000.000,127368.759,1072.239
205.270751,28.678875,28.004250,147,1040695296,1,180000.000,127365.594,1072.324
205.298347,27.595960,28.083208,134,1040695296,1,180000.000,127362.511,1072.406
205.326155,27.808581,27.836708,139,1040695296,1,180000.000,127359.435,1072.488
205.353684,27.528420,27.996958,132,1040695296,1,180000.000,127356.361,1072.570
205.381845,28.161082,27.791416,154,1040695296,1,180000.000,127353.234,1072.653
205.410065,28.220415,28.104542,133,1040695296,1,180000.000,127350.095,1072.737
205.437864,27.799293,28.372875,150,1040711680,1,180000.000,127347.006,1072.820
205.467451,29.586084,29.205791,129,1040711680,1,180000.000,127343.718,1072.907
205.496576,29.124957,27.998709,132,1040711680,1,180000.000,127340.498,1072.993
205.526079,29.503208,28.190792,164,1040711680,1,180000.000,127337.220,1073.081
205.552701,26.622042,28.449417,144,1040711680,1,180000.000,127334.249,1073.160
205.582021,29.320084,28.607916,135,1040711680,1,180000.000,127330.997,1073.247
205.609561,27.539998,27.742792,156,1040711680,1,180000.000,127327.931,1073.329
205.636904,27.343627,28.578959,142,1040711680,1,180000.000,127324.889,1073.410
205.665077,28.172083,28.028625,144,1040711680,1,180000.000,127321.763,1073.494
205.693209,28.132666,28.082916,133,1040711680,1,180000.000,127318.633,1073.577
205.722476,29.266544,27.624834,139,1040711680,1,180000.000,127315.386,1073.664
205.749607,27.130872,28.068624,131,1040711680,1,180000.000,127312.377,1073.744
205.777515,27.908128,27.997791,132,1040711680,1,180000.000,127309.266,1073.827
205.805858,28.342750,27.910667,136,1040711680,1,180000.000,127306.118,1073.911
205.833717,27.859125,27.850542,136,1040711680,1,180000.000,127303.028,1073.994
205.861785,28.068747,27.952457,145,1040728064,1,180000.000,127299.915,1074.077
205.890694,28.908543,28.255501,134,1040728064,1,180000.000,127296.690,1074.163
205.917762,27.067959,28.224543,145,1040728064,1,180000.000,127293.683,1074.243
205.946335,28.572831,28.008959,124,1040728064,1,180000.000,127290.524,1074.328
205.975203,28.867960,27.790792,132,1040728064,1,180000.000,127287.312,1074.413
206.002289,27.086455,27.912167,126,1040728064,1,180000.000,127284.297,1074.494
206.030972,28.683335,27.637501,155,1040728064,1,180000.000,127281.113,1074.579
206.058378,27.405709,28.496500,124,1040728064,1,180000.000,127278.071,1074.660
206.086674,28.296001,27.863874,121,1040728064,1,180000.000,127274.915,1074.744
206.114069,27.395248,27.344542,146,1040728064,1,180000.000,127271.887,1074.825
206.142387,28.317835,28.231167,132,1040728064,1,180000.000,127268.728,1074.909
206.170128,27.741000,27.828833,158,1040728064,1,180000.000,127265.642,1074.992
206.198113,27.984291,28.633333,136,1040728064,1,180000.000,127262.539,1075.075
206.227557,29.444955,27.741751,135,1040728064,1,180000.000,127259.277,1075.162
206.255516,27.958587,27.862667,154,1040728064,1,180000.000,127256.174,1075.245
206.282624,27.108207,28.173124,133,1040760832,1,180000.000,127253.141,1075.326
206.311286,28.661333,28.134333,131,1040760832,1,180000.000,127249.974,1075.410
206.338217,26.931584,27.903500,133,1040760832,1,180000.000,127246.967,1075.490
206.366751,28.533623,27.983418,168,1040760832,1,180000.000,127243.799,1075.575
206.395524,28.773583,28.097666,142,1040760832,1,180000.000,127240.599,1075.660
206.424215,28.690293,28.562750,127,1040760832,1,180000.000,127237.417,1075.745
206.451941,27.726751,27.927126,123,1040760832,1,180000.000,127234.337,1075.828
206.478799,26.857499,27.722458,127,1040760832,1,180000.000,127231.345,1075.907
206.508033,29.233623,27.941500,132,1040760832,1,180000.000,127228.101,1075.994
206.534946,26.913878,27.858250,134,1040760832,1,180000.000,127225.116,1076.074
206.564330,29.383667,28.344208,130,1040760832,1,180000.000,127221.853,1076.161
206.592642,28.311875,27.950583,125,1040760832,1,180000.000,127218.716,1076.245
206.620802,28.160289,27.845125,144,1040760832,1,180000.000,127215.589,1076.328
206.647425,26.622459,27.932167,140,1040760832,1,180000.000,127212.607,1076.408
206.676448,29.023252,28.056999,146,1040760832,1,180000.000,127209.391,1076.493
206.703986,27.538080,28.179583,127,1040760832,1,180000.000,127206.330,1076.575
206.733566,29.580336,28.206709,128,1040760832,1,180000.000,127203.060,1076.663
206.762400,28.833706,28.330791,153,1040760832,1,180000.000,127199.859,1076.748
206.789442,27.042333,28.294958,126,1040760832,1,180000.000,127196.829,1076.829
206.816324,26.881669,27.541584,134,1040760832,1,180000.000,127193.857,1076.908
206.845467,29.142499,28.069666,139,1040760832,1,180000.000,127190.625,1076.994
206.875263,29.796794,28.554832,121,1040760832,1,180000.000,127187.310,1077.083
206.901131,25.867581,27.783958,142,1040760832,1,180000.000,127184.434,1077.160
206.930324,29.192626,28.170792,129,1040760832,1,180000.000,127181.199,1077.246
206.958115,27.791582,27.800875,133,1040760832,1,180000.000,127178.114,1077.328
206.985428,27.313083,28.426125,134,1040760832,1,180000.000,127175.058,1077.410
207.013661,28.232541,27.949791,142,1040760832,1,180000.000,127171.923,1077.494
207.042803,29.142126,28.625042,149,1040760832,1,180000.000,127168.683,1077.580
207.071262,28.458707,28.411417,127,1040760832,1,180000.000,127165.534,1077.664
207.099884,28.622210,27.820541,148,1040760832,1,180000.000,127162.359,1077.749
207.127843,27.959291,28.808458,140,1040760832,1,180000.000,127159.247,1077.832
207.156591,28.747585,27.961708,144,1040760832,1,180000.000,127156.057,1077.917
207.183843,27.252249,28.253208,135,1040760832,1,180000.000,127153.021,1077.998
207.212046,28.202791,28.128584,142,1040760832,1,180000.000,127149.872,1078.082
207.242132,30.086625,29.527584,149,1040760832,1,180000.000,127146.524,1078.172
207.271391,29.258415,29.365126,164,1040760832,1,180000.000,127143.288,1078.258
207.301639,30.247919,29.831541,138,1040760832,1,180000.000,127139.927,1078.348
207.329682,28.043166,28.353292,160,1040760832,1,180000.000,127136.807,1078.431
207.360131,30.449167,30.250126,160,1040760832,1,180000.000,127133.431,1078.521
207.389023,28.892208,28.781626,134,1040760832,1,180000.000,127130.210,1078.607
207.416833,27.810000,27.914333,150,1040760832,1,180000.000,127127.132,1078.689
207.445613,28.779291,28.613041,134,1040760832,1,180000.000,127123.929,1078.775
207.475807,30.193958,27.986126,144,1040760832,1,180000.000,127120.578,1078.864
207.502286,26.479669,28.250500,138,1040760832,1,180000.000,127117.621,1078.943
207.529650,27.363624,28.042250,127,1040760832,1,180000.000,127114.599,1079.024
207.558961,29.311206,28.051916,130,1040760832,1,180000.000,127111.341,1079.111
207.587605,28.644253,27.986876,160,1040760832,1,180000.000,127108.143,1079.196
207.614789,27.183622,28.003374,142,1040760832,1,180000.000,127105.139,1079.277
207.643453,28.664086,29.261749,137,1040760832,1,180000.000,127101.948,1079.362
207.671533,28.080206,28.151167,130,1040760832,1,180000.000,127098.822,1079.445
207.699606,28.072584,27.872292,135,1040760832,1,180000.000,127095.705,1079.528
207.727662,28.055750,27.878584,165,1040760832,1,180000.000,127092.592,1079.612
207.756363,28.701250,28.197083,150,1040760832,1,180000.000,127089.400,1079.697
207.783557,27.193960,27.936708,129,1040760832,1,180000.000,127086.381,1079.777
207.813324,29.767249,27.686209,163,1040760832,1,180000.000,127083.073,1079.866
207.840424,27.099960,28.136126,149,1040760832,1,180000.000,127080.070,1079.946
207.867710,27.286291,28.246876,135,1040760832,1,180000.000,127077.019,1080.027
207.896187,28.476667,27.835709,141,1040760832,1,180000.000,127073.862,1080.112
207.924911,28.723791,28.797291,132,1040760832,1,180000.000,127070.668,1080.197
207.952753,27.842000,28.170750,132,1040760832,1,180000.000,127067.580,1080.279
207.982361,29.608291,27.942667,146,1040760832,1,180000.000,127064.298,1080.367
208.009735,27.374376,28.227875,124,1040777216,1,180000.000,127061.244,1080.448
208.039661,29.925376,28.044167,151,1040777216,1,180000.000,127057.941,1080.537
208.065896,26.235208,28.367125,137,1040777216,1,180000.000,127055.020,1080.615
208.094319,28.422959,28.101749,125,1040777216,1,180000.000,127051.863,1080.699
208.123691,29.372208,27.962208,143,1040777216,1,180000.000,127048.585,1080.786
208.151449,27.758040,28.368292,127,1040777216,1,180000.000,127045.517,1080.868
208.178159,26.710168,27.878666,130,1040777216,1,180000.000,127042.526,1080.948
208.207283,29.123332,28.130333,132,1040777216,1,180000.000,127039.297,1081.034
208.234367,27.084041,27.822208,150,1040777216,1,180000.000,127036.295,1081.114
208.263092,28.725710,28.272209,122,1040777216,1,180000.000,127033.112,1081.199
208.290935,27.842917,27.782249,130,1040777216,1,180000.000,127029.998,1081.283
208.319365,28.430127,27.953209,142,1040777216,1,180000.000,127026.847,1081.367
208.346716,27.350165,28.126375,132,1040777216,1,180000.000,127023.809,1081.448
208.374799,28.083459,28.133375,154,1040777216,1,180000.000,127020.676,1081.531
208.403005,28.206166,29.011499,142,1040777216,1,180000.000,127017.546,1081.615
208.431698,28.692584,28.460833,133,1040777216,1,180000.000,127014.354,1081.700
208.459754,28.056540,27.924500,142,1040777216,1,180000.000,127011.241,1081.783
208.487723,27.968667,27.923792,129,1040777216,1,180000.000,127008.134,1081.866
208.515405,27.682416,27.812958,133,1040777216,1,180000.000,127005.054,1081.948
208.544082,28.676961,27.851292,134,1040777216,1,180000.000,127001.876,1082.033
208.573994,29.911250,29.502916,154,1040777216,1,180000.000,126998.549,1082.122
208.601554,27.560249,28.139084,133,1040777216,1,180000.000,126995.487,1082.204
208.629150,27.596083,27.872417,121,1040777216,1,180000.000,126992.414,1082.286
208.657177,28.026961,28.067709,123,1040777216,1,180000.000,126989.297,1082.369
208.685752,28.575458,27.711542,127,1040793600,1,180000.000,126986.129,1082.454
208.713116,27.363248,27.824209,142,1040793600,1,180000.000,126983.085,1082.535
208.741943,28.827459,28.552917,120,1040793600,1,180000.000,126979.891,1082.620
208.770430,28.486460,27.985332,134,1040793600,1,180000.000,126976.720,1082.705
208.798299,27.869664,27.943083,116,1040793600,1,180000.000,126973.628,1082.787
208.827129,28.829336,27.993208,145,1040793600,1,180000.000,126970.429,1082.873
208.855845,28.716289,29.223459,131,1040809984,1,180000.000,126967.234,1082.958
208.883859,28.014377,27.992125,138,1040809984,1,180000.000,126964.122,1083.041
208.911911,28.051790,28.185833,129,1040809984,1,180000.000,126961.001,1083.124
208.941429,29.517878,28.137875,135,1040809984,1,180000.000,126957.733,1083.212
208.968232,26.803292,27.971001,144,1040809984,1,180000.000,126954.746,1083.291
208.997242,29.009789,28.087042,138,1040809984,1,180000.000,126951.522,1083.378
209.024742,27.499918,28.207500,132,1042776064,1,180000.000,126948.466,1083.459
209.055580,30.838124,29.771999,134,1044807680,1,180000.000,126945.044,1083.550
209.082920,27.339708,27.930458,131,1044807680,1,180000.000,126942.003,1083.632
209.110907,27.987167,28.347542,150,1044807680,1,180000.000,126938.886,1083.715
209.139861,28.954376,28.545750,132,1044807680,1,180000.000,126935.678,1083.801
209.168187,28.325498,28.385834,139,1044807680,1,180000.000,126932.523,1083.885
209.197175,28.988626,28.576792,144,1044807680,1,180000.000,126929.307,1083.971
209.226213,29.037334,28.748125,147,1044807680,1,180000.000,126926.089,1084.057
209.254453,28.239831,28.519501,127,1044889600,1,180000.000,126922.949,1084.140
209.282944,28.491084,28.064125,144,1044889600,1,180000.000,126919.783,1084.225
209.311215,28.271545,28.096458,141,1044889600,1,180000.000,126916.638,1084.309
209.341796,30.580666,28.153749,137,1044889600,1,180000.000,126913.236,1084.400
209.367393,25.597375,28.649166,153,1044889600,1,180000.000,126910.394,1084.475
209.399090,31.696416,31.075125,132,1044889600,1,180000.000,126906.883,1084.569
209.428424,29.334374,28.328375,148,1044889600,1,180000.000,126903.626,1084.656
209.462100,33.675585,28.371416,163,1044889600,1,180000.000,126899.877,1084.756
209.485689,23.589458,29.991751,127,1044889600,1,180000.000,126897.259,1084.826
209.513228,27.539250,28.647875,166,1044889600,1,180000.000,126894.186,1084.908
209.544726,31.497166,30.822001,163,1044889600,1,180000.000,126890.688,1085.002
209.574216,29.490083,28.806417,137,1044889600,1,180000.000,126887.420,1085.089
209.601847,27.631335,28.369749,133,1044889600,1,180000.000,126884.341,1085.171
209.630488,28.641541,28.434917,138,1044889600,1,180000.000,126881.155,1085.256
209.659503,29.014874,28.315374,149,1044889600,1,180000.000,126877.938,1085.342
209.687210,27.706750,28.527250,133,1044889600,1,180000.000,126874.856,1085.424
209.715453,28.243043,27.850166,120,1044889600,1,180000.000,126871.717,1085.508
209.744082,28.628793,28.002542,128,1044889600,1,180000.000,126868.547,1085.593
209.772567,28.485209,27.908375,150,1044889600,1,180000.000,126865.373,1085.677
209.800896,28.329164,28.668125,145,1044889600,1,180000.000,126862.226,1085.761
209.830343,29.446252,29.810209,130,1044889600,1,180000.000,126858.957,1085.849
209.858404,28.061666,27.996542,127,1044889600,1,180000.000,126855.835,1085.932
209.887294,28.889500,27.805542,121,1044889600,1,180000.000,126852.638,1086.017
209.915059,27.765334,27.978708,129,1044905984,1,180000.000,126849.541,1086.100
209.943057,27.998209,27.963249,152,1044905984,1,180000.000,126846.424,1086.183
209.971358,28.301042,28.448376,146,1044905984,1,180000.000,126843.281,1086.267
210.000244,28.885625,28.338667,126,1044905984,1,180000.000,126840.082,1086.353
210.028895,28.650999,27.896667,164,1044905984,1,180000.000,126836.900,1086.438
210.055612,26.717544,28.467417,157,1042907136,1,180000.000,126833.924,1086.517
210.084237,28.624915,27.951166,125,1042907136,1,180000.000,126830.741,1086.602
210.112153,27.915750,27.829750,134,1042907136,1,180000.000,126827.642,1086.685
210.140700,28.546378,28.279917,133,1042907136,1,180000.000,126824.465,1086.769
210.169439,28.739374,28.154583,151,1042907136,1,180000.000,126821.279,1086.855
210.197136,27.696960,27.968458,125,1042907136,1,180000.000,126818.211,1086.936
210.226336,29.200207,28.036375,125,1042907136,1,180000.000,126814.978,1087.023
210.253579,27.242873,28.018583,153,1042907136,1,180000.000,126811.945,1087.104
210.281814,28.235417,28.704750,120,1042907136,1,180000.000,126808.808,1087.187
210.310025,28.210208,28.072624,125,1042907136,1,180000.000,126805.675,1087.271
210.337858,27.833335,28.114750,134,1042907136,1,180000.000,126802.574,1087.354
210.366805,28.947040,28.412624,126,1042907136,1,180000.000,126799.351,1087.440
210.395452,28.646708,28.101625,141,1042907136,1,180000.000,126796.169,1087.525
210.423134,27.682584,28.176584,123,1042923520,1,180000.000,126793.090,1087.607
210.451769,28.634876,28.894501,144,1042923520,1,180000.000,126789.916,1087.692
210.480128,28.359208,28.084709,125,1042923520,1,180000.000,126786.772,1087.776
210.508461,28.332874,28.072250,122,1042923520,1,180000.000,126783.617,1087.860
210.535795,27.333919,28.178833,143,1042939904,1,180000.000,126780.571,1087.941
210.564082,28.286416,28.031584,129,1042939904,1,180000.000,126777.427,1088.025
210.593474,29.392250,28.481125,157,1042939904,1,180000.000,126774.171,1088.112
210.621354,27.880665,28.485916,126,1042939904,1,180000.000,126771.067,1088.195
210.649471,28.117042,27.981501,135,1042939904,1,180000.000,126767.937,1088.279
210.678664,29.192168,28.089458,143,1042939904,1,180000.000,126764.714,1088.365
210.706353,27.689498,28.319626,125,1042939904,1,180000.000,126761.618,1088.447
210.734351,27.997460,28.077042,133,1042939904,1,180000.000,126758.505,1088.530
210.762864,28.513875,27.900833,133,1042939904,1,180000.000,126755.358,1088.614
210.792503,29.638626,28.245750,157,1042939904,1,180000.000,126752.073,1088.702
210.819086,26.582584,28.480749,128,1042939904,1,180000.000,126749.088,1088.782
210.848327,29.241830,28.295292,126,1042939904,1,180000.000,126745.862,1088.868
210.875622,27.294584,27.923916,134,1042939904,1,180000.000,126742.807,1088.949
210.904324,28.701920,28.497168,137,1042939904,1,180000.000,126739.625,1089.034
210.932101,27.776539,28.371458,130,1042939904,1,180000.000,126736.534,1089.117
210.961011,28.910793,28.214834,121,1042939904,1,180000.000,126733.322,1089.203
210.989345,28.333917,27.809999,132,1042939904,1,180000.000,126730.177,1089.287
211.017063,27.717289,28.036167,123,1042939904,1,180000.000,126727.103,1089.369
211.044462,27.399126,27.852041,137,1042939904,1,180000.000,126724.051,1089.450
211.073927,29.465210,28.596125,130,1043103744,1,180000.000,126720.795,1089.537
211.101740,27.812790,28.260916,131,1043103744,1,180000.000,126717.703,1089.620
211.129894,28.154332,27.975542,126,1043103744,1,180000.000,126714.572,1089.703
211.159471,29.576916,28.278999,138,1043103744,1,180000.000,126711.278,1089.791
211.186622,27.151462,28.188709,144,1043103744,1,180000.000,126708.260,1089.872
211.214703,28.080791,28.380709,120,1043103744,1,180000.000,126705.137,1089.955
211.245274,30.571040,30.067499,129,1043103744,1,180000.000,126701.746,1090.046
211.272626,27.351417,28.186501,121,1043103744,1,180000.000,126698.702,1090.127
211.301132,28.505918,27.699249,122,1043382272,1,180000.000,126695.533,1090.211
211.328696,27.564500,27.948042,158,1043382272,1,180000.000,126692.470,1090.293
211.357406,28.710376,28.614708,131,1043382272,1,180000.000,126689.280,1090.378
211.387598,30.191455,28.438749,151,1043431424,1,180000.000,126685.935,1090.468
211.414796,27.198419,28.543291,141,1043431424,1,180000.000,126682.909,1090.548
211.443679,28.882667,28.285833,140,1043431424,1,180000.000,126679.710,1090.634
211.472301,28.621748,28.376417,126,1043431424,1,180000.000,126676.513,1090.719
211.499599,27.298585,27.953583,141,1043431424,1,180000.000,126673.491,1090.800
211.527845,28.246164,28.343624,142,1043431424,1,180000.000,126670.354,1090.884
211.556822,28.976459,28.543959,138,1043431424,1,180000.000,126667.119,1090.970
211.590767,33.944793,31.379042,134,1043431424,1,180000.000,126663.363,1091.070
211.616726,25.959168,28.487375,136,1043431424,1,180000.000,126660.487,1091.147
211.644887,28.161541,27.982750,142,1043431424,1,180000.000,126657.332,1091.231
211.675129,30.241709,28.651667,144,1043431424,1,180000.000,126653.999,1091.320
211.704038,28.908875,29.425541,124,1043431424,1,180000.000,126650.770,1091.406
211.731293,27.254876,28.337084,153,1043431424,1,180000.000,126647.735,1091.487
211.761692,30.399039,30.374874,161,1043431424,1,180000.000,126644.360,1091.578
211.791571,29.878918,28.724625,142,1043431424,1,180000.000,126641.040,1091.666
211.819031,27.460501,28.877291,132,1043431424,1,180000.000,126637.982,1091.748
211.847331,28.299831,28.135542,131,1043431424,1,180000.000,126634.839,1091.832
211.876726,29.394835,28.414667,154,1043431424,1,180000.000,126631.584,1091.919
211.904904,28.177500,28.563084,118,1043431424,1,180000.000,126628.459,1092.002
211.933010,28.106458,27.829042,125,1043431424,1,180000.000,126625.344,1092.085
211.962049,29.039498,28.368792,141,1043447808,1,180000.000,126622.115,1092.171
211.989627,27.577836,28.375584,126,1043447808,1,180000.000,126619.036,1092.254
212.017290,27.662415,28.190042,143,1043447808,1,180000.000,126615.968,1092.336
212.047540,30.250043,29.577541,129,1043447808,1,180000.000,126612.611,1092.425
212.076018,28.478123,28.308584,125,1043447808,1,180000.000,126609.431,1092.510
212.104065,28.047502,28.236458,125,1043283968,1,180000.000,126606.335,1092.593
212.132144,28.078750,27.861416,137,1043283968,1,180000.000,126603.215,1092.676
212.161172,29.028334,28.405542,149,1043283968,1,180000.000,126599.973,1092.763
212.190228,29.055163,28.574833,137,1043283968,1,180000.000,126596.762,1092.848
212.218159,27.931709,28.487249,117,1043283968,1,180000.000,126593.660,1092.931
212.247377,29.217958,28.196041,153,1043283968,1,180000.000,126590.414,1093.018
212.274913,27.535252,28.577749,152,1043251200,1,180000.000,126587.337,1093.100
212.302906,27.993415,28.705875,125,1043251200,1,180000.000,126584.223,1093.183
212.331813,28.906584,28.217958,137,1043251200,1,180000.000,126581.029,1093.268
212.360378,28.565418,28.308167,136,1043251200,1,180000.000,126577.856,1093.353
212.389521,29.143039,28.685625,131,1043251200,1,180000.000,126574.601,1093.440
212.416993,27.471542,28.113251,125,1043251200,1,180000.000,126571.564,1093.521
212.445227,28.233960,27.997791,127,1043251200,1,180000.000,126568.431,1093.605
212.474102,28.875541,28.169916,140,1043251200,1,180000.000,126565.223,1093.690
212.502194,28.092373,28.810959,122,1043251200,1,180000.000,126562.100,1093.774
212.529681,27.486295,28.036333,123,1043251200,1,180000.000,126559.028,1093.856
212.558081,28.400581,28.162750,129,1043251200,1,180000.000,126555.871,1093.940
212.586107,28.025419,28.253292,132,1043251200,1,180000.000,126552.756,1094.023
212.615096,28.989624,28.237459,130,1043251200,1,180000.000,126549.539,1094.109
212.643492,28.395791,28.193333,128,1043251200,1,180000.000,126546.391,1094.193
212.672672,29.179417,28.098625,148,1043251200,1,180000.000,126543.150,1094.279
212.700623,27.951542,28.715792,120,1043251200,1,180000.000,126540.049,1094.362
212.728911,28.287418,27.912043,130,1043251200,1,180000.000,126536.911,1094.446
212.757081,28.170750,28.502251,144,1043251200,1,180000.000,126533.778,1094.530
212.785821,28.740123,28.568333,124,1043251200,1,180000.000,126530.568,1094.615
212.813451,27.629375,27.968124,161,1043251200,1,180000.000,126527.497,1094.697
212.841524,28.073542,28.558624,141,1043251200,1,180000.000,126524.380,1094.781
212.870873,29.348750,28.649666,134,1043251200,1,180000.000,126521.119,1094.868
212.899462,28.588708,28.122375,126,1043251200,1,180000.000,126517.940,1094.952
212.928077,28.614961,29.170918,132,1043251200,1,180000.000,126514.771,1095.037
212.955940,27.863707,28.011833,131,1043251200,1,180000.000,126511.665,1095.120
212.983979,28.039042,28.187542,147,1043251200,1,180000.000,126508.548,1095.203
213.013560,29.580124,28.768000,120,1043251200,1,180000.000,126505.269,1095.291
213.041188,27.628750,28.065542,133,1043251200,1,180000.000,126502.193,1095.373
213.069600,28.411958,28.220709,138,1043251200,1,180000.000,126499.037,1095.457
213.099096,29.495332,28.488417,126,1043251200,1,180000.000,126495.769,1095.544
213.126305,27.209084,28.039333,128,1043251200,1,180000.000,126492.735,1095.625
213.155366,29.060960,28.288708,120,1043267584,1,180000.000,126489.508,1095.711
213.183572,28.205834,28.059208,133,1043267584,1,180000.000,126486.378,1095.795
213.210998,27.426042,28.403418,128,1043267584,1,180000.000,126483.325,1095.877
213.241551,30.553456,28.179083,125,1043267584,1,180000.000,126479.950,1095.967
213.267910,26.358709,28.348000,143,1043267584,1,180000.000,126476.998,1096.045
213.296221,28.311290,28.211000,134,1043267584,1,180000.000,126473.851,1096.129
213.325082,28.860833,28.471292,123,1043267584,1,180000.000,126470.649,1096.215
213.353684,28.602500,28.228582,136,1043267584,1,180000.000,126467.477,1096.300
213.381353,27.668502,28.247208,130,1043267584,1,180000.000,126464.406,1096.382
213.410140,28.787374,28.438749,124,1043267584,1,180000.000,126461.210,1096.467
213.441318,31.177666,29.637041,129,1043267584,1,180000.000,126457.744,1096.559
213.468581,27.262751,28.390917,116,1043267584,1,180000.000,126454.724,1096.640
213.496400,27.819626,28.184792,120,1043267584,1,180000.000,126451.608,1096.723
213.526591,30.191164,28.576042,149,1043267584,1,180000.000,126448.274,1096.812
213.554987,28.395250,28.900833,147,1043283968,1,180000.000,126445.109,1096.897
213.582805,27.818415,28.652166,153,1043283968,1,180000.000,126442.018,1096.979
213.610836,28.030917,28.372791,150,1043283968,1,180000.000,126438.900,1097.063
213.639909,29.072627,28.604584,132,1043365888,1,180000.000,126435.666,1097.149
213.669894,29.985376,28.644291,127,1043365888,1,180000.000,126432.351,1097.237
213.696758,26.863541,27.944916,136,1043365888,1,180000.000,126429.353,1097.317
213.724943,28.185789,28.469584,147,1043365888,1,180000.000,126426.226,1097.401
213.757784,32.840461,31.164249,129,1043365888,1,180000.000,126422.599,1097.498
213.786806,29.021751,28.996208,142,1043365888,1,180000.000,126419.349,1097.584
213.815928,29.122580,28.968166,131,1043365888,1,180000.000,126416.130,1097.670
213.843009,27.080670,28.447208,150,1043365888,1,180000.000,126413.095,1097.751
213.872500,29.491164,29.111084,131,1043365888,1,180000.000,126409.824,1097.839
213.902020,29.520378,28.379541,124,1043365888,1,180000.000,126406.564,1097.926
213.929191,27.170457,28.313334,152,1043365888,1,180000.000,126403.542,1098.006
213.960101,30.909874,30.504417,157,1043365888,1,180000.000,126400.087,1098.099
213.989898,29.797211,28.572708,144,1043365888,1,180000.000,126396.801,1098.186
214.017705,27.807206,29.009125,121,1045528576,0,180000.000,126393.734,1098.268
214.059932,42.226460,28.105459,145,1059438592,0,180000.000,126390.569,1098.353
214.073883,13.951790,28.375708,145,1059438592,1,180000.000,126387.445,1098.436
214.101661,27.777459,28.491125,136,1059586048,1,180000.000,126384.362,1098.518
214.129576,27.914874,27.878666,149,1059307520,1,180000.000,126381.259,1098.601
214.158599,29.023711,28.726126,154,1059307520,1,180000.000,126378.038,1098.687
214.187327,28.727666,28.526541,159,1059307520,1,180000.000,126374.845,1098.773
214.216304,28.977249,28.691792,152,1059307520,1,180000.000,126371.628,1098.858
214.245707,29.402670,28.600500,171,1059307520,1,180000.000,126368.360,1098.946
214.275627,29.919874,30.697834,161,1059307520,1,180000.000,126365.035,1099.034
214.304514,28.887250,28.676001,153,1059307520,1,180000.000,126361.822,1099.120
214.333448,28.934084,28.226334,154,1059307520,1,180000.000,126358.619,1099.206
214.361862,28.414123,28.629667,163,1059323904,1,180000.000,126355.467,1099.290
214.392369,30.506503,28.863375,174,1059323904,1,180000.000,126352.084,1099.380
214.419939,27.570333,28.966249,158,1059323904,1,180000.000,126349.017,1099.462
214.449507,29.568333,28.676416,149,1059323904,1,180000.000,126345.719,1099.550
214.478926,29.418789,28.437042,183,1059323904,1,180000.000,126342.465,1099.637
214.506064,27.137458,28.901625,170,1059323904,1,180000.000,126339.426,1099.718
214.534796,28.732628,29.073042,161,1059323904,1,180000.000,126336.231,1099.803
214.564762,29.965624,28.721125,167,1059323904,1,180000.000,126332.924,1099.892
214.594043,29.281124,28.980291,154,1059323904,1,180000.000,126329.677,1099.978
214.621670,27.626749,28.502209,160,1059897344,1,180000.000,126326.589,1100.061
214.651160,29.489834,28.883209,161,1060945920,1,180000.000,126323.321,1100.148
214.679225,28.065667,28.694958,162,1060945920,1,180000.000,126320.206,1100.231
214.708710,29.484209,28.671207,164,1060962304,1,180000.000,126316.913,1100.319
214.737584,28.874375,29.451916,163,1060765696,1,180000.000,126313.707,1100.405
214.766893,29.308919,28.828709,147,1059913728,1,180000.000,126310.462,1100.491
214.795545,28.652206,28.687626,163,1059913728,1,180000.000,126307.258,1100.577
214.824705,29.159792,29.470375,166,1059913728,1,180000.000,126304.021,1100.663
214.853324,28.619293,28.803333,162,1059913728,1,180000.000,126300.843,1100.748
214.882467,29.142581,28.610916,156,1059913728,1,180000.000,126297.620,1100.834
214.911497,29.030710,28.691458,173,1059913728,1,180000.000,126294.378,1100.921
214.940049,28.551374,28.948334,154,1059913728,1,180000.000,126291.208,1101.005
214.969255,29.206626,29.024000,162,1059913728,1,180000.000,126287.966,1101.092
214.997171,27.915832,28.811625,166,1059913728,1,180000.000,126284.865,1101.175
215.026253,29.081419,28.934416,144,1059913728,1,180000.000,126281.630,1101.261
215.055208,28.955791,28.341459,152,1059897344,1,180000.000,126278.415,1101.347
215.085044,29.835373,28.629168,180,1059897344,1,180000.000,126275.106,1101.435
215.112250,27.206544,28.738543,168,1059897344,1,180000.000,126272.077,1101.516
215.142402,30.151583,29.063334,157,1059897344,1,180000.000,126268.727,1101.605
215.170113,27.710959,28.532000,160,1059897344,1,180000.000,126265.648,1101.688
215.199246,29.132959,28.563334,157,1059897344,1,180000.000,126262.409,1101.774
215.228257,29.010706,28.528042,154,1059897344,1,180000.000,126259.196,1101.860
215.257885,29.628333,28.910791,176,1059897344,1,180000.000,126255.891,1101.948
215.286226,28.341375,29.058916,146,1059897344,1,180000.000,126252.753,1102.032
215.315501,29.274251,28.294500,169,1059897344,1,180000.000,126249.506,1102.119
215.343549,28.048873,28.927708,152,1059897344,1,180000.000,126246.380,1102.202
215.372836,29.286128,28.886333,151,1059897344,1,180000.000,126243.119,1102.289
215.401399,28.563626,28.696583,155,1059897344,1,180000.000,126239.950,1102.374
215.430595,29.195499,28.694416,160,1059897344,1,180000.000,126236.716,1102.460
215.459834,29.239457,29.825666,143,1059897344,1,180000.000,126233.453,1102.547
215.489885,30.050792,28.679916,152,1060077568,1,180000.000,126230.141,1102.636
215.518809,28.924502,28.982750,157,1060143104,1,180000.000,126226.924,1102.721
215.546861,28.051373,28.668625,169,1060143104,1,180000.000,126223.793,1102.805
215.577058,30.196834,30.118542,155,1060143104,1,180000.000,126220.435,1102.895
215.606168,29.110748,28.768749,149,1060143104,1,180000.000,126217.203,1102.981
215.634435,28.267000,28.463959,157,1060143104,1,180000.000,126214.058,1103.065
215.664098,29.662710,29.586666,159,1060143104,1,180000.000,126210.763,1103.153
215.693641,29.542834,30.045834,146,1060159488,1,180000.000,126207.478,1103.241
215.721203,27.562458,28.165417,158,1060159488,1,180000.000,126204.411,1103.322
215.751113,29.909499,29.009209,139,1060159488,1,180000.000,126201.107,1103.411
215.780091,28.977919,28.469126,139,1060159488,1,180000.000,126197.891,1103.496
215.808339,28.247789,28.851250,161,1060159488,1,180000.000,126194.729,1103.581
215.838303,29.964253,29.051416,156,1060159488,1,180000.000,126191.407,1103.670
215.866911,28.608624,28.641251,161,1060159488,1,180000.000,126188.222,1103.755
215.896443,29.531498,28.686167,181,1060159488,1,180000.000,126184.960,1103.842
215.925322,28.878875,28.865499,173,1060159488,1,180000.000,126181.754,1103.927
215.953728,28.405711,29.123541,146,1060159488,1,180000.000,126178.595,1104.012
215.981916,28.188456,28.556833,158,1060159488,1,180000.000,126175.463,1104.095
216.011394,29.478375,29.248667,152,1060159488,1,180000.000,126172.178,1104.183
216.040359,28.964628,28.927500,169,1060159488,1,180000.000,126168.949,1104.269
216.073877,33.518206,32.722668,202,1060159488,1,180000.000,126165.233,1104.368
216.103333,29.455334,30.620125,154,1060159488,1,180000.000,126161.962,1104.456
216.131761,28.428167,28.329834,153,1060159488,1,180000.000,126158.801,1104.540
216.161268,29.507749,28.757999,173,1060159488,1,180000.000,126155.523,1104.628
216.189787,28.518043,28.738001,150,1060159488,1,180000.000,126152.349,1104.712
216.218543,28.756667,28.880625,152,1060159488,1,180000.000,126149.152,1104.798
216.247820,29.276956,28.483334,220,1060159488,1,180000.000,126145.908,1104.884
216.278409,30.589167,30.954834,182,1060159488,1,180000.000,126142.515,1104.975
216.308174,29.764753,29.483458,170,1060159488,1,180000.000,126139.195,1105.063
216.336644,28.469872,29.312584,161,1060159488,1,180000.000,126136.028,1105.148
216.366317,29.673044,28.809626,208,1060159488,1,180000.000,126132.738,1105.236
216.395013,28.695960,29.091999,145,1060159488,1,180000.000,126129.558,1105.321
216.423695,28.681666,28.592958,144,1060159488,1,180000.000,126126.360,1105.406
216.451920,28.225541,28.385792,153,1060159488,1,180000.000,126123.226,1105.490
216.481430,29.509708,28.610416,152,1060159488,1,180000.000,126119.945,1105.577
216.509925,28.495457,28.748583,151,1060159488,1,180000.000,126116.776,1105.662
216.537725,27.800042,28.670334,210,1060159488,1,180000.000,126113.701,1105.744
216.568895,31.169917,30.596958,153,1060159488,1,180000.000,126110.231,1105.837
216.597342,28.447166,28.541750,192,1060159488,1,180000.000,126107.060,1105.921
216.626951,29.608957,28.996166,140,1060159488,1,180000.000,126103.788,1106.009
216.656178,29.226918,28.481874,157,1060175872,1,180000.000,126100.524,1106.096
216.683997,27.818210,29.368584,166,1060175872,1,180000.000,126097.434,1106.178
216.713291,29.294457,28.827208,187,1060175872,1,180000.000,126094.176,1106.265
216.743357,30.065667,29.258875,143,1060175872,1,180000.000,126090.845,1106.354
216.771430,28.073084,28.607292,182,1060175872,1,180000.000,126087.723,1106.438
216.800128,28.698750,29.069458,161,1060175872,1,180000.000,126084.533,1106.523
216.829777,29.648915,28.948542,154,1060175872,1,180000.000,126081.239,1106.611
216.858464,28.686333,28.660625,154,1060175872,1,180000.000,126078.050,1106.696
216.886875,28.410874,28.807209,193,1060257792,1,180000.000,126074.886,1106.780
216.917168,30.293625,29.501041,157,1060257792,1,180000.000,126071.527,1106.870
216.945173,28.004501,28.531708,160,1060257792,1,180000.000,126068.427,1106.953
216.974237,29.064167,28.849375,157,1060257792,1,180000.000,126065.185,1107.039
217.003220,28.983124,29.074751,190,1060257792,1,180000.000,126061.969,1107.125
217.032735,29.514626,28.799208,157,1060257792,1,180000.000,126058.688,1107.213
217.061109,28.374333,28.681084,141,1060257792,1,180000.000,126055.534,1107.297
217.090549,29.440168,28.605499,155,1060257792,1,180000.000,126052.276,1107.384
217.118474,27.925126,28.834291,172,1060257792,1,180000.000,126049.172,1107.467
217.147022,28.548039,28.473667,149,1060257792,1,180000.000,126045.989,1107.552
217.176248,29.226042,28.664791,192,1060257792,1,180000.000,126042.740,1107.638
217.205728,29.479750,29.060709,170,1060257792,1,180000.000,126039.468,1107.726
217.233537,27.808834,28.532167,188,1060257792,1,180000.000,126036.385,1107.808
217.263655,30.118208,28.945917,154,1060274176,1,180000.000,126033.039,1107.897
217.291280,27.624834,28.644333,168,1060274176,1,180000.000,126029.959,1107.980
217.320131,28.850831,29.377916,149,1060274176,1,180000.000,126026.752,1108.065
217.349524,29.393211,28.299583,191,1060274176,1,180000.000,126023.503,1108.152
217.378252,28.728247,28.883667,165,1060274176,1,180000.000,126020.304,1108.237
217.407095,28.842501,28.810333,173,1060274176,1,180000.000,126017.086,1108.323
217.436191,29.095750,29.116917,149,1060274176,1,180000.000,126013.877,1108.409
217.464905,28.714877,28.511999,155,1060274176,1,180000.000,126010.689,1108.494
217.493615,28.709374,28.607416,148,1060274176,1,180000.000,126007.497,1108.579
217.524515,30.900665,29.027124,197,1060274176,1,180000.000,126004.074,1108.671
217.551589,27.073584,29.042042,160,1060274176,1,180000.000,126001.042,1108.752
217.581054,29.464792,28.739292,144,1060274176,1,180000.000,125997.763,1108.839
217.609559,28.504707,28.846834,162,1060274176,1,180000.000,125994.593,1108.924
217.639223,29.664624,29.328209,185,1060274176,1,180000.000,125991.316,1109.011
217.668005,28.781544,28.923458,143,1060274176,1,180000.000,125988.100,1109.097
217.696398,28.393582,28.464874,146,1061601280,1,180000.000,125984.945,1109.181
217.726350,29.951915,28.626083,159,1061601280,1,180000.000,125981.643,1109.269
217.755038,28.687961,28.975916,138,1061617664,1,180000.000,125978.454,1109.355
217.783848,28.809708,28.538834,158,1061617664,1,180000.000,125975.252,1109.440
217.811862,28.013665,28.770708,193,1061617664,1,180000.000,125972.132,1109.523
217.842111,30.249666,29.983458,157,1061617664,1,180000.000,125968.769,1109.613
217.870400,28.289292,29.019541,182,1061617664,1,180000.000,125965.625,1109.697
217.899464,29.063582,28.571417,156,1061617664,1,180000.000,125962.392,1109.783
217.928335,28.870542,29.072584,157,1061634048,1,180000.000,125959.178,1109.869
217.959648,31.312961,30.500208,148,1061634048,1,180000.000,125955.712,1109.962
217.988900,29.252332,28.832834,191,1061634048,1,180000.000,125952.448,1110.049
218.016569,27.669251,28.717333,147,1061634048,1,180000.000,125949.387,1110.131
218.046216,29.647000,29.041334,151,1061634048,1,180000.000,125946.099,1110.218
218.074969,28.753165,28.528999,155,1061634048,1,180000.000,125942.886,1110.304
218.103515,28.545666,29.510124,164,1061634048,1,180000.000,125939.708,1110.389
218.132890,29.374875,28.533251,144,1061634048,1,180000.000,125936.464,1110.476
218.162375,29.484708,28.680834,210,1061634048,1,180000.000,125933.186,1110.563
218.191717,29.342167,29.032125,180,1061634048,1,180000.000,125929.917,1110.650
218.219741,28.024208,29.052084,165,1061634048,1,180000.000,125926.805,1110.733
218.248704,28.962709,28.937916,153,1061634048,1,180000.000,125923.585,1110.819
218.277310,28.606374,29.081917,201,1061634048,1,180000.000,125920.397,1110.904
218.307429,30.119378,29.075708,153,1061634048,1,180000.000,125917.067,1110.993
218.336324,28.894499,29.633667,178,1061634048,1,180000.000,125913.850,1111.079
218.367529,31.205501,31.002542,161,1061634048,1,180000.000,125910.375,1111.172
218.397008,29.479042,28.834959,141,1061650432,1,180000.000,125907.123,1111.259
218.424835,27.826123,28.417250,169,1061617664,1,180000.000,125904.006,1111.342
218.454024,29.189210,29.168249,202,1061617664,1,180000.000,125900.779,1111.428
218.483365,29.341705,29.425917,144,1061617664,1,180000.000,125897.524,1111.515
218.512209,28.843168,28.554750,194,1061617664,1,180000.000,125894.302,1111.601
218.542397,30.188002,29.097042,181,1061617664,1,180000.000,125890.942,1111.691
218.572647,30.249875,31.329708,220,1061617664,1,180000.000,125887.583,1111.780
218.602590,29.943541,30.106916,178,1061617664,1,180000.000,125884.259,1111.869
218.632143,29.553331,29.128374,199,1061617664,1,180000.000,125880.973,1111.957
218.661187,29.043168,29.157541,171,1061617664,1,180000.000,125877.752,1112.043
218.692123,30.936498,30.108292,186,1061617664,1,180000.000,125874.330,1112.134
218.720292,28.168917,28.688292,159,1061617664,1,180000.000,125871.194,1112.218
218.749845,29.553335,29.377167,150,1061617664,1,180000.000,125867.918,1112.305
218.779304,29.458333,28.602959,203,1061617664,1,180000.000,125864.644,1112.393
218.808425,29.120918,29.131834,160,1061617664,1,180000.000,125861.397,1112.480
218.835916,27.491707,29.015583,173,1061634048,1,180000.000,125858.338,1112.561
218.866618,30.701790,30.269375,151,1061634048,1,180000.000,125854.920,1112.652
218.895960,29.342085,28.550375,155,1061634048,1,180000.000,125851.677,1112.739
218.925293,29.332917,28.790209,151,1061634048,1,180000.000,125848.412,1112.826
218.953115,27.822126,28.620916,158,1061634048,1,180000.000,125845.329,1112.908
218.982994,29.878542,28.937334,217,1061634048,1,180000.000,125842.009,1112.997
219.011662,28.667830,29.188250,151,1061634048,1,180000.000,125838.825,1113.082
219.040741,29.079042,28.605375,148,1061634048,1,180000.000,125835.579,1113.169
219.068833,28.092377,28.867874,218,1061634048,1,180000.000,125832.464,1113.252
219.098177,29.344372,29.111584,141,1061634048,1,180000.000,125829.211,1113.339
219.127288,29.110834,28.845501,155,1061634048,1,180000.000,125825.973,1113.425
219.158443,31.155042,29.526167,171,1061634048,1,180000.000,125822.501,1113.518
219.186713,28.269999,29.720833,163,1061634048,1,180000.000,125819.354,1113.602
219.214970,28.257210,28.872791,148,1061634048,1,180000.000,125816.228,1113.685
219.244384,29.413499,28.813999,146,1061634048,1,180000.000,125812.968,1113.772
219.273818,29.433794,28.947042,139,1061634048,1,180000.000,125809.701,1113.860
219.302638,28.820582,29.139042,166,1061634048,1,180000.000,125806.475,1113.946
219.330854,28.216168,28.760000,166,1061634048,1,180000.000,125803.335,1114.030
219.360358,29.503789,28.988832,164,1061634048,1,180000.000,125800.071,1114.117
219.390689,30.331127,29.211166,151,1061634048,1,180000.000,125796.732,1114.206
219.418900,28.211083,29.467793,160,1061634048,1,180000.000,125793.575,1114.290
219.447802,28.901789,28.588125,157,1061634048,1,180000.000,125790.358,1114.376
219.476935,29.132418,28.794708,161,1061634048,1,180000.000,125787.107,1114.463
219.504732,27.797207,28.656042,173,1061634048,1,180000.000,125784.021,1114.545
219.534278,29.545791,29.202833,149,1061634048,1,180000.000,125780.749,1114.632
219.562849,28.571583,28.616167,193,1061634048,1,180000.000,125777.562,1114.718
219.591635,28.785750,28.936832,160,1061634048,1,180000.000,125774.366,1114.803
219.621072,29.437084,29.092209,194,1061634048,1,180000.000,125771.092,1114.890
219.651035,29.962584,28.771999,164,1061634048,1,180000.000,125767.766,1114.979
219.678685,27.650166,28.672375,165,1061634048,1,180000.000,125764.699,1115.061
219.709336,30.651376,29.014292,197,1061634048,1,180000.000,125761.309,1115.151
219.737807,28.470542,29.320375,152,1061634048,1,180000.000,125758.146,1115.236
219.766440,28.632790,28.653084,168,1061634048,1,180000.000,125754.950,1115.321
219.795800,29.360291,28.887459,207,1061634048,1,180000.000,125751.691,1115.408
219.825746,29.945876,29.865917,156,1061634048,1,180000.000,125748.356,1115.497
219.854174,28.427958,28.868416,197,1061634048,1,180000.000,125745.195,1115.582
219.883025,28.851125,29.026793,158,1061634048,1,180000.000,125742.001,1115.667
219.912762,29.736709,28.815083,193,1061634048,1,180000.000,125738.686,1115.755
219.942742,29.980458,28.822083,162,1061634048,1,180000.000,125735.361,1115.844
219.970699,27.957372,29.059126,184,1061634048,1,180000.000,125732.266,1115.927
220.000000,29.300295,28.766125,166,1061634048,1,180000.000,125729.015,1116.014
220.028627,28.627038,29.067751,147,1061634048,1,180000.000,125725.828,1116.099
220.057926,29.299378,28.804958,147,1061634048,1,180000.000,125722.578,1116.185
220.086273,28.347082,29.067417,149,1061634048,1,180000.000,125719.415,1116.270
220.115549,29.275458,28.466042,164,1061634048,1,180000.000,125716.172,1116.356
220.144171,28.622251,28.735458,143,1061634048,1,180000.000,125712.993,1116.441
220.171414,27.243290,28.506374,162,1061634048,1,180000.000,125709.942,1116.523
220.201668,30.254334,29.315332,181,1061634048,1,180000.000,125706.593,1116.612
220.230698,29.029872,28.782000,157,1061634048,1,180000.000,125703.361,1116.698
220.258524,27.825627,28.801916,204,1061634048,1,180000.000,125700.269,1116.781
220.288722,30.197792,29.163666,150,1061634048,1,180000.000,125696.922,1116.870
220.317145,28.423041,28.889833,156,1061634048,1,180000.000,125693.760,1116.955
220.348051,30.905750,30.303125,196,1061634048,1,180000.000,125690.316,1117.047
220.377064,29.012959,29.139542,147,1061634048,1,180000.000,125687.094,1117.133
220.407204,30.140083,28.980625,151,1061634048,1,180000.000,125683.755,1117.222
220.434993,27.789790,28.888584,154,1061634048,1,180000.000,125680.658,1117.305
220.464204,29.210582,29.804583,155,1061634048,1,180000.000,125677.415,1117.391
220.493685,29.480625,28.987417,152,1061634048,1,180000.000,125674.142,1117.478
220.523865,30.180667,28.545084,142,1061634048,1,180000.000,125670.803,1117.568
220.551105,27.239583,28.639458,158,1061634048,1,180000.000,125667.771,1117.649
220.581951,30.845877,29.113832,181,1061634048,1,180000.000,125664.354,1117.740
220.610705,28.753791,29.077917,160,1061634048,1,180000.000,125661.160,1117.825
220.639316,28.611790,29.320292,154,1061715968,1,180000.000,125657.969,1117.910
220.667301,27.985003,28.712292,165,1061715968,1,180000.000,125654.855,1117.993
220.697155,29.854082,29.375126,147,1061715968,1,180000.000,125651.548,1118.082
220.726115,28.959543,28.906666,179,1061715968,1,180000.000,125648.317,1118.168
220.757035,30.919749,31.199959,146,1061879808,1,180000.000,125644.880,1118.260
220.786356,29.321086,28.728333,147,1061879808,1,180000.000,125641.637,1118.346
220.814803,28.447624,28.687500,172,1061879808,1,180000.000,125638.469,1118.431
220.844417,29.613499,29.576250,154,1061879808,1,180000.000,125635.174,1118.519
220.873097,28.679751,28.728292,150,1061879808,1,180000.000,125631.998,1118.604
220.902445,29.348165,29.032833,145,1061879808,1,180000.000,125628.740,1118.691
220.930715,28.269794,28.421291,150,1061879808,1,180000.000,125625.589,1118.775
220.959311,28.596584,28.806376,176,1061879808,1,180000.000,125622.396,1118.860
220.991322,32.011207,30.483334,144,1061896192,1,180000.000,125618.864,1118.954
221.019595,28.272748,29.054125,165,1061896192,1,180000.000,125615.720,1119.038
221.049390,29.795252,28.842251,175,1061896192,1,180000.000,125612.397,1119.127
221.077955,28.564166,29.817041,154,1061896192,1,180000.000,125609.234,1119.211
221.107461,29.506750,28.889875,139,1061896192,1,180000.000,125605.958,1119.299
221.135966,28.504293,29.094418,138,1061896192,1,180000.000,125602.789,1119.383
221.165018,29.052455,28.809458,143,1061896192,1,180000.000,125599.560,1119.470
221.194508,29.490083,29.081709,138,1061896192,1,180000.000,125596.289,1119.557
221.223735,29.227126,28.848291,158,1061912576,1,180000.000,125593.036,1119.644
221.251806,28.070584,28.922832,148,1061912576,1,180000.000,125589.915,1119.727
221.280634,28.828498,28.600584,147,1061912576,1,180000.000,125586.717,1119.812
221.311457,30.822210,28.807083,142,1061912576,1,180000.000,125583.277,1119.904
221.339199,27.742501,29.023209,141,1061912576,1,180000.000,125580.210,1119.986
221.367848,28.649207,28.616167,156,1061912576,1,180000.000,125577.017,1120.071
221.396418,28.569624,28.816626,157,1061912576,1,180000.000,125573.830,1120.156
221.425427,29.009126,28.893625,157,1061912576,1,180000.000,125570.606,1120.242
221.453738,28.311040,28.958500,170,1061912576,1,180000.000,125567.460,1120.326
221.484054,30.315667,30.062626,146,1061912576,1,180000.000,125564.095,1120.416
221.512413,28.359458,28.525959,155,1061928960,1,180000.000,125560.943,1120.500
221.541443,29.030126,28.867792,153,1061928960,1,180000.000,125557.721,1120.586
221.571438,29.994544,29.051916,160,1061928960,1,180000.000,125554.395,1120.675
221.599538,28.099708,28.956375,165,1061928960,1,180000.000,125551.264,1120.759
221.628954,29.416539,29.043791,153,1061928960,1,180000.000,125547.993,1120.846
221.659297,30.342791,28.739000,155,1061928960,1,180000.000,125544.641,1120.936
221.688528,29.231418,28.846416,168,1061928960,1,180000.000,125541.381,1121.023
221.716416,27.888041,29.387667,138,1061928960,1,180000.000,125538.298,1121.105
221.744827,28.410211,28.919374,139,1061928960,1,180000.000,125535.118,1121.190
221.775026,30.199416,29.101458,144,1061928960,1,180000.000,125531.767,1121.279
221.803333,28.307375,28.977083,175,1061928960,1,180000.000,125528.619,1121.363
221.832712,29.378999,29.486792,156,1061928960,1,180000.000,125525.364,1121.450
221.862140,29.427834,29.028292,149,1061928960,1,180000.000,125522.097,1121.537
221.892051,29.910918,29.182917,147,1061928960,1,180000.000,125518.785,1121.626
221.920581,28.530125,29.241041,138,1061928960,1,180000.000,125515.603,1121.711
221.949496,28.914373,28.902334,150,1061928960,1,180000.000,125512.393,1121.797
221.978985,29.489793,29.180958,156,1061928960,1,180000.000,125509.122,1121.884
222.009580,30.594248,29.055708,166,1061928960,1,180000.000,125505.730,1121.974
222.037368,27.788416,29.454374,157,1061928960,1,180000.000,125502.628,1122.057
222.066793,29.424876,29.345833,150,1061928960,1,180000.000,125499.347,1122.145
222.096502,29.708792,29.334084,167,1061928960,1,180000.000,125496.060,1122.233
222.125895,29.392876,29.474625,149,1061928960,1,180000.000,125492.800,1122.320
222.155046,29.151168,29.179041,147,1061928960,1,180000.000,125489.555,1122.406
222.185000,29.954709,29.126041,138,1061928960,1,180000.000,125486.229,1122.495
222.213076,28.075498,28.279375,144,1061928960,1,180000.000,125483.112,1122.578
222.242716,29.640500,29.120375,139,1061928960,1,180000.000,125479.823,1122.666
222.271602,28.885376,29.017416,204,1061928960,1,180000.000,125476.609,1122.752
222.300829,29.227126,29.458626,159,1061928960,1,180000.000,125473.345,1122.839
222.330174,29.344998,29.410542,158,1061928960,1,180000.000,125470.100,1122.926
222.361045,30.870833,29.241791,198,1061928960,1,180000.000,125466.678,1123.017
222.389491,28.445709,29.529833,166,1061928960,1,180000.000,125463.514,1123.101
222.418595,29.104542,29.300501,164,1061928960,1,180000.000,125460.260,1123.188
222.448143,29.548168,29.056334,168,1061928960,1,180000.000,125456.992,1123.276
222.478466,30.322831,30.168333,149,1061928960,1,180000.000,125453.628,1123.365
222.508877,30.411210,29.086834,154,1061928960,1,180000.000,125450.238,1123.456
222.535464,26.586790,28.876541,155,1061928960,1,180000.000,125447.283,1123.535
222.565762,30.298043,29.282125,168,1061928960,1,180000.000,125443.924,1123.624
222.594439,28.676707,29.432375,153,1061928960,1,180000.000,125440.725,1123.710
222.625636,31.196751,29.003292,153,1061928960,1,180000.000,125437.263,1123.802
222.653011,27.375460,28.870874,158,1061928960,1,180000.000,125434.224,1123.883
222.681354,28.342541,29.152542,160,1061928960,1,180000.000,125431.057,1123.968
222.711157,29.803500,29.185541,152,1061928960,1,180000.000,125427.770,1124.056
222.740959,29.802252,29.163750,140,1061928960,1,180000.000,125424.443,1124.144
222.769710,28.750997,28.845833,165,1061928960,1,180000.000,125421.251,1124.230
222.798443,28.733041,28.885458,142,1061928960,1,180000.000,125418.069,1124.315
222.826845,28.401628,28.987125,145,1061928960,1,180000.000,125414.910,1124.399
222.856647,29.802248,29.108583,147,1061928960,1,180000.000,125411.591,1124.488
222.886249,29.602166,28.956667,162,1061928960,1,180000.000,125408.297,1124.575
222.914823,28.574042,28.984209,152,1061928960,1,180000.000,125405.122,1124.660
222.944812,29.988375,29.693708,154,1061928960,1,180000.000,125401.785,1124.749
222.975366,30.554667,29.593208,145,1061928960,1,180000.000,125398.393,1124.840
223.003222,27.855169,29.074959,151,1061928960,1,180000.000,125395.316,1124.922
223.031683,28.461166,28.874542,169,1061928960,1,180000.000,125392.151,1125.007
223.061604,29.921249,29.426874,152,1061928960,1,180000.000,125388.837,1125.095
223.091219,29.614542,29.026041,153,1061928960,1,180000.000,125385.536,1125.183
223.122632,31.413417,30.908251,147,1061945344,1,180000.000,125382.057,1125.276
223.151456,28.824251,29.093542,163,1061945344,1,180000.000,125378.832,1125.362
223.180159,28.702375,29.369625,149,1061945344,1,180000.000,125375.635,1125.447
223.209367,29.208500,29.495333,154,1061945344,1,180000.000,125372.389,1125.534
223.240771,31.404000,29.627874,138,1061945344,1,180000.000,125368.902,1125.627
223.268031,27.260292,28.878124,154,1061945344,1,180000.000,125365.890,1125.708
223.297894,29.862415,29.138792,145,1061945344,1,180000.000,125362.561,1125.796
223.326732,28.838083,29.157375,157,1061945344,1,180000.000,125359.370,1125.882
223.355938,29.205833,29.509333,173,1061945344,1,180000.000,125356.104,1125.969
223.385668,29.730503,29.070084,146,1061945344,1,180000.000,125352.805,1126.057
223.414918,29.249456,28.819834,166,1061945344,1,180000.000,125349.570,1126.143
223.446604,31.686209,30.845501,150,1061945344,1,180000.000,125346.055,1126.237
223.475995,29.391542,28.654291,152,1061945344,1,180000.000,125342.781,1126.325
223.502671,26.675209,28.829708,168,1061945344,1,180000.000,125339.840,1126.403
223.534437,31.765997,31.471001,153,1061945344,1,180000.000,125336.276,1126.498
223.563468,29.030960,29.432417,168,1061945344,1,180000.000,125333.061,1126.584
223.593898,30.430418,29.820457,146,1061945344,1,180000.000,125329.691,1126.674
223.623912,30.014042,29.020292,143,1061945344,1,180000.000,125326.359,1126.763
223.651255,27.342793,28.938583,155,1061945344,1,180000.000,125323.298,1126.845
223.680839,29.583707,28.979876,148,1061945344,1,180000.000,125320.029,1126.932
223.709197,28.358914,28.969791,162,1061945344,1,180000.000,125316.866,1127.016
223.742257,33.059668,31.181833,146,1061945344,1,180000.000,125313.207,1127.114
223.771810,29.552877,29.531500,164,1061945344,1,180000.000,125309.924,1127.202
223.799468,27.658291,29.169043,169,1061994496,1,180000.000,125306.838,1127.284
223.828603,29.134791,29.202417,142,1061994496,1,180000.000,125303.598,1127.371
223.858204,29.600874,29.114958,139,1061994496,1,180000.000,125300.316,1127.458
223.886925,28.720625,29.088875,142,1061994496,1,180000.000,125297.119,1127.543
223.916317,29.392626,29.141834,136,1061994496,1,180000.000,125293.854,1127.631
223.945738,29.421043,29.217125,147,1061994496,1,180000.000,125290.588,1127.718
223.976048,30.310206,29.340250,151,1061994496,1,180000.000,125287.229,1127.808
224.004583,28.534334,29.182501,141,1061994496,1,180000.000,125284.062,1127.892
224.033463,28.879710,28.891624,147,1061994496,1,180000.000,125280.851,1127.978
224.062672,29.209748,29.021999,143,1061994496,1,180000.000,125277.602,1128.065
224.092468,29.795293,29.604918,145,1061994496,1,180000.000,125274.291,1128.153
224.122207,29.739000,29.641916,201,1061994496,1,180000.000,125270.972,1128.242
224.151460,29.253293,29.316292,151,1061994496,1,180000.000,125267.735,1128.328
224.180312,28.852541,28.964542,154,1061994496,1,180000.000,125264.525,1128.414
224.210073,29.760748,29.259708,201,1061994496,1,180000.000,125261.201,1128.502
224.240413,30.340087,30.661209,146,1062010880,1,180000.000,125257.843,1128.592
224.268734,28.320331,29.141958,160,1062010880,1,180000.000,125254.683,1128.676
224.298672,29.938877,29.294458,147,1062010880,1,180000.000,125251.370,1128.765
224.327528,28.855998,29.070126,154,1062010880,1,180000.000,125248.148,1128.851
224.358177,30.648794,29.051416,196,1062010880,1,180000.000,125244.746,1128.942
224.386296,28.119247,29.427668,153,1062010880,1,180000.000,125241.635,1129.025
224.416137,29.840041,29.110125,145,1062010880,1,180000.000,125238.331,1129.113
224.444525,28.388709,28.864584,201,1062010880,1,180000.000,125235.165,1129.197
224.473903,29.377751,29.683001,136,1062010880,1,180000.000,125231.892,1129.285
224.502430,28.527085,28.858625,136,1062010880,1,180000.000,125228.720,1129.369
224.532356,29.926039,28.932583,180,1062010880,1,180000.000,125225.403,1129.458
224.560901,28.544459,28.753250,172,1062010880,1,180000.000,125222.226,1129.543
224.589608,28.707374,29.217751,147,1062010880,1,180000.000,125219.033,1129.628
224.618995,29.387292,28.907875,140,1062010880,1,180000.000,125215.768,1129.715
224.648845,29.849336,28.963709,189,1062010880,1,180000.000,125212.450,1129.804
224.677762,28.917123,29.318916,138,1062010880,1,180000.000,125209.240,1129.890
224.705988,28.226670,28.715958,154,1062010880,1,180000.000,125206.105,1129.973
224.735842,29.853124,29.401875,188,1062027264,1,180000.000,125202.794,1130.062
224.765098,29.256709,29.007334,156,1062027264,1,180000.000,125199.531,1130.149
224.795192,30.093875,29.237625,195,1062027264,1,180000.000,125196.203,1130.238
224.825795,30.603040,30.500334,152,1062027264,1,180000.000,125192.815,1130.328
224.853987,28.192084,28.837000,156,1062027264,1,180000.000,125189.674,1130.412
224.883076,29.088832,29.171625,144,1062043648,1,180000.000,125186.444,1130.498
224.911906,28.830417,28.876417,150,1062043648,1,180000.000,125183.236,1130.584
224.941688,29.781584,28.965584,138,1062043648,1,180000.000,125179.926,1130.672
224.969808,28.119668,28.803041,145,1062043648,1,180000.000,125176.790,1130.756
224.999413,29.604916,28.931667,137,1062043648,1,180000.000,125173.519,1130.843
225.028552,29.139165,28.863874,161,1062043648,1,180000.000,125170.284,1130.929
225.058417,29.865250,29.229666,157,1062043648,1,180000.000,125166.967,1131.018
225.088009,29.592045,29.427416,160,1062043648,1,180000.000,125163.681,1131.106
225.117102,29.092997,29.137375,163,1062043648,1,180000.000,125160.431,1131.193
225.144643,27.541000,29.093750,171,1062043648,1,180000.000,125157.357,1131.275
225.175157,30.513834,29.361458,197,1062043648,1,180000.000,125153.975,1131.365
225.204685,29.528290,29.328625,162,1062060032,1,180000.000,125150.710,1131.452
225.232390,27.704295,29.153250,155,1062060032,1,180000.000,125147.609,1131.535
225.262010,29.620498,28.944250,146,1062060032,1,180000.000,125144.337,1131.622
225.291651,29.640667,28.871334,155,1062060032,1,180000.000,125141.032,1131.710
225.319613,27.961999,28.982458,166,1062060032,1,180000.000,125137.913,1131.794
225.348985,29.372294,28.917376,152,1062060032,1,180000.000,125134.674,1131.880
225.378268,29.283166,28.884750,154,1062060032,1,180000.000,125131.428,1131.967
225.407403,29.135372,28.973375,158,1062060032,1,180000.000,125128.171,1132.054
225.436216,28.812584,29.274542,157,1062060032,1,180000.000,125124.965,1132.139
225.465572,29.356003,29.421875,146,1062060032,1,180000.000,125121.711,1132.226
225.495358,29.785622,29.043667,148,1062060032,1,180000.000,125118.408,1132.314
225.522925,27.567167,28.852209,152,1062060032,1,180000.000,125115.337,1132.396
225.553033,30.107711,28.989334,144,1062060032,1,180000.000,125112.003,1132.485
225.581906,28.873082,28.866249,135,1062060032,1,180000.000,125108.794,1132.571
225.611984,30.078709,28.866459,152,1062060032,1,180000.000,125105.457,1132.660
225.640961,28.976582,28.662333,157,1062060032,1,180000.000,125102.223,1132.746
225.669469,28.507918,29.258083,155,1062060032,1,180000.000,125099.071,1132.831
225.699667,30.198123,29.745583,142,1062060032,1,180000.000,125095.704,1132.920
225.728723,29.056169,28.822458,145,1062060032,1,180000.000,125092.484,1133.006
225.756195,27.471665,28.839542,147,1062060032,1,180000.000,125089.412,1133.088
225.784955,28.759751,28.883791,158,1062060032,1,180000.000,125086.216,1133.174
225.814292,29.337417,28.856459,159,1062060032,1,180000.000,125082.954,1133.261
225.845912,31.619873,30.898375,144,1062060032,1,180000.000,125079.463,1133.354
225.876274,30.362207,29.019917,144,1062060032,1,180000.000,125076.066,1133.445
225.903935,27.660750,29.033541,174,1062060032,1,180000.000,125073.007,1133.526
225.933032,29.096916,29.453917,161,1062060032,1,180000.000,125069.766,1133.613
225.961952,28.920460,28.798876,138,1062060032,1,180000.000,125066.571,1133.698
225.992309,30.356873,29.053833,177,1062060032,1,180000.000,125063.198,1133.788
226.019368,27.058959,28.771584,158,1062060032,1,180000.000,125060.168,1133.869
226.048908,29.539626,29.140125,143,1062060032,1,180000.000,125056.887,1133.957
226.077802,28.894335,29.302166,161,1062060032,1,180000.000,125053.672,1134.043
226.107461,29.659417,28.820333,157,1062060032,1,180000.000,125050.399,1134.130
226.136772,29.310167,29.136499,183,1062060032,1,180000.000,125047.131,1134.217
226.165528,28.756581,29.291916,167,1062060032,1,180000.000,125043.932,1134.303
226.195022,29.493790,29.636126,180,1062060032,1,180000.000,125040.649,1134.390
226.225305,30.283168,28.968082,153,1062060032,1,180000.000,125037.303,1134.480
226.255417,30.111544,30.856291,159,1062060032,1,180000.000,125033.957,1134.569
226.285365,29.948000,29.649416,186,1062060032,1,180000.000,125030.639,1134.657
226.314159,28.794706,28.980625,148,1062060032,1,180000.000,125027.432,1134.743
226.343202,29.042959,28.996250,157,1062060032,1,180000.000,125024.187,1134.830
226.373102,29.899251,29.438583,140,1062060032,1,180000.000,125020.891,1134.918
226.401839,28.737873,28.982334,153,1062060032,1,180000.000,125017.679,1135.003
226.430840,29.000502,28.801167,192,1062060032,1,180000.000,125014.468,1135.089
226.460158,29.317874,29.162333,163,1062060032,1,180000.000,125011.188,1135.177
226.491443,31.284835,30.867083,177,1062060032,1,180000.000,125007.741,1135.269
226.520153,28.710250,29.242374,146,1062060032,1,180000.000,125004.552,1135.354
226.548939,28.785914,28.916082,190,1062060032,1,180000.000,125001.339,1135.440
226.577996,29.057208,29.303333,160,1062060032,1,180000.000,124998.099,1135.526
226.608661,30.665044,29.195541,185,1062060032,1,180000.000,124994.705,1135.617
226.638064,29.402707,30.243084,139,1062060032,1,180000.000,124991.438,1135.704
226.667011,28.947584,29.221416,184,1062060032,1,180000.000,124988.206,1135.790
226.695962,28.950498,28.985250,143,1062060032,1,180000.000,124985.006,1135.876
226.725552,29.589877,29.142750,183,1062060032,1,180000.000,124981.703,1135.964
226.755862,30.310165,29.692583,145,1062060032,1,180000.000,124978.348,1136.053
226.785643,29.780794,29.229458,154,1062060032,1,180000.000,124975.029,1136.142
226.814124,28.480832,29.203125,155,1062060032,1,180000.000,124971.863,1136.227
226.844801,30.677877,29.685749,143,1062060032,1,180000.000,124968.459,1136.317
226.873045,28.243583,29.063042,155,1062076416,1,180000.000,124965.315,1136.401
226.903258,30.212957,30.035999,185,1062076416,1,180000.000,124961.962,1136.491
226.934807,31.548709,31.257999,157,1062076416,1,180000.000,124958.473,1136.584
226.964371,29.563874,28.839792,184,1062076416,1,180000.000,124955.184,1136.672
226.992847,28.476000,29.387751,158,1062092800,1,180000.000,124952.010,1136.757
227.022808,29.961418,29.943041,197,1062092800,1,180000.000,124948.688,1136.845
227.052584,29.776376,30.221500,144,1062092800,1,180000.000,124945.384,1136.933
227.081527,28.942540,29.130917,162,1062092800,1,180000.000,124942.151,1137.020
227.111456,29.929541,29.199167,183,1062092800,1,180000.000,124938.849,1137.108
227.140531,29.075041,29.065958,161,1062092800,1,180000.000,124935.597,1137.195
227.169333,28.801501,29.114292,160,1062092800,1,180000.000,124932.407,1137.280
227.200423,31.090207,29.666542,147,1062092800,1,180000.000,124928.967,1137.372
227.227841,27.418043,28.731750,144,1062092800,1,180000.000,124925.894,1137.454
227.258000,30.159123,28.721582,164,1062092800,1,180000.000,124922.568,1137.543
227.286530,28.530084,29.372875,140,1062092800,1,180000.000,124919.384,1137.628
227.316228,29.697627,29.548000,148,1062092800,1,180000.000,124916.101,1137.715
227.345298,29.070042,28.827208,161,1062092800,1,180000.000,124912.860,1137.802
227.375761,30.463375,29.306458,148,1062109184,1,180000.000,124909.463,1137.892
227.403065,27.303167,28.832582,176,1062109184,1,180000.000,124906.437,1137.973
227.432183,29.118206,29.161417,152,1062109184,1,180000.000,124903.189,1138.060
227.460770,28.586835,28.822584,159,1062109184,1,180000.000,124900.013,1138.145
227.493587,32.817081,30.456875,145,1062109184,1,180000.000,124896.379,1138.242
227.520603,27.016543,28.778166,155,1062109184,1,180000.000,124893.379,1138.322
227.549200,28.596792,29.027292,146,1062109184,1,180000.000,124890.185,1138.407
227.578100,28.900210,28.840626,147,1062109184,1,180000.000,124886.973,1138.493
227.607709,29.608581,28.742874,147,1062109184,1,180000.000,124883.710,1138.580
227.637358,29.649332,29.419708,135,1062109184,1,180000.000,124880.417,1138.668
227.665717,28.358709,28.603666,141,1062109184,1,180000.000,124877.245,1138.752
227.694650,28.932709,28.695749,148,1062109184,1,180000.000,124874.051,1138.838
227.724272,29.622626,28.994625,135,1062109184,1,180000.000,124870.741,1138.926
227.752962,28.689831,28.718958,161,1062109184,1,180000.000,124867.555,1139.011
227.780208,27.245916,28.851458,176,1062109184,1,180000.000,124864.517,1139.092
227.810398,30.190334,29.398251,152,1062109184,1,180000.000,124861.177,1139.181
227.839948,29.549416,29.052166,195,1062109184,1,180000.000,124857.890,1139.269
227.869571,29.623710,29.070541,168,1062109184,1,180000.000,124854.613,1139.357
227.898293,28.721459,29.123583,188,1062092800,1,180000.000,124851.427,1139.442
227.927401,29.107623,29.133499,156,1062092800,1,180000.000,124848.164,1139.529
227.957323,29.922292,29.375708,186,1062092800,1,180000.000,124844.868,1139.617
227.986426,29.103003,29.253416,152,1062109184,1,180000.000,124841.610,1139.704
228.014736,28.310124,28.766375,204,1062109184,1,180000.000,124838.458,1139.788
228.045497,30.761000,30.427458,158,1062109184,1,180000.000,124835.047,1139.879
228.076401,30.904125,28.981251,163,1062109184,1,180000.000,124831.628,1139.970
228.103277,26.875999,29.236666,149,1062109184,1,180000.000,124828.620,1140.051
228.132172,28.894626,28.714542,156,1062109184,1,180000.000,124825.425,1140.136
228.161399,29.227749,29.065416,140,1062109184,1,180000.000,124822.186,1140.222
228.190538,29.138085,28.714333,158,1062109184,1,180000.000,124818.935,1140.309
228.220162,29.624794,29.042292,133,1062109184,1,180000.000,124815.662,1140.396
228.248716,28.553206,28.661959,155,1062109184,1,180000.000,124812.469,1140.482
228.277212,28.496627,28.777958,178,1062109184,1,180000.000,124809.298,1140.566
228.305580,28.368164,28.717417,146,1062109184,1,180000.000,124806.149,1140.650
228.334417,28.837003,29.383541,157,1062109184,1,180000.000,124802.940,1140.736
228.364557,30.139998,29.448000,147,1062109184,1,180000.000,124799.600,1140.825
228.393684,29.126335,29.006958,135,1062109184,1,180000.000,124796.374,1140.911
228.423848,30.164789,28.919083,137,1062109184,1,180000.000,124793.033,1141.001
228.451416,27.567502,28.482916,148,1062109184,1,180000.000,124789.966,1141.082
228.479803,28.386790,28.716459,155,1062125568,1,180000.000,124786.787,1141.167
228.509264,29.461376,28.761917,163,1062125568,1,180000.000,124783.539,1141.254
228.542660,33.396333,31.353251,183,1062125568,1,180000.000,124779.824,1141.353
228.570835,28.174333,29.635834,150,1062125568,1,180000.000,124776.685,1141.437
228.599237,28.402623,28.823042,163,1062125568,1,180000.000,124773.513,1141.522
228.629385,30.147586,29.591959,156,1062125568,1,180000.000,124770.192,1141.610
228.658335,28.950498,29.179209,143,1062125568,1,180000.000,124766.958,1141.697
228.686712,28.376043,28.761042,173,1062141952,1,180000.000,124763.820,1141.780
228.715015,28.303832,28.766083,160,1062141952,1,180000.000,124760.654,1141.865
228.745281,30.265585,29.128084,145,1062141952,1,180000.000,124757.296,1141.955
228.775348,30.066919,28.703959,160,1062141952,1,180000.000,124753.946,1142.044
228.801916,26.567873,29.086292,155,1062141952,1,180000.000,124750.995,1142.123
228.831598,29.682208,28.923166,142,1062141952,1,180000.000,124747.720,1142.210
228.860681,29.083252,28.862083,162,1062141952,1,180000.000,124744.483,1142.297
228.890259,29.577751,29.653166,147,1062158336,1,180000.000,124741.192,1142.385
228.921144,30.885164,30.552750,154,1062158336,1,180000.000,124737.755,1142.476
228.950271,29.126752,29.000000,152,1062158336,1,180000.000,124734.525,1142.563
228.979574,29.303417,29.568542,182,1062207488,1,180000.000,124731.284,1142.649
229.009609,30.035168,28.909958,148,1062223872,1,180000.000,124727.950,1142.738
229.037301,27.691498,29.195833,154,1062240256,1,180000.000,124724.855,1142.821
229.067515,30.214291,29.863001,152,1062305792,1,180000.000,124721.500,1142.910
229.096433,28.917290,28.816458,143,1062305792,1,180000.000,124718.294,1142.996
229.125637,29.204503,28.767542,146,1062305792,1,180000.000,124715.038,1143.083
229.153954,28.317165,29.030750,164,1062322176,1,180000.000,124711.909,1143.166
229.185084,31.129502,30.804125,146,1062338560,1,180000.000,124708.426,1143.259
229.214430,29.345874,29.293083,147,1062338560,1,180000.000,124705.161,1143.346
229.243283,28.853375,28.782875,146,1062338560,1,180000.000,124701.952,1143.432
229.272158,28.875459,29.124916,159,1062354944,1,180000.000,124698.750,1143.518
229.301289,29.130332,28.888083,150,1062354944,1,180000.000,124695.508,1143.604
229.329912,28.623417,28.529459,136,1062354944,1,180000.000,124692.335,1143.689
229.359270,29.358000,28.958334,145,1062354944,1,180000.000,124689.079,1143.776
229.388293,29.022541,29.454292,145,1062354944,1,180000.000,124685.845,1143.862
229.417886,29.593710,29.128666,136,1062354944,1,180000.000,124682.571,1143.949
229.448413,30.526832,28.993542,148,1062354944,1,180000.000,124679.186,1144.040
229.477919,29.505793,28.633209,194,1062354944,1,180000.000,124675.899,1144.128
229.505565,27.645499,28.873625,144,1062354944,1,180000.000,124672.824,1144.210
229.532806,27.241293,28.392084,136,1062354944,1,180000.000,124669.798,1144.290
229.561944,29.138416,28.948875,147,1062354944,1,180000.000,124666.561,1144.377
229.592209,30.264709,29.147125,144,1062354944,1,180000.000,124663.214,1144.466
229.621513,29.304042,28.881250,161,1062354944,1,180000.000,124659.953,1144.553
229.649291,27.778000,29.220125,145,1062354944,1,180000.000,124656.857,1144.636
229.678503,29.211584,28.965292,135,1062354944,1,180000.000,124653.616,1144.722
229.708133,29.630497,28.959667,136,1062354944,1,180000.000,124650.317,1144.811
229.736490,28.356917,28.812374,137,1062354944,1,180000.000,124647.176,1144.894
229.764889,28.398793,28.749125,133,1062354944,1,180000.000,124643.999,1144.979
229.795005,30.115917,28.900959,138,1062354944,1,180000.000,124640.665,1145.068
229.823700,28.695330,29.304125,138,1062354944,1,180000.000,124637.462,1145.154
229.852436,28.736252,28.892166,136,1062354944,1,180000.000,124634.285,1145.239
229.881616,29.179957,29.004084,180,1062354944,1,180000.000,124631.040,1145.325
229.912757,31.141002,30.229084,158,1062354944,1,180000.000,124627.597,1145.417
229.941868,29.110707,29.116583,143,1062387712,1,180000.000,124624.343,1145.504
229.970001,28.132915,28.986584,182,1062387712,1,180000.000,124621.223,1145.587
230.003718,33.717461,33.527210,162,1062387712,1,180000.000,124617.476,1145.687
230.033127,29.408250,29.110001,132,1062387712,1,180000.000,124614.225,1145.774
230.061437,28.310791,28.591499,150,1062387712,1,180000.000,124611.063,1145.858
230.092816,31.378999,30.238583,146,1062387712,1,180000.000,124607.593,1145.951
230.120555,27.738251,28.944666,157,1062387712,1,180000.000,124604.482,1146.034
230.149740,29.185209,28.815584,150,1062387712,1,180000.000,124601.253,1146.120
230.179150,29.410541,28.814459,143,1062387712,1,180000.000,124597.976,1146.208
230.207260,28.109625,28.589083,159,1062387712,1,180000.000,124594.842,1146.291
230.236171,28.911039,28.944500,151,1062387712,1,180000.000,124591.645,1146.377
230.266019,29.847793,29.803667,151,1062387712,1,180000.000,124588.318,1146.466
230.294521,28.501835,28.635666,138,1062387712,1,180000.000,124585.145,1146.550
230.325931,31.410165,28.908251,163,1062387712,1,180000.000,124581.676,1146.643
230.352387,26.456501,28.535749,148,1062387712,1,180000.000,124578.739,1146.721
230.382883,30.495249,30.483667,158,1062387712,1,180000.000,124575.344,1146.812
230.415021,32.138374,30.279875,147,1062387712,1,180000.000,124571.783,1146.907
230.443620,28.599001,28.753626,156,1062387712,1,180000.000,124568.608,1146.992
230.473008,29.387709,29.423834,148,1062387712,1,180000.000,124565.318,1147.080
230.499071,26.063249,27.593416,152,1062387712,1,180000.000,124562.432,1147.157
230.528185,29.114336,28.518709,141,1062387712,1,180000.000,124559.211,1147.243
230.557057,28.871790,27.576750,151,1062387712,1,180000.000,124555.978,1147.329
230.584038,26.981041,27.835583,146,1062387712,1,180000.000,124553.007,1147.408
230.611704,27.666293,27.749874,157,1062387712,1,180000.000,124549.922,1147.491
230.640282,28.577376,28.016500,136,1062387712,1,180000.000,124546.729,1147.576
230.667351,27.069248,27.344791,145,1062387712,1,180000.000,124543.746,1147.656
230.694759,27.408250,27.734751,136,1062387712,1,180000.000,124540.682,1147.737
230.723075,28.316211,27.354292,175,1062387712,1,180000.000,124537.529,1147.822
230.750676,27.600955,27.659542,154,1062387712,1,180000.000,124534.482,1147.903
230.776940,26.263501,27.543833,174,1062387712,1,180000.000,124531.552,1147.981
230.806597,29.656917,28.082167,154,1062387712,1,180000.000,124528.269,1148.069
230.833562,26.965290,27.659584,145,1062387712,1,180000.000,124525.264,1148.149
230.861523,27.961083,27.702291,161,1062387712,1,180000.000,124522.151,1148.232
230.889555,28.031375,27.924583,156,1062387712,1,180000.000,124519.035,1148.315
230.916852,27.297210,27.548916,146,1062387712,1,180000.000,124516.028,1148.396
230.944454,27.602457,27.720541,143,1062387712,1,180000.000,124512.942,1148.478
230.972559,28.105211,27.598749,142,1062551552,1,180000.000,124509.834,1148.561
230.999656,27.096707,27.340792,127,1062535168,1,180000.000,124506.816,1148.641
231.027385,27.729083,27.541542,128,1062535168,1,180000.000,124503.748,1148.723
231.054722,27.337167,28.026333,137,1062535168,1,180000.000,124500.685,1148.805
231.083794,29.071208,28.985584,131,1062535168,1,180000.000,124497.466,1148.891
231.110865,27.071625,27.606543,131,1062535168,1,180000.000,124494.456,1148.971
231.139307,28.441377,27.433874,138,1062551552,1,180000.000,124491.296,1149.056
231.166900,27.592998,27.190874,151,1062551552,1,180000.000,124488.230,1149.138
231.195225,28.325252,27.845667,146,1062551552,1,180000.000,124485.085,1149.222
231.221088,25.863208,27.516958,155,1062551552,1,180000.000,124482.199,1149.299
231.250878,29.789917,28.381250,176,1062551552,1,180000.000,124478.906,1149.387
231.278919,28.041456,27.710625,149,1062551552,1,180000.000,124475.787,1149.470
231.304551,25.631875,27.459417,143,1062551552,1,180000.000,124472.930,1149.546
231.333620,29.068459,27.347084,140,1062551552,1,180000.000,124469.715,1149.632
231.361330,27.710252,27.577959,159,1062551552,1,180000.000,124466.640,1149.714
231.389816,28.485790,28.046291,127,1062551552,1,180000.000,124463.459,1149.799
231.417041,27.225457,27.281958,146,1062551552,1,180000.000,124460.443,1149.879
231.444491,27.449794,27.535042,133,1062551552,1,180000.000,124457.396,1149.961
231.471850,27.358875,27.411167,131,1062551552,1,180000.000,124454.347,1150.042
231.499195,27.344748,27.755209,135,1062551552,1,180000.000,124451.322,1150.123
231.527755,28.560169,27.792749,141,1062551552,1,180000.000,124448.143,1150.208
231.555032,27.277458,27.574459,137,1062551552,1,180000.000,124445.097,1150.289
231.581620,26.587956,27.208042,134,1062567936,1,180000.000,124442.156,1150.368
231.609167,27.547084,27.441416,134,1062567936,1,180000.000,124439.092,1150.449
231.638358,29.190376,27.596708,162,1062567936,1,180000.000,124435.850,1150.536
231.664953,26.595708,27.968042,151,1062567936,1,180000.000,124432.889,1150.615
231.695214,30.260209,29.471750,139,1062567936,1,180000.000,124429.539,1150.704
231.723852,28.638083,27.486000,135,1062567936,1,180000.000,124426.338,1150.790
231.749603,25.751039,27.438499,144,1062567936,1,180000.000,124423.503,1150.866
231.778249,28.646167,27.860792,144,1062567936,1,180000.000,124420.312,1150.951
231.805025,26.776541,27.400667,126,1062567936,1,180000.000,124417.326,1151.030
231.832800,27.774211,27.160707,135,1062567936,1,180000.000,124414.232,1151.113
231.860455,27.655039,27.444250,148,1062567936,1,180000.000,124411.186,1151.194
231.888576,28.121583,27.738625,131,1062567936,1,180000.000,124408.051,1151.278
231.915919,27.342834,27.487083,149,1062567936,1,180000.000,124404.994,1151.360
231.943582,27.662918,27.372250,152,1062567936,1,180000.000,124401.926,1151.442
231.970364,26.782125,27.827749,136,1062567936,1,180000.000,124398.951,1151.521
231.996951,26.587125,27.242416,147,1062567936,1,180000.000,124395.996,1151.600
232.027271,30.319918,28.302792,140,1062567936,1,180000.000,124392.636,1151.690
232.053956,26.685040,27.360167,147,1062584320,1,180000.000,124389.686,1151.768
232.082647,28.691042,28.268583,146,1062567936,1,180000.000,124386.489,1151.854
232.110489,27.841207,27.788042,137,1062567936,1,180000.000,124383.380,1151.937
232.136702,26.213750,27.773125,141,1062584320,1,180000.000,124380.473,1152.014
232.164407,27.704418,26.955500,137,1062584320,1,180000.000,124377.399,1152.096
232.192045,27.638249,27.178833,141,1062584320,1,180000.000,124374.337,1152.178
232.220578,28.533500,28.106916,138,1062584320,1,180000.000,124371.167,1152.263
232.248177,27.598791,27.454082,139,1062584320,1,180000.000,124368.100,1152.345
232.275674,27.496502,27.516958,138,1062584320,1,180000.000,124365.032,1152.426
232.303893,28.218877,28.045250,157,1062584320,1,180000.000,124361.906,1152.510
232.331236,27.343038,27.911667,129,1062584320,1,180000.000,124358.857,1152.591
232.359048,27.812209,27.317209,127,1062584320,1,180000.000,124355.764,1152.674
232.386291,27.242918,27.313917,144,1062584320,1,180000.000,124352.735,1152.755
232.414341,28.050333,27.395500,158,1062584320,1,180000.000,124349.629,1152.838
232.442162,27.820792,27.928041,169,1062584320,1,180000.000,124346.539,1152.920
232.469658,27.496416,27.615168,149,1062600704,1,180000.000,124343.479,1153.002
232.495401,25.742792,27.440624,138,1062617088,1,180000.000,124340.607,1153.079
232.525661,30.259792,29.721834,147,1062633472,1,180000.000,124337.251,1153.168
232.555950,30.289210,28.715208,176,1062633472,1,180000.000,124333.899,1153.258
232.584334,28.383497,29.044624,132,1062633472,1,180000.000,124330.735,1153.342
232.612397,28.063044,27.368292,167,1062633472,1,180000.000,124327.636,1153.425
232.640272,27.875625,27.922874,123,1062633472,1,180000.000,124324.512,1153.508
232.666369,26.096709,27.284334,163,1062633472,1,180000.000,124321.613,1153.586
232.696153,29.783998,28.575666,126,1062633472,1,180000.000,124318.319,1153.674
232.724856,28.703082,27.599125,165,1062633472,1,180000.000,124315.128,1153.759
232.750699,25.843125,27.394501,124,1062633472,1,180000.000,124312.264,1153.835
232.777778,27.079128,27.572001,125,1062633472,1,180000.000,124309.247,1153.916
232.805052,27.273998,27.438959,123,1062633472,1,180000.000,124306.213,1153.997
232.832759,27.706958,26.815542,123,1062633472,1,180000.000,124303.140,1154.079
232.860564,27.804792,27.737249,129,1062633472,1,180000.000,124300.049,1154.161
232.888630,28.066043,27.504959,131,1062633472,1,180000.000,124296.929,1154.245
232.915407,26.777167,27.481291,125,1062633472,1,180000.000,124293.949,1154.324
232.944432,29.024709,28.197500,129,1062649856,1,180000.000,124290.725,1154.410
232.971331,26.898500,27.591375,129,1062649856,1,180000.000,124287.736,1154.490
232.999933,28.602500,27.504959,133,1062649856,1,180000.000,124284.554,1154.575
233.027185,27.251791,27.328291,129,1062649856,1,180000.000,124281.533,1154.656
233.055701,28.516166,28.076042,169,1062649856,1,180000.000,124278.350,1154.741
233.083070,27.369294,27.571083,132,1062649856,1,180000.000,124275.330,1154.821
233.111474,28.403580,28.102291,158,1062649856,1,180000.000,124272.169,1154.906
233.138683,27.209044,27.953209,132,1062649856,1,180000.000,124269.137,1154.987
233.166116,27.432710,27.155582,133,1062649856,1,180000.000,124266.091,1155.068
233.194479,28.362956,28.259125,166,1062649856,1,180000.000,124262.958,1155.151
233.223014,28.535709,28.092209,125,1062649856,1,180000.000,124259.768,1155.237
233.250617,27.603082,28.381292,127,1062649856,1,180000.000,124256.709,1155.318
233.278612,27.994834,27.873625,170,1062649856,1,180000.000,124253.614,1155.401
233.307955,29.342458,28.165667,131,1062649856,1,180000.000,124250.326,1155.489
233.334704,26.749168,27.338459,129,1062649856,1,180000.000,124247.380,1155.567
233.362655,27.951166,28.032749,128,1062649856,1,180000.000,124244.273,1155.650
233.392307,29.651958,28.252501,156,1062649856,1,180000.000,124240.955,1155.739
233.419435,27.127750,28.239834,132,1062649856,1,180000.000,124237.950,1155.819
233.446581,27.146168,27.150417,145,1062617088,1,180000.000,124234.945,1155.899
233.475481,28.900333,27.593834,147,1062617088,1,180000.000,124231.714,1155.986
233.501646,26.164792,27.925833,141,1062617088,1,180000.000,124228.807,1156.063
233.530144,28.497625,27.648458,134,1062617088,1,180000.000,124225.639,1156.148
233.559025,28.881207,28.360874,141,1062617088,1,180000.000,124222.424,1156.234
233.586031,27.006291,27.441542,144,1062617088,1,180000.000,124219.443,1156.313
233.613639,27.608085,27.748417,144,1062617088,1,180000.000,124216.367,1156.395
233.641921,28.281417,27.575624,126,1062617088,1,180000.000,124213.216,1156.479
233.668220,26.299249,27.727709,126,1062617088,1,180000.000,124210.302,1156.557
233.697083,28.863374,27.773083,125,1062617088,1,180000.000,124207.103,1156.643
233.724734,27.650874,27.075041,134,1062617088,1,180000.000,124204.018,1156.725
233.752483,27.749170,28.068750,146,1062617088,1,180000.000,124200.944,1156.807
233.779727,27.244039,27.743084,175,1062617088,1,180000.000,124197.916,1156.888
233.808694,28.967168,27.710958,152,1062617088,1,180000.000,124194.685,1156.974
233.835663,26.968416,27.878416,179,1062617088,1,180000.000,124191.700,1157.054
233.864884,29.221416,29.545708,146,1062617088,1,180000.000,124188.447,1157.141
233.895154,30.269500,29.292166,145,1062617088,1,180000.000,124185.089,1157.230
233.923646,28.491836,27.657167,151,1062617088,1,180000.000,124181.912,1157.315
233.949940,26.294123,27.660999,143,1062617088,1,180000.000,124179.004,1157.393
233.978594,28.653916,28.343750,141,1062617088,1,180000.000,124175.813,1157.478
234.006702,28.108209,27.512167,177,1062617088,1,180000.000,124172.687,1157.561
234.034230,27.528085,27.792042,137,1062617088,1,180000.000,124169.654,1157.642
234.062839,28.608833,27.645624,180,1062617088,1,180000.000,124166.463,1157.727
234.091204,28.365415,27.945541,170,1062617088,1,180000.000,124163.304,1157.812
234.118771,27.566586,28.054832,206,1062617088,1,180000.000,124160.244,1157.894
234.146866,28.095040,27.890751,171,1062617088,1,180000.000,124157.117,1157.977
234.173940,27.074501,28.117001,153,1062617088,1,180000.000,124154.123,1158.057
234.202578,28.638043,28.567541,170,1062617088,1,180000.000,124150.939,1158.142
234.229804,27.225625,27.451792,172,1062617088,1,180000.000,124147.908,1158.223
234.258105,28.300624,27.998167,185,1062617088,1,180000.000,124144.761,1158.307
234.285497,27.392168,27.907333,142,1062617088,1,180000.000,124141.719,1158.388
234.315936,30.439164,29.140875,139,1062617088,1,180000.000,124138.349,1158.478
234.342925,26.989125,27.666500,160,1062617088,1,180000.000,124135.326,1158.559
234.371894,28.968833,29.174667,133,1062617088,1,180000.000,124132.117,1158.644
234.400630,28.735876,27.594959,133,1062617088,1,180000.000,124128.935,1158.729
234.428105,27.474709,27.759125,127,1062617088,1,180000.000,124125.889,1158.811
234.455838,27.733043,27.823833,129,1062617088,1,180000.000,124122.805,1158.893
234.483575,27.736958,27.545750,128,1062617088,1,180000.000,124119.724,1158.975
234.510839,27.264874,27.373375,128,1062617088,1,180000.000,124116.695,1159.056
234.539555,28.715499,27.800167,142,1062617088,1,180000.000,124113.500,1159.141
234.567737,28.182585,28.082041,154,1062617088,1,180000.000,124110.369,1159.225
234.595643,27.905833,28.032084,133,1062617088,1,180000.000,124107.267,1159.308
234.624730,29.086582,27.875750,153,1062617088,1,180000.000,124104.032,1159.394
234.651143,26.413169,27.929792,138,1062617088,1,180000.000,124101.108,1159.472
234.678660,27.516581,27.784124,139,1062617088,1,180000.000,124098.045,1159.554
234.706199,27.539667,27.839958,151,1062617088,1,180000.000,124094.981,1159.636
234.734406,28.206792,27.837000,131,1062617088,1,180000.000,124091.851,1159.719
234.762231,27.824875,27.440001,128,1062617088,1,180000.000,124088.745,1159.802
234.791104,28.873250,27.597458,177,1062617088,1,180000.000,124085.539,1159.888
234.818841,27.737085,28.761583,130,1062617088,1,180000.000,124082.472,1159.970
234.846059,27.218126,27.644541,174,1062617088,1,180000.000,124079.433,1160.051
234.875430,29.370580,28.026793,139,1062617088,1,180000.000,124076.161,1160.138
234.903459,28.029211,28.150291,137,1062617088,1,180000.000,124073.053,1160.221
234.930166,26.706625,27.856709,140,1062617088,1,180000.000,124070.100,1160.300
234.957297,27.131248,27.863459,138,1062617088,1,180000.000,124067.074,1160.381
234.986177,28.879877,28.088917,131,1062617088,1,180000.000,124063.873,1160.466
235.014511,28.334375,27.703875,143,1062617088,1,180000.000,124060.727,1160.550
235.043098,28.586831,28.033459,151,1062633472,1,180000.000,124057.548,1160.635
235.070420,27.321458,27.825167,146,1062633472,1,180000.000,124054.511,1160.716
235.098812,28.392293,28.010542,143,1062633472,1,180000.000,124051.357,1160.800
235.126446,27.633999,27.746500,136,1062649856,1,180000.000,124048.290,1160.882
235.154792,28.345667,27.541500,139,1062649856,1,180000.000,124045.143,1160.966
235.180954,26.162837,27.806625,149,1062649856,1,180000.000,124042.231,1161.044
235.210261,29.306997,27.745708,128,1062649856,1,180000.000,124038.958,1161.131
235.238731,28.469417,27.568666,148,1062666240,1,180000.000,124035.797,1161.216
235.265872,27.141627,27.987125,188,1062666240,1,180000.000,124032.786,1161.296
235.293707,27.834497,28.190916,132,1062666240,1,180000.000,124029.692,1161.379
235.321978,28.270710,27.553833,179,1062666240,1,180000.000,124026.543,1161.463
235.349730,27.752209,27.850416,145,1062666240,1,180000.000,124023.482,1161.545
235.377285,27.555499,28.177917,170,1062666240,1,180000.000,124020.408,1161.627
235.405709,28.423250,28.108583,151,1062666240,1,180000.000,124017.258,1161.711
235.434008,28.299499,28.731083,137,1062666240,1,180000.000,124014.123,1161.794
235.463808,29.800165,28.339666,188,1062666240,1,180000.000,124010.808,1161.883
235.492020,28.212208,28.311666,138,1062666240,1,180000.000,124007.664,1161.967
235.520006,27.985252,28.251209,140,1062666240,1,180000.000,124004.558,1162.050
235.547265,27.259581,27.859459,137,1062666240,1,180000.000,124001.541,1162.130
235.575856,28.590459,28.115917,134,1062666240,1,180000.000,123998.365,1162.215
235.604341,28.485209,28.191126,141,1062666240,1,180000.000,123995.205,1162.299
235.633060,28.719209,28.658333,174,1062666240,1,180000.000,123991.996,1162.385
235.660738,27.677834,27.930500,142,1062666240,1,180000.000,123988.924,1162.467
235.689627,28.889164,28.019291,142,1062666240,1,180000.000,123985.701,1162.553
235.717023,27.395334,28.031084,157,1062699008,1,180000.000,123982.670,1162.634
235.743889,26.866749,28.112083,126,1062699008,1,180000.000,123979.681,1162.714
235.772734,28.845042,28.007416,136,1062699008,1,180000.000,123976.483,1162.799
235.801259,28.524168,27.791750,142,1062699008,1,180000.000,123973.310,1162.884
235.827831,26.572585,27.856291,166,1062699008,1,180000.000,123970.347,1162.963
235.856360,28.528541,28.314209,143,1062699008,1,180000.000,123967.176,1163.048
235.884672,28.312415,28.410999,146,1062699008,1,180000.000,123964.038,1163.131
235.913570,28.897583,27.721251,126,1062699008,1,180000.000,123960.830,1163.217
235.941956,28.386582,27.843708,162,1062699008,1,180000.000,123957.687,1163.301
235.969184,27.227752,28.217833,129,1062699008,1,180000.000,123954.660,1163.382
235.998010,28.826252,28.018126,124,1062699008,1,180000.000,123951.453,1163.467
236.025787,27.776707,27.668875,126,1062699008,1,180000.000,123948.357,1163.550
236.054358,28.571248,28.709541,128,1062699008,1,180000.000,123945.194,1163.634
236.081864,27.506001,27.983917,125,1062699008,1,180000.000,123942.129,1163.716
236.110222,28.357502,27.988583,127,1062699008,1,180000.000,123938.974,1163.801
236.137800,27.578831,27.980167,125,1062699008,1,180000.000,123935.922,1163.882
236.166499,28.698128,27.856209,127,1062699008,1,180000.000,123932.712,1163.968
236.193314,26.815038,27.629791,126,1062699008,1,180000.000,123929.736,1164.047
236.223346,30.032709,28.024500,133,1062682624,1,180000.000,123926.390,1164.136
236.250345,26.998416,27.912958,135,1062682624,1,180000.000,123923.416,1164.216
236.278774,28.429586,28.418167,127,1062682624,1,180000.000,123920.259,1164.300
236.307247,28.472748,27.929750,127,1062682624,1,180000.000,123917.071,1164.385
236.334093,26.846375,28.043333,127,1062682624,1,180000.000,123914.095,1164.465
236.362125,28.031960,27.780041,165,1062682624,1,180000.000,123910.982,1164.548
236.390921,28.795417,27.966791,124,1062682624,1,180000.000,123907.779,1164.633
236.419032,28.111499,28.078833,164,1062682624,1,180000.000,123904.655,1164.717
236.447007,27.974248,27.892000,139,1062682624,1,180000.000,123901.545,1164.800
236.474736,27.729087,28.404417,133,1062682624,1,180000.000,123898.472,1164.882
236.502996,28.260749,27.902082,131,1062682624,1,180000.000,123895.336,1164.965
236.530742,27.745582,27.705875,132,1062682624,1,180000.000,123892.257,1165.048
236.558364,27.621627,27.925917,199,1062682624,1,180000.000,123889.175,1165.130
236.587661,29.297039,29.619167,134,1062682624,1,180000.000,123885.921,1165.217
236.616802,29.140919,28.117542,129,1062682624,1,180000.000,123882.689,1165.303
236.644442,27.640749,27.552792,138,1062682624,1,180000.000,123879.620,1165.385
236.671950,27.507167,27.623333,131,1062682624,1,180000.000,123876.558,1165.467
236.699315,27.365290,27.473499,164,1062682624,1,180000.000,123873.517,1165.548
236.729519,30.204583,28.262667,137,1062682624,1,180000.000,123870.163,1165.638
236.758704,29.184125,29.013542,182,1062682624,1,180000.000,123866.909,1165.724
236.785703,26.999876,29.181250,133,1062682624,1,180000.000,123863.915,1165.804
236.815157,29.453959,28.544624,136,1062682624,1,180000.000,123860.666,1165.891
236.843694,28.536540,28.553541,132,1062682624,1,180000.000,123857.472,1165.976
236.872171,28.476711,28.558874,132,1062682624,1,180000.000,123854.308,1166.061
236.900320,28.149832,28.384583,141,1062682624,1,180000.000,123851.187,1166.144
236.929600,29.280040,28.500875,133,1062682624,1,180000.000,123847.942,1166.490
236.958840,29.239625,28.676500,131,1062682624,1,180000.000,123844.688,1166.836
236.985742,26.901625,28.598417,138,1062682624,1,180000.000,123841.691,1167.155
237.014958,29.216044,28.340416,134,1062682624,1,180000.000,123838.460,1167.499
237.043115,28.156873,28.932833,158,1062682624,1,180000.000,123835.310,1167.835
237.072754,29.639333,28.947124,137,1062682624,1,180000.000,123832.028,1168.184
237.101285,28.530750,28.432583,144,1062699008,1,180000.000,123828.853,1168.522
237.128813,27.528416,28.050209,128,1062699008,1,180000.000,123825.804,1168.847
237.159396,30.582666,28.978209,133,1062699008,1,180000.000,123822.405,1169.209
237.187853,28.457459,28.637959,132,1062699008,1,180000.000,123819.252,1169.545
237.215183,27.329251,28.628876,130,1062699008,1,180000.000,123816.201,1169.870
237.244484,29.301040,28.570999,130,1062699008,1,180000.000,123812.946,1170.216
237.273368,28.884627,28.598833,134,1062699008,1,180000.000,123809.730,1170.559
237.303934,30.565459,29.969500,129,1062699008,1,180000.000,123806.341,1170.920
237.331292,27.358457,28.138208,128,1062699008,1,180000.000,123803.317,1171.565
237.360755,29.462874,28.758041,131,1062699008,1,180000.000,123800.043,1172.072
237.388692,27.937416,28.536501,130,1062699008,1,180000.000,123796.921,1172.555
237.416788,28.095875,28.350000,130,1062699008,1,180000.000,123793.793,1173.039
237.445841,29.052708,28.730417,131,1062699008,1,180000.000,123790.584,1173.535
237.475317,29.476169,28.732374,128,1062699008,1,180000.000,123787.315,1174.041
237.503559,28.242163,28.265499,133,1062699008,1,180000.000,123784.171,1174.527
237.532600,29.040627,28.442583,165,1062699008,1,180000.000,123780.930,1175.029
237.561314,28.714001,28.921583,147,1062699008,1,180000.000,123777.753,1175.520
237.590378,29.064290,28.628500,143,1062699008,1,180000.000,123774.501,1176.023
237.618698,28.319791,28.955875,142,1062699008,1,180000.000,123771.383,1176.506
237.647088,28.389543,28.307875,131,1062699008,1,180000.000,123768.215,1176.996
237.676347,29.259000,28.244291,146,1062699008,1,180000.000,123764.949,1177.501
237.703881,27.534124,28.921333,138,1062715392,1,180000.000,123761.907,1177.972
237.731895,28.014541,28.394751,127,1062715392,1,180000.000,123758.791,1178.454
237.761358,29.462542,28.615084,129,1062715392,1,180000.000,123755.513,1178.961
237.789221,27.862750,28.072958,127,1062715392,1,180000.000,123752.413,1179.515
237.818012,28.790999,28.733625,137,1062715392,1,180000.000,123749.225,1180.083
237.846450,28.438710,28.192667,130,1062715392,1,180000.000,123746.076,1180.645
237.874790,28.339960,28.544167,143,1062715392,1,180000.000,123742.909,1181.211
237.903782,28.991997,28.483667,136,1062715392,1,180000.000,123739.686,1181.786
237.932724,28.941877,28.745041,148,1062715392,1,180000.000,123736.485,1182.357
237.960438,27.714081,28.837667,137,1062715392,1,180000.000,123733.381,1182.911
237.991305,30.866459,30.176001,146,1062715392,1,180000.000,123729.950,1183.523
238.023543,32.238711,30.194916,142,1062715392,1,180000.000,123726.391,1184.159
238.050962,27.419124,28.369207,140,1062715392,1,180000.000,123723.341,1184.703
238.079307,28.344832,28.379749,150,1062715392,1,180000.000,123720.205,1185.263
238.108799,29.492002,28.748959,132,1062715392,1,180000.000,123716.915,1185.850
238.136497,27.697790,28.531792,169,1062715392,1,180000.000,123713.833,1186.400
238.164632,28.134793,28.324751,137,1062715392,1,180000.000,123710.716,1186.956
238.192944,28.312415,28.344875,175,1062715392,1,180000.000,123707.558,1187.520
238.221152,28.207835,28.456167,136,1062715392,1,180000.000,123704.419,1188.128
238.250791,29.639166,28.386917,149,1062715392,1,180000.000,123701.137,1188.764
238.277843,27.051833,28.467583,160,1062715392,1,180000.000,123698.111,1189.350
238.308627,30.784085,29.730875,164,1062731776,1,180000.000,123694.695,1190.011
238.338637,30.009873,29.623833,158,1062731776,1,180000.000,123691.384,1190.653
238.366993,28.355874,28.636375,136,1062731776,1,180000.000,123688.232,1191.263
238.395232,28.238583,28.357166,142,1062731776,1,180000.000,123685.099,1191.870
238.425512,30.280042,29.069876,182,1062731776,1,180000.000,123681.722,1192.524
238.452239,26.727792,28.775000,147,1062731776,1,180000.000,123678.738,1193.102
238.482306,30.066501,28.571917,179,1062731776,1,180000.000,123675.395,1193.750
238.510282,27.976125,28.428083,150,1062731776,1,180000.000,123672.287,1194.352
238.541035,30.752622,30.122208,155,1062731776,1,180000.000,123668.889,1195.010
238.571459,30.424792,31.183167,174,1062731776,1,180000.000,123665.504,1195.666
238.598978,27.518667,28.364166,144,1062731776,1,180000.000,123662.446,1196.258
238.629160,30.182209,28.353958,178,1062731776,1,180000.000,123659.079,1196.911
238.657187,28.026957,28.273001,140,1062731776,1,180000.000,123655.967,1197.544
238.685364,28.176669,28.310499,134,1062731776,1,180000.000,123652.843,1198.179
238.713701,28.337207,28.038084,129,1062731776,1,180000.000,123649.701,1198.819
238.741721,28.019585,28.541624,172,1062731776,1,180000.000,123646.573,1199.455
238.771081,29.360540,29.678667,129,1062731776,1,180000.000,123643.325,1200.116
238.800789,29.707666,28.187666,180,1062731776,1,180000.000,123640.015,1200.789
238.828140,27.351335,28.398251,173,1062731776,1,180000.000,123636.974,1201.408
238.857488,29.347792,29.653166,143,1062731776,1,180000.000,123633.721,1202.070
238.886576,29.088415,28.343082,179,1062731776,1,180000.000,123630.501,1202.725
238.914559,27.982540,28.515125,143,1062731776,1,180000.000,123627.379,1203.360
238.942546,27.987003,28.302000,186,1062731776,1,180000.000,123624.267,1203.993
238.971691,29.145207,28.751125,143,1062731776,1,180000.000,123621.038,1204.650
239.000441,28.750166,28.640833,137,1062731776,1,180000.000,123617.842,1205.300
239.029596,29.154126,28.223125,138,1062731776,1,180000.000,123614.589,1205.962
239.058309,28.713498,28.256332,139,1062731776,1,180000.000,123611.398,1206.611
239.085286,26.976958,28.316708,137,1062731776,1,180000.000,123608.424,1207.216
239.114397,29.111542,28.493500,166,1062731776,1,180000.000,123605.170,1207.896
239.144145,29.747002,28.623709,146,1062731776,1,180000.000,123601.875,1208.584
239.171781,27.636915,28.461708,137,1062731776,1,180000.000,123598.796,1209.227
239.200865,29.083710,28.140751,170,1062731776,1,180000.000,123595.576,1209.900
239.229004,28.138582,28.321959,141,1062731776,1,180000.000,123592.456,1210.552
239.258278,29.274374,29.137167,171,1062731776,1,180000.000,123589.182,1211.236
239.286283,28.004628,28.427042,151,1062731776,1,180000.000,123586.074,1211.885
239.315187,28.904498,28.480125,150,1062731776,1,180000.000,123582.877,1212.553
239.343397,28.210167,28.548208,144,1062731776,1,180000.000,123579.730,1213.210
239.370830,27.432833,28.528749,143,1062748160,1,180000.000,123576.678,1213.848
239.400653,29.822502,28.874624,142,1062748160,1,180000.000,123573.378,1214.538
239.428490,27.837124,28.148417,131,1062748160,1,180000.000,123570.282,1215.184
239.457982,29.492207,28.102125,132,1062748160,1,180000.000,123567.003,1215.869
239.485390,27.408335,28.408709,130,1062748160,1,180000.000,123563.954,1216.506
239.514408,29.017583,28.319458,132,1062748160,1,180000.000,123560.728,1217.180
239.542190,27.781665,28.151041,140,1062748160,1,180000.000,123557.645,1217.824
239.570101,27.911711,28.372749,133,1062748160,1,180000.000,123554.547,1218.477
239.598794,28.692666,28.286917,143,1062748160,1,180000.000,123551.357,1219.149
239.627718,28.923914,28.333000,129,1062748160,1,180000.000,123548.127,1219.830
239.655853,28.134625,27.931583,137,1062748160,1,180000.000,123545.015,1220.486
239.683626,27.773958,28.281334,130,1062748160,1,180000.000,123541.928,1221.136
239.712096,28.469961,28.010334,131,1062748160,1,180000.000,123538.755,1221.805
239.740634,28.537832,28.309668,138,1062748160,1,180000.000,123535.589,1222.472
239.769039,28.404750,28.467291,129,1062748160,1,180000.000,123532.444,1223.135
239.798307,29.268332,28.226749,144,1062748160,1,180000.000,123529.191,1223.820
239.826100,27.792502,28.659374,142,1062748160,1,180000.000,123526.090,1224.474
239.854042,27.942374,28.328625,139,1062764544,1,180000.000,123522.998,1225.125
239.883454,29.412210,28.579916,144,1062764544,1,180000.000,123519.731,1225.813
239.911853,28.398998,28.219208,148,1062764544,1,180000.000,123516.570,1226.480
239.939810,27.956583,28.533541,141,1062764544,1,180000.000,123513.460,1227.135
239.967913,28.102834,28.843000,149,1062764544,1,180000.000,123510.333,1227.794
239.996320,28.407499,28.269541,148,1062764544,1,180000.000,123507.172,1228.460
