path,sha256,bytes,status,owner,source_inputs,license,tool_version
.gitignore,c893c2eb13333341a65d2959b2c1c34825b83375e8ff8c09b0cf18f12edba41d,2636,Provisional technical; historical acceptance excluded,AuraProj terrain,ELEV-002; MAP-001; OSM-001; prototype contract; repository tooling,Project-authored; DTM CC BY 4.0; map public domain; OSM-derived overlay ODbL,UE 5.5.4 CL 40574608; pinned terrain Python environment
Content/Canton/Provisional/Maps/L_Canton_WalledCity_PROVISIONAL.umap,50d3f6f9e983876cb83e9a76daf1a5f6ee4e2e13d3d1d60aa51914955af2cf74,13499,Provisional technical; historical acceptance excluded,AuraProj terrain,ELEV-002; MAP-001; OSM-001; prototype contract; repository tooling,Project-authored; DTM CC BY 4.0; map public domain; OSM-derived overlay ODbL,UE 5.5.4 CL 40574608; pinned terrain Python environment
Content/Canton/Provisional/Maps/L_Canton_WalledCity_PROVISIONAL_HLODLayer_Instanced.uasset,7b75762b46ea746fcd3ce4e8f81d01f6be313c208226887fa173aedad5ec975a,2202,Provisional technical; historical acceptance excluded,AuraProj terrain,ELEV-002; MAP-001; OSM-001; prototype contract; repository tooling,Project-authored; DTM CC BY 4.0; map public domain; OSM-derived overlay ODbL,UE 5.5.4 CL 40574608; pinned terrain Python environment
Content/Canton/Provisional/Maps/L_Canton_WalledCity_PROVISIONAL_HLODLayer_Merged.uasset,9ab8b68edb23f3b4a8cd7d75909a16b5d39903688406411d11d32dc13aa9c131,3459,Provisional technical; historical acceptance excluded,AuraProj terrain,ELEV-002; MAP-001; OSM-001; prototype contract; repository tooling,Project-authored; DTM CC BY 4.0; map public domain; OSM-derived overlay ODbL,UE 5.5.4 CL 40574608; pinned terrain Python environment
Content/Canton/Provisional/Terrain/MI_Diagnostic_PROVISIONAL.uasset,7922900a0727d2ecf22bdb0e5bc1cefea8c8fe1d0b4e07684545076289dcbe73,6318,Provisional technical; historical acceptance excluded,AuraProj terrain,ELEV-002; MAP-001; OSM-001; prototype contract; repository tooling,Project-authored; DTM CC BY 4.0; map public domain; OSM-derived overlay ODbL,UE 5.5.4 CL 40574608; pinned terrain Python environment
Content/Canton/Provisional/Terrain/M_Diagnostic_PROVISIONAL.uasset,f8b7c954f398794a3b761752c875a7301bde8e597c340f8b437b7c5c18a535c3,8823,Provisional technical; historical acceptance excluded,AuraProj terrain,ELEV-002; MAP-001; OSM-001; prototype contract; repository tooling,Project-authored; DTM CC BY 4.0; map public domain; OSM-derived overlay ODbL,UE 5.5.4 CL 40574608; pinned terrain Python environment
Content/Canton/Provisional/Terrain/M_GateMarkers_PROVISIONAL.uasset,a544114cd8d5f5b8611e382e606ce41565bc7981a05b337a4181a0563db455cf,9586,Provisional technical; historical acceptance excluded,AuraProj terrain,ELEV-002; MAP-001; OSM-001; prototype contract; repository tooling,Project-authored; DTM CC BY 4.0; map public domain; OSM-derived overlay ODbL,UE 5.5.4 CL 40574608; pinned terrain Python environment
Content/Canton/Provisional/Terrain/M_WallMarkers_PROVISIONAL.uasset,30b93e1a73e0f8ec0b580f88a88779bfb50dbe9eaeade596d6cb4ecdeb9f7c3f,9446,Provisional technical; historical acceptance excluded,AuraProj terrain,ELEV-002; MAP-001; OSM-001; prototype contract; repository tooling,Project-authored; DTM CC BY 4.0; map public domain; OSM-derived overlay ODbL,UE 5.5.4 CL 40574608; pinned terrain Python environment
Content/__ExternalActors__/Canton/Provisional/Maps/L_Canton_WalledCity_PROVISIONAL/0/0C/C3NW92RRPHGTTWTYRWUCD9.uasset,f4993ee730f853f6e78393b38d3a7aff2e3dc13f470ab857247ec73bbb90cc3b,4432,Provisional technical; historical acceptance excluded,AuraProj terrain,ELEV-002; MAP-001; OSM-001; prototype contract; repository tooling,Project-authored; DTM CC BY 4.0; map public domain; OSM-derived overlay ODbL,UE 5.5.4 CL 40574608; pinned terrain Python environment
Content/__ExternalActors__/Canton/Provisional/Maps/L_Canton_WalledCity_PROVISIONAL/0/16/X5NS9MTAN2U01G5QEFTFYW.uasset,754f5c202841808215f3e63083f8f4c246989d459c1f6e7f97b514701c98e653,4432,Provisional technical; historical acceptance excluded,AuraProj terrain,ELEV-002; MAP-001; OSM-001; prototype contract; repository tooling,Project-authored; DTM CC BY 4.0; map public domain; OSM-derived overlay ODbL,UE 5.5.4 CL 40574608; pinned terrain Python environment
Content/__ExternalActors__/Canton/Provisional/Maps/L_Canton_WalledCity_PROVISIONAL/0/1I/9PQAO65M32N8NXH1QJ0JC3.uasset,bb6eaaefed6aebd21e8138fcdd528515fab5dbbcbc8924d5722f11a059ed2266,4434,Provisional technical; historical acceptance excluded,AuraProj terrain,ELEV-002; MAP-001; OSM-001; prototype contract; repository tooling,Project-authored; DTM CC BY 4.0; map public domain; OSM-derived overlay ODbL,UE 5.5.4 CL 40574608; pinned terrain Python environment
Content/__ExternalActors__/Canton/Provisional/Maps/L_Canton_WalledCity_PROVISIONAL/0/1P/C86BVFNUB7PEPM45YZJ8Z2.uasset,940a13f90716592934ed51e3e4cd57640f824b7940aa453e67e89384528fe5bc,4432,Provisional technical; historical acceptance excluded,AuraProj terrain,ELEV-002; MAP-001; OSM-001; prototype contract; repository tooling,Project-authored; DTM CC BY 4.0; map public domain; OSM-derived overlay ODbL,UE 5.5.4 CL 40574608; pinned terrain Python environment
Content/__ExternalActors__/Canton/Provisional/Maps/L_Canton_WalledCity_PROVISIONAL/0/1Q/NPEENFCGMR266AMIYVX9LB.uasset,ce71da71cbee89a4469fe5cf357c72b759ed07b91d9040b2af2d13427464c2d8,4432,Provisional technical; historical acceptance excluded,AuraProj terrain,ELEV-002; MAP-001; OSM-001; prototype contract; repository tooling,Project-authored; DTM CC BY 4.0; map public domain; OSM-derived overlay ODbL,UE 5.5.4 CL 40574608; pinned terrain Python environment
Content/__ExternalActors__/Canton/Provisional/Maps/L_Canton_WalledCity_PROVISIONAL/0/2M/FKN08ZUH76UBEF78SA7QDY.uasset,06ee9ac280b5920d77a103a0417fd44e7204b8b18730a261342f3f6af1da8ad8,4434,Provisional technical; historical acceptance excluded,AuraProj terrain,ELEV-002; MAP-001; OSM-001; prototype contract; repository tooling,Project-authored; DTM CC BY 4.0; map public domain; OSM-derived overlay ODbL,UE 5.5.4 CL 40574608; pinned terrain Python environment
Content/__ExternalActors__/Canton/Provisional/Maps/L_Canton_WalledCity_PROVISIONAL/0/2N/SEXSF1RNPRRK5GXD39U4JC.uasset,2acb9620d5d75a808f3f63ae8d8c6b77333cc9166b27d139cb8c0414d373b78f,4432,Provisional technical; historical acceptance excluded,AuraProj terrain,ELEV-002; MAP-001; OSM-001; prototype contract; repository tooling,Project-authored; DTM CC BY 4.0; map public domain; OSM-derived overlay ODbL,UE 5.5.4 CL 40574608; pinned terrain Python environment
Content/__ExternalActors__/Canton/Provisional/Maps/L_Canton_WalledCity_PROVISIONAL/0/3O/3A5S8Q9ZSMY43F07JMRH3K.uasset,916e64b964069e5c061633bde857cc0f82a96db44fcc3429db7894ef5ce60739,4432,Provisional technical; historical acceptance excluded,AuraProj terrain,ELEV-002; MAP-001; OSM-001; prototype contract; repository tooling,Project-authored; DTM CC BY 4.0; map public domain; OSM-derived overlay ODbL,UE 5.5.4 CL 40574608; pinned terrain Python environment
Content/__ExternalActors__/Canton/Provisional/Maps/L_Canton_WalledCity_PROVISIONAL/0/7U/CKA9VHD7TFA2S1TTURJKGF.uasset,e2b5075c4eabae7ea2ab55480b6c685ab73f1d3084710653fa636b3e94cca257,4434,Provisional technical; historical acceptance excluded,AuraProj terrain,ELEV-002; MAP-001; OSM-001; prototype contract; repository tooling,Project-authored; DTM CC BY 4.0; map public domain; OSM-derived overlay ODbL,UE 5.5.4 CL 40574608; pinned terrain Python environment
Content/__ExternalActors__/Canton/Provisional/Maps/L_Canton_WalledCity_PROVISIONAL/0/8G/L8NI8V14YXG9E95M3EA4GL.uasset,c45c86d76b36ccbd357302568473102d9a3666e22ea065457e12f5354525f492,4432,Provisional technical; historical acceptance excluded,AuraProj terrain,ELEV-002; MAP-001; OSM-001; prototype contract; repository tooling,Project-authored; DTM CC BY 4.0; map public domain; OSM-derived overlay ODbL,UE 5.5.4 CL 40574608; pinned terrain Python environment
Content/__ExternalActors__/Canton/Provisional/Maps/L_Canton_WalledCity_PROVISIONAL/0/8R/3UTDTO5SX1921D537MQ3BH.uasset,30eb7841755026faa17f020d312eaeec398eff79cd4778bd70f40beef71f020c,4432,Provisional technical; historical acceptance excluded,AuraProj terrain,ELEV-002; MAP-001; OSM-001; prototype contract; repository tooling,Project-authored; DTM CC BY 4.0; map public domain; OSM-derived overlay ODbL,UE 5.5.4 CL 40574608; pinned terrain Python environment
Content/__ExternalActors__/Canton/Provisional/Maps/L_Canton_WalledCity_PROVISIONAL/0/AO/NL2ZNAGUKZYGGMB16ZP674.uasset,1bafecf7eee2baca5e9537f7a1d5b4e5f7f49f1073f3c707ca6eaf0b0d7b60b6,4434,Provisional technical; historical acceptance excluded,AuraProj terrain,ELEV-002; MAP-001; OSM-001; prototype contract; repository tooling,Project-authored; DTM CC BY 4.0; map public domain; OSM-derived overlay ODbL,UE 5.5.4 CL 40574608; pinned terrain Python environment
Content/__ExternalActors__/Canton/Provisional/Maps/L_Canton_WalledCity_PROVISIONAL/0/CA/OYQFADYZZJYFI986J9MZYM.uasset,b0f708de360174f81f6c5dce6378b6237b730658bf88474e1b079a9587e28d10,4432,Provisional technical; historical acceptance excluded,AuraProj terrain,ELEV-002; MAP-001; OSM-001; prototype contract; repository tooling,Project-authored; DTM CC BY 4.0; map public domain; OSM-derived overlay ODbL,UE 5.5.4 CL 40574608; pinned terrain Python environment
Content/__ExternalActors__/Canton/Provisional/Maps/L_Canton_WalledCity_PROVISIONAL/0/CJ/LFPYRYMQ8F0S0PJ52333UY.uasset,6983f0262c853d5a119d55ca35b6ba8cf2fc0440b4082f960358ef2f2bf1f968,4434,Provisional technical; historical acceptance excluded,AuraProj terrain,ELEV-002; MAP-001; OSM-001; prototype contract; repository tooling,Project-authored; DTM CC BY 4.0; map public domain; OSM-derived overlay ODbL,UE 5.5.4 CL 40574608; pinned terrain Python environment
Content/__ExternalActors__/Canton/Provisional/Maps/L_Canton_WalledCity_PROVISIONAL/0/D9/FC82OVQOWLZOKPDJTRA5NU.uasset,58e4e1291bddba5e5dba7fe8493ee96bf5ab6d79c885b400dd6b3c2098f34a78,4434,Provisional technical; historical acceptance excluded,AuraProj terrain,ELEV-002; MAP-001; OSM-001; prototype contract; repository tooling,Project-authored; DTM CC BY 4.0; map public domain; OSM-derived overlay ODbL,UE 5.5.4 CL 40574608; pinned terrain Python environment
Content/__ExternalActors__/Canton/Provisional/Maps/L_Canton_WalledCity_PROVISIONAL/0/DT/YXL62SD88THHA69R1KGBRQ.uasset,02f651c665ded946d3f55a2f6ce867b768e5b9e3977515a456dd8bf0324dc585,4432,Provisional technical; historical acceptance excluded,AuraProj terrain,ELEV-002; MAP-001; OSM-001; prototype contract; repository tooling,Project-authored; DTM CC BY 4.0; map public domain; OSM-derived overlay ODbL,UE 5.5.4 CL 40574608; pinned terrain Python environment
Content/__ExternalActors__/Canton/Provisional/Maps/L_Canton_WalledCity_PROVISIONAL/0/ET/C6G5TUZZ8G8NSX5V5P3AB6.uasset,ff874b0c26c3b611deeb702082046e72bb8137d278a3db09d81fc31adc463291,4432,Provisional technical; historical acceptance excluded,AuraProj terrain,ELEV-002; MAP-001; OSM-001; prototype contract; repository tooling,Project-authored; DTM CC BY 4.0; map public domain; OSM-derived overlay ODbL,UE 5.5.4 CL 40574608; pinned terrain Python environment
Content/__ExternalActors__/Canton/Provisional/Maps/L_Canton_WalledCity_PROVISIONAL/0/F3/IYUMUPDB82OY28COJ97AXE.uasset,bd4dd22060d89b15b7720730c2676fd8b22c2fdf029845870bc9fe4d3ae5ce07,4434,Provisional technical; historical acceptance excluded,AuraProj terrain,ELEV-002; MAP-001; OSM-001; prototype contract; repository tooling,Project-authored; DTM CC BY 4.0; map public domain; OSM-derived overlay ODbL,UE 5.5.4 CL 40574608; pinned terrain Python environment
Content/__ExternalActors__/Canton/Provisional/Maps/L_Canton_WalledCity_PROVISIONAL/0/FI/NJJ43CYCQXCEWE2G022BMP.uasset,142516f5fec4249ddc4bbbb00e56b24c96564c6d63a5becf215cf1fce24d9109,4432,Provisional technical; historical acceptance excluded,AuraProj terrain,ELEV-002; MAP-001; OSM-001; prototype contract; repository tooling,Project-authored; DTM CC BY 4.0; map public domain; OSM-derived overlay ODbL,UE 5.5.4 CL 40574608; pinned terrain Python environment
Content/__ExternalActors__/Canton/Provisional/Maps/L_Canton_WalledCity_PROVISIONAL/0/HJ/5WNHSPCQZI06QJYB55WHTW.uasset,948e97074b7ffd654ca94db347ceb0184acbbcbbbb52d3e108b142a4b73f7e9b,4434,Provisional technical; historical acceptance excluded,AuraProj terrain,ELEV-002; MAP-001; OSM-001; prototype contract; repository tooling,Project-authored; DTM CC BY 4.0; map public domain; OSM-derived overlay ODbL,UE 5.5.4 CL 40574608; pinned terrain Python environment
Content/__ExternalActors__/Canton/Provisional/Maps/L_Canton_WalledCity_PROVISIONAL/0/IS/M7V2XIJ2EDZAVZS7WR3N8D.uasset,6c5a80f12aa14d5b2c6e103dbe2c355c0d3fc9d2ec11089fd57fe1063a412528,4432,Provisional technical; historical acceptance excluded,AuraProj terrain,ELEV-002; MAP-001; OSM-001; prototype contract; repository tooling,Project-authored; DTM CC BY 4.0; map public domain; OSM-derived overlay ODbL,UE 5.5.4 CL 40574608; pinned terrain Python environment
Content/__ExternalActors__/Canton/Provisional/Maps/L_Canton_WalledCity_PROVISIONAL/0/JS/JVAHZUZGPLHYAJJ7XXSE5F.uasset,c5395f6f319aac2135c68098a03f6c840381953882e2c898842c077ee2bedb6e,4434,Provisional technical; historical acceptance excluded,AuraProj terrain,ELEV-002; MAP-001; OSM-001; prototype contract; repository tooling,Project-authored; DTM CC BY 4.0; map public domain; OSM-derived overlay ODbL,UE 5.5.4 CL 40574608; pinned terrain Python environment
Content/__ExternalActors__/Canton/Provisional/Maps/L_Canton_WalledCity_PROVISIONAL/0/JV/8RQYNNI2LMT6RU1PJACBPP.uasset,ccfacf2c99188a8a233da6ba434127f9af07cb71d276c814b45f74a2c6c9be5c,1323307,Provisional technical; historical acceptance excluded,AuraProj terrain,ELEV-002; MAP-001; OSM-001; prototype contract; repository tooling,Project-authored; DTM CC BY 4.0; map public domain; OSM-derived overlay ODbL,UE 5.5.4 CL 40574608; pinned terrain Python environment
Content/__ExternalActors__/Canton/Provisional/Maps/L_Canton_WalledCity_PROVISIONAL/0/KT/AG7RJ7R0VYLXA4ZXJKCJW5.uasset,849aff965ad8c81b7a44d6be1c3138ae4eea750d846f31102b5a72c645386c0e,4434,Provisional technical; historical acceptance excluded,AuraProj terrain,ELEV-002; MAP-001; OSM-001; prototype contract; repository tooling,Project-authored; DTM CC BY 4.0; map public domain; OSM-derived overlay ODbL,UE 5.5.4 CL 40574608; pinned terrain Python environment
Content/__ExternalActors__/Canton/Provisional/Maps/L_Canton_WalledCity_PROVISIONAL/0/M0/CCF7O1T3B5X77DATAWS3D8.uasset,12b90f119fe95619ae5ead9f8d129587b154d4f5dbcf2f5752ba0bcd32c83a4e,4432,Provisional technical; historical acceptance excluded,AuraProj terrain,ELEV-002; MAP-001; OSM-001; prototype contract; repository tooling,Project-authored; DTM CC BY 4.0; map public domain; OSM-derived overlay ODbL,UE 5.5.4 CL 40574608; pinned terrain Python environment
Content/__ExternalActors__/Canton/Provisional/Maps/L_Canton_WalledCity_PROVISIONAL/0/M4/XJ39W5HN6ICA8O3DF79SBW.uasset,fa3cd98a9a3d74f72e1e6a568350b473e0bc87708328916d9109d08ae6da9ca0,4434,Provisional technical; historical acceptance excluded,AuraProj terrain,ELEV-002; MAP-001; OSM-001; prototype contract; repository tooling,Project-authored; DTM CC BY 4.0; map public domain; OSM-derived overlay ODbL,UE 5.5.4 CL 40574608; pinned terrain Python environment
Content/__ExternalActors__/Canton/Provisional/Maps/L_Canton_WalledCity_PROVISIONAL/0/OD/QFKF87BCNQY8BN4W7GKXT4.uasset,6f2d8b6bda49dfe46b3108ef091de03dab03679bbacdbd1863b61c0eb31c02a5,1292475,Provisional technical; historical acceptance excluded,AuraProj terrain,ELEV-002; MAP-001; OSM-001; prototype contract; repository tooling,Project-authored; DTM CC BY 4.0; map public domain; OSM-derived overlay ODbL,UE 5.5.4 CL 40574608; pinned terrain Python environment
Content/__ExternalActors__/Canton/Provisional/Maps/L_Canton_WalledCity_PROVISIONAL/0/QV/28LB4ALNIB162FGU3OFFLU.uasset,0644c11fbfd5f19d8aefdfc5d235e29db968be69d40062ccacf22f996a1637ab,4434,Provisional technical; historical acceptance excluded,AuraProj terrain,ELEV-002; MAP-001; OSM-001; prototype contract; repository tooling,Project-authored; DTM CC BY 4.0; map public domain; OSM-derived overlay ODbL,UE 5.5.4 CL 40574608; pinned terrain Python environment
Content/__ExternalActors__/Canton/Provisional/Maps/L_Canton_WalledCity_PROVISIONAL/0/S4/4JGKYV2LJYQQAWCRGS73T7.uasset,3f09a0c318c0f6541231bc42d52f191c0fe7131d9a0495e31199083331f08e86,4434,Provisional technical; historical acceptance excluded,AuraProj terrain,ELEV-002; MAP-001; OSM-001; prototype contract; repository tooling,Project-authored; DTM CC BY 4.0; map public domain; OSM-derived overlay ODbL,UE 5.5.4 CL 40574608; pinned terrain Python environment
Content/__ExternalActors__/Canton/Provisional/Maps/L_Canton_WalledCity_PROVISIONAL/0/TG/DZO6CHERWXFE8LF1XA84XD.uasset,c2f9b280afa867cb74e2e151699204b4735829fa6257c5c1eca3b4eacae50cce,4434,Provisional technical; historical acceptance excluded,AuraProj terrain,ELEV-002; MAP-001; OSM-001; prototype contract; repository tooling,Project-authored; DTM CC BY 4.0; map public domain; OSM-derived overlay ODbL,UE 5.5.4 CL 40574608; pinned terrain Python environment
Content/__ExternalActors__/Canton/Provisional/Maps/L_Canton_WalledCity_PROVISIONAL/0/TR/1CNA8OS1ME0326IT7J5FI4.uasset,f95ebf4668519c95f0a6dfd6a198a1e8116c28fcbd2bd9723345db8c1a7b50d6,4434,Provisional technical; historical acceptance excluded,AuraProj terrain,ELEV-002; MAP-001; OSM-001; prototype contract; repository tooling,Project-authored; DTM CC BY 4.0; map public domain; OSM-derived overlay ODbL,UE 5.5.4 CL 40574608; pinned terrain Python environment
Content/__ExternalActors__/Canton/Provisional/Maps/L_Canton_WalledCity_PROVISIONAL/0/UB/HQX0EODMQ9FAJEMP65ACII.uasset,5dcdc1d1e3f4837058838b4fc78aa35fdb1a04e7780cc85946129b9fc26a4923,4434,Provisional technical; historical acceptance excluded,AuraProj terrain,ELEV-002; MAP-001; OSM-001; prototype contract; repository tooling,Project-authored; DTM CC BY 4.0; map public domain; OSM-derived overlay ODbL,UE 5.5.4 CL 40574608; pinned terrain Python environment
Content/__ExternalActors__/Canton/Provisional/Maps/L_Canton_WalledCity_PROVISIONAL/0/V5/FLYSCI432L2W963IL1I6RO.uasset,798bc378c5b3e03cbfd7bf46328107e83e479b446131a361b35a1493ab526b03,4434,Provisional technical; historical acceptance excluded,AuraProj terrain,ELEV-002; MAP-001; OSM-001; prototype contract; repository tooling,Project-authored; DTM CC BY 4.0; map public domain; OSM-derived overlay ODbL,UE 5.5.4 CL 40574608; pinned terrain Python environment
Content/__ExternalActors__/Canton/Provisional/Maps/L_Canton_WalledCity_PROVISIONAL/0/X6/QUQHKT9X64C75745H40HEM.uasset,eb519ccdb5b0df7b8a8ae629474661d4bfe4bb7ee1625e8309685a43f44141f3,4432,Provisional technical; historical acceptance excluded,AuraProj terrain,ELEV-002; MAP-001; OSM-001; prototype contract; repository tooling,Project-authored; DTM CC BY 4.0; map public domain; OSM-derived overlay ODbL,UE 5.5.4 CL 40574608; pinned terrain Python environment
Content/__ExternalActors__/Canton/Provisional/Maps/L_Canton_WalledCity_PROVISIONAL/0/XZ/MG4Z3W51GNX78VZ7PKRGJO.uasset,682123bba14823e615f9df8286cd19a081d551de01abbbd285def5089a9ca03d,4434,Provisional technical; historical acceptance excluded,AuraProj terrain,ELEV-002; MAP-001; OSM-001; prototype contract; repository tooling,Project-authored; DTM CC BY 4.0; map public domain; OSM-derived overlay ODbL,UE 5.5.4 CL 40574608; pinned terrain Python environment
Content/__ExternalActors__/Canton/Provisional/Maps/L_Canton_WalledCity_PROVISIONAL/0/YJ/3D7B9EFRMOC6LIF58GHTM6.uasset,020c55cb4ca4b9484792f425832c0926e4e5b7e77d81b50fd8cc35b1c2361282,4434,Provisional technical; historical acceptance excluded,AuraProj terrain,ELEV-002; MAP-001; OSM-001; prototype contract; repository tooling,Project-authored; DTM CC BY 4.0; map public domain; OSM-derived overlay ODbL,UE 5.5.4 CL 40574608; pinned terrain Python environment
Content/__ExternalActors__/Canton/Provisional/Maps/L_Canton_WalledCity_PROVISIONAL/0/YZ/46I4RYFIPRM12TA5SR6OGO.uasset,c77382a412ee2ff6f086e484142a92a3e25bda83ec1fb233313b1e019ea27feb,4432,Provisional technical; historical acceptance excluded,AuraProj terrain,ELEV-002; MAP-001; OSM-001; prototype contract; repository tooling,Project-authored; DTM CC BY 4.0; map public domain; OSM-derived overlay ODbL,UE 5.5.4 CL 40574608; pinned terrain Python environment
Content/__ExternalActors__/Canton/Provisional/Maps/L_Canton_WalledCity_PROVISIONAL/0/Z7/KB94AC6HWF1S3VC4A95LK4.uasset,6a91d12bc2c8e20b81f42be7e9466456a4f433ff243ae5324771636c56fa26dd,4434,Provisional technical; historical acceptance excluded,AuraProj terrain,ELEV-002; MAP-001; OSM-001; prototype contract; repository tooling,Project-authored; DTM CC BY 4.0; map public domain; OSM-derived overlay ODbL,UE 5.5.4 CL 40574608; pinned terrain Python environment
Content/__ExternalActors__/Canton/Provisional/Maps/L_Canton_WalledCity_PROVISIONAL/1/0E/OP5Q37T53W3L2A4I4THXHR.uasset,f4435d3a9f000990c15ed1cef549402a5fe630d35e4ea1b42b9d55c18d4b882f,4434,Provisional technical; historical acceptance excluded,AuraProj terrain,ELEV-002; MAP-001; OSM-001; prototype contract; repository tooling,Project-authored; DTM CC BY 4.0; map public domain; OSM-derived overlay ODbL,UE 5.5.4 CL 40574608; pinned terrain Python environment
Content/__ExternalActors__/Canton/Provisional/Maps/L_Canton_WalledCity_PROVISIONAL/1/1G/COLMWDN22TS1LAUBONUEXA.uasset,cf199329a3c5c44f175feed35c807bbebebffeb67db2ca4d71fae4f96ce79fa9,4434,Provisional technical; historical acceptance excluded,AuraProj terrain,ELEV-002; MAP-001; OSM-001; prototype contract; repository tooling,Project-authored; DTM CC BY 4.0; map public domain; OSM-derived overlay ODbL,UE 5.5.4 CL 40574608; pinned terrain Python environment
Content/__ExternalActors__/Canton/Provisional/Maps/L_Canton_WalledCity_PROVISIONAL/1/4G/O813B3Z8Z2ZJOOSGC9SDX1.uasset,47721030c53df334da41bf73fe381b93354e88f3f9ce8fe63dad0003b22ad7b8,4432,Provisional technical; historical acceptance excluded,AuraProj terrain,ELEV-002; MAP-001; OSM-001; prototype contract; repository tooling,Project-authored; DTM CC BY 4.0; map public domain; OSM-derived overlay ODbL,UE 5.5.4 CL 40574608; pinned terrain Python environment
Content/__ExternalActors__/Canton/Provisional/Maps/L_Canton_WalledCity_PROVISIONAL/1/4U/15E7G1DMQ3OKOQ7QBUOMJ7.uasset,c90dd312faaa3638ebb1d33e2a2b214cbfd3fe8e8adb17a5c0c120c4a56935db,4434,Provisional technical; historical acceptance excluded,AuraProj terrain,ELEV-002; MAP-001; OSM-001; prototype contract; repository tooling,Project-authored; DTM CC BY 4.0; map public domain; OSM-derived overlay ODbL,UE 5.5.4 CL 40574608; pinned terrain Python environment
Content/__ExternalActors__/Canton/Provisional/Maps/L_Canton_WalledCity_PROVISIONAL/1/5B/RZZ7Z8XAFJL5SBHGSHPINR.uasset,e3a9f9fbc4c831129a8cc5913bd8cd8d716ed744f80c7e92cf1f8892ab970e6a,4432,Provisional technical; historical acceptance excluded,AuraProj terrain,ELEV-002; MAP-001; OSM-001; prototype contract; repository tooling,Project-authored; DTM CC BY 4.0; map public domain; OSM-derived overlay ODbL,UE 5.5.4 CL 40574608; pinned terrain Python environment
Content/__ExternalActors__/Canton/Provisional/Maps/L_Canton_WalledCity_PROVISIONAL/1/5P/ZV7H5B4YPNJBJ6EOU1AI6Z.uasset,1266b5a534378fe883ed277f5fabab2af668b568b82666a8829892d81f138c86,4432,Provisional technical; historical acceptance excluded,AuraProj terrain,ELEV-002; MAP-001; OSM-001; prototype contract; repository tooling,Project-authored; DTM CC BY 4.0; map public domain; OSM-derived overlay ODbL,UE 5.5.4 CL 40574608; pinned terrain Python environment
Content/__ExternalActors__/Canton/Provisional/Maps/L_Canton_WalledCity_PROVISIONAL/1/5T/8GQZWUYB8JQLGEUNGFHD48.uasset,39400e3806735a4b2a5c032ba214dffd98c26d44bfb63427f3671d313176c9ad,4432,Provisional technical; historical acceptance excluded,AuraProj terrain,ELEV-002; MAP-001; OSM-001; prototype contract; repository tooling,Project-authored; DTM CC BY 4.0; map public domain; OSM-derived overlay ODbL,UE 5.5.4 CL 40574608; pinned terrain Python environment
Content/__ExternalActors__/Canton/Provisional/Maps/L_Canton_WalledCity_PROVISIONAL/1/7C/ELMAPCMZWBL6HIA7QHTIMO.uasset,52a373a56920a0a5790319c0db492e7889b12323d4340ec4d3c92a758d543e0c,4434,Provisional technical; historical acceptance excluded,AuraProj terrain,ELEV-002; MAP-001; OSM-001; prototype contract; repository tooling,Project-authored; DTM CC BY 4.0; map public domain; OSM-derived overlay ODbL,UE 5.5.4 CL 40574608; pinned terrain Python environment
Content/__ExternalActors__/Canton/Provisional/Maps/L_Canton_WalledCity_PROVISIONAL/1/8H/G2ORRMK6FQPFV0N3UVPVXJ.uasset,f9431a8f4459bee8c731690fb696fe41d9fbf235538938cffcf8300575fa990a,4434,Provisional technical; historical acceptance excluded,AuraProj terrain,ELEV-002; MAP-001; OSM-001; prototype contract; repository tooling,Project-authored; DTM CC BY 4.0; map public domain; OSM-derived overlay ODbL,UE 5.5.4 CL 40574608; pinned terrain Python environment
Content/__ExternalActors__/Canton/Provisional/Maps/L_Canton_WalledCity_PROVISIONAL/1/8O/M8BCFNARZOSSU8RZ6DEKIL.uasset,6f2d7370689bcd1c765e258e7c2ae5341718ef3371c890894c0c2ea0524f8027,1294349,Provisional technical; historical acceptance excluded,AuraProj terrain,ELEV-002; MAP-001; OSM-001; prototype contract; repository tooling,Project-authored; DTM CC BY 4.0; map public domain; OSM-derived overlay ODbL,UE 5.5.4 CL 40574608; pinned terrain Python environment
Content/__ExternalActors__/Canton/Provisional/Maps/L_Canton_WalledCity_PROVISIONAL/1/9L/3EH4ECZJ94WD5W3VP7OIWH.uasset,8b9384dbd0b68b59673b1c050fba2295ed57bf44267b3fb18b46982b6250f7d0,4432,Provisional technical; historical acceptance excluded,AuraProj terrain,ELEV-002; MAP-001; OSM-001; prototype contract; repository tooling,Project-authored; DTM CC BY 4.0; map public domain; OSM-derived overlay ODbL,UE 5.5.4 CL 40574608; pinned terrain Python environment
Content/__ExternalActors__/Canton/Provisional/Maps/L_Canton_WalledCity_PROVISIONAL/1/9Q/OPYU94IOU64XBWDYOBN0TJ.uasset,3a1a3af61e17ee3c2af288bfed5dccb71e608bb53c1434e441caccb0dfe88c1e,4434,Provisional technical; historical acceptance excluded,AuraProj terrain,ELEV-002; MAP-001; OSM-001; prototype contract; repository tooling,Project-authored; DTM CC BY 4.0; map public domain; OSM-derived overlay ODbL,UE 5.5.4 CL 40574608; pinned terrain Python environment
Content/__ExternalActors__/Canton/Provisional/Maps/L_Canton_WalledCity_PROVISIONAL/1/9X/E4Y9J7736DE099ZOEPN67M.uasset,772adfb174eaf48438fb4639f944abf2768795fb9459da7e73e38b528aa93e20,4434,Provisional technical; historical acceptance excluded,AuraProj terrain,ELEV-002; MAP-001; OSM-001; prototype contract; repository tooling,Project-authored; DTM CC BY 4.0; map public domain; OSM-derived overlay ODbL,UE 5.5.4 CL 40574608; pinned terrain Python environment
Content/__ExternalActors__/Canton/Provisional/Maps/L_Canton_WalledCity_PROVISIONAL/1/9X/MYHIPCE3T56ETOQ2GNVD83.uasset,e002113241f7abdfb8573a1139643578ac6a0501d9ea4b61cb18cc75efefcbb3,4434,Provisional technical; historical acceptance excluded,AuraProj terrain,ELEV-002; MAP-001; OSM-001; prototype contract; repository tooling,Project-authored; DTM CC BY 4.0; map public domain; OSM-derived overlay ODbL,UE 5.5.4 CL 40574608; pinned terrain Python environment
Content/__ExternalActors__/Canton/Provisional/Maps/L_Canton_WalledCity_PROVISIONAL/1/BF/H1QHN5SSXLSQ69ZAFTJC33.uasset,812bd14ff2ce477f6c40504b1455eb5271c5056fca9e3c59d39d6ab2837f7ba7,4432,Provisional technical; historical acceptance excluded,AuraProj terrain,ELEV-002; MAP-001; OSM-001; prototype contract; repository tooling,Project-authored; DTM CC BY 4.0; map public domain; OSM-derived overlay ODbL,UE 5.5.4 CL 40574608; pinned terrain Python environment
Content/__ExternalActors__/Canton/Provisional/Maps/L_Canton_WalledCity_PROVISIONAL/1/C4/RZ4S6QOGD7WA2BCEHMZ38O.uasset,205e14b5ca55c2e31b44a2e27599a7665af4278da23152f49a1f6169258fadef,4432,Provisional technical; historical acceptance excluded,AuraProj terrain,ELEV-002; MAP-001; OSM-001; prototype contract; repository tooling,Project-authored; DTM CC BY 4.0; map public domain; OSM-derived overlay ODbL,UE 5.5.4 CL 40574608; pinned terrain Python environment
Content/__ExternalActors__/Canton/Provisional/Maps/L_Canton_WalledCity_PROVISIONAL/1/E7/YD4AEFBY26JNV7QLKDSR95.uasset,e227dd271151dd69bf5c8838c5c0a2e3e8f304015407a1fe19faddf8907d8eee,4434,Provisional technical; historical acceptance excluded,AuraProj terrain,ELEV-002; MAP-001; OSM-001; prototype contract; repository tooling,Project-authored; DTM CC BY 4.0; map public domain; OSM-derived overlay ODbL,UE 5.5.4 CL 40574608; pinned terrain Python environment
Content/__ExternalActors__/Canton/Provisional/Maps/L_Canton_WalledCity_PROVISIONAL/1/EE/14KG91W3A3CGSLRB8JJPHZ.uasset,a336f9683c9b280385221d082097e118bd001a75ca0eeda80377df8f3dd52b32,1159957,Provisional technical; historical acceptance excluded,AuraProj terrain,ELEV-002; MAP-001; OSM-001; prototype contract; repository tooling,Project-authored; DTM CC BY 4.0; map public domain; OSM-derived overlay ODbL,UE 5.5.4 CL 40574608; pinned terrain Python environment
Content/__ExternalActors__/Canton/Provisional/Maps/L_Canton_WalledCity_PROVISIONAL/1/FR/GTJVOCTBDRLJBHKR60VXUP.uasset,d8bd25dc5e8e47b0145ee8c751c1dcfc7325693b83ea2abcd6d0fc27ed1d42f4,4432,Provisional technical; historical acceptance excluded,AuraProj terrain,ELEV-002; MAP-001; OSM-001; prototype contract; repository tooling,Project-authored; DTM CC BY 4.0; map public domain; OSM-derived overlay ODbL,UE 5.5.4 CL 40574608; pinned terrain Python environment
Content/__ExternalActors__/Canton/Provisional/Maps/L_Canton_WalledCity_PROVISIONAL/1/IK/FKTT6C2Q0VNSYZMG767ZTS.uasset,2ad1f557d7d9919e48fbe95fdb97d134865d2c79d53cad93c197f78c4c3c1dd7,4434,Provisional technical; historical acceptance excluded,AuraProj terrain,ELEV-002; MAP-001; OSM-001; prototype contract; repository tooling,Project-authored; DTM CC BY 4.0; map public domain; OSM-derived overlay ODbL,UE 5.5.4 CL 40574608; pinned terrain Python environment
Content/__ExternalActors__/Canton/Provisional/Maps/L_Canton_WalledCity_PROVISIONAL/1/IM/U53TVL5YX8ZY7ZSZYL4K47.uasset,e30f85e5bcb270883ffa5dd1971db19628a79481b8b89049297c787c1dfe966b,4432,Provisional technical; historical acceptance excluded,AuraProj terrain,ELEV-002; MAP-001; OSM-001; prototype contract; repository tooling,Project-authored; DTM CC BY 4.0; map public domain; OSM-derived overlay ODbL,UE 5.5.4 CL 40574608; pinned terrain Python environment
Content/__ExternalActors__/Canton/Provisional/Maps/L_Canton_WalledCity_PROVISIONAL/1/IX/MJYVL62WOUFCTXAG4D90AR.uasset,d1e5b1ee0d5e10c06506261e6147c54d2655edd799b1458bbfd4ba284c14a091,4434,Provisional technical; historical acceptance excluded,AuraProj terrain,ELEV-002; MAP-001; OSM-001; prototype contract; repository tooling,Project-authored; DTM CC BY 4.0; map public domain; OSM-derived overlay ODbL,UE 5.5.4 CL 40574608; pinned terrain Python environment
Content/__ExternalActors__/Canton/Provisional/Maps/L_Canton_WalledCity_PROVISIONAL/1/KZ/IRZ7WZYXS9IZAJQBXE04L8.uasset,0416d8de9bbeb2068fb416e814b18e6020bc56a75bc62eb4ef689a948288f228,4432,Provisional technical; historical acceptance excluded,AuraProj terrain,ELEV-002; MAP-001; OSM-001; prototype contract; repository tooling,Project-authored; DTM CC BY 4.0; map public domain; OSM-derived overlay ODbL,UE 5.5.4 CL 40574608; pinned terrain Python environment
Content/__ExternalActors__/Canton/Provisional/Maps/L_Canton_WalledCity_PROVISIONAL/1/MC/NNR3J7YP4YLD6KVDWCOA3W.uasset,36adb1f88d4812cea3951734bcf41dbd4b33fc8d96927d965e67189688114c90,4432,Provisional technical; historical acceptance excluded,AuraProj terrain,ELEV-002; MAP-001; OSM-001; prototype contract; repository tooling,Project-authored; DTM CC BY 4.0; map public domain; OSM-derived overlay ODbL,UE 5.5.4 CL 40574608; pinned terrain Python environment
Content/__ExternalActors__/Canton/Provisional/Maps/L_Canton_WalledCity_PROVISIONAL/1/N5/WK16HX15CTBD53MYPAPT7E.uasset,72c76b8cc15041a797be21a2441c44edb4640954afe696603291707a1b9f7439,4432,Provisional technical; historical acceptance excluded,AuraProj terrain,ELEV-002; MAP-001; OSM-001; prototype contract; repository tooling,Project-authored; DTM CC BY 4.0; map public domain; OSM-derived overlay ODbL,UE 5.5.4 CL 40574608; pinned terrain Python environment
Content/__ExternalActors__/Canton/Provisional/Maps/L_Canton_WalledCity_PROVISIONAL/1/NJ/N2MIP35FDACOLDUKTH0Q96.uasset,41ab22c6d04f8cb796abf3fa850d4609e5efe99e5cbba59a1b7c3f6ef268ef23,4436,Provisional technical; historical acceptance excluded,AuraProj terrain,ELEV-002; MAP-001; OSM-001; prototype contract; repository tooling,Project-authored; DTM CC BY 4.0; map public domain; OSM-derived overlay ODbL,UE 5.5.4 CL 40574608; pinned terrain Python environment
Content/__ExternalActors__/Canton/Provisional/Maps/L_Canton_WalledCity_PROVISIONAL/1/PE/2YR7BGSFMIQMN16YXZDADN.uasset,9e242ecd3ba9f181d19d99e9c37640fe9ad735b4e2cd53ddb1c1dbc6d4b947ae,4432,Provisional technical; historical acceptance excluded,AuraProj terrain,ELEV-002; MAP-001; OSM-001; prototype contract; repository tooling,Project-authored; DTM CC BY 4.0; map public domain; OSM-derived overlay ODbL,UE 5.5.4 CL 40574608; pinned terrain Python environment
Content/__ExternalActors__/Canton/Provisional/Maps/L_Canton_WalledCity_PROVISIONAL/1/PT/KXWK05RDKHG8MXZ927NMQZ.uasset,76625ecb37ff0241fe69d208757014dd763f71bd4a212f0a5173d96bc0c92cf0,4434,Provisional technical; historical acceptance excluded,AuraProj terrain,ELEV-002; MAP-001; OSM-001; prototype contract; repository tooling,Project-authored; DTM CC BY 4.0; map public domain; OSM-derived overlay ODbL,UE 5.5.4 CL 40574608; pinned terrain Python environment
Content/__ExternalActors__/Canton/Provisional/Maps/L_Canton_WalledCity_PROVISIONAL/1/Q5/HZ8Z5P53IURN43XLDJ8UQT.uasset,a517bed1088c03eaf1969a3d89a9d5c6ff885124827cc6476ad6606df6a824e7,4432,Provisional technical; historical acceptance excluded,AuraProj terrain,ELEV-002; MAP-001; OSM-001; prototype contract; repository tooling,Project-authored; DTM CC BY 4.0; map public domain; OSM-derived overlay ODbL,UE 5.5.4 CL 40574608; pinned terrain Python environment
Content/__ExternalActors__/Canton/Provisional/Maps/L_Canton_WalledCity_PROVISIONAL/1/RG/AZ5VT50D4QCG0EQ89JTHAE.uasset,b6095089db920450a96dcc0c06de75eef9dbd2ed244d9d0d3b24a77ed2b7fbdd,4434,Provisional technical; historical acceptance excluded,AuraProj terrain,ELEV-002; MAP-001; OSM-001; prototype contract; repository tooling,Project-authored; DTM CC BY 4.0; map public domain; OSM-derived overlay ODbL,UE 5.5.4 CL 40574608; pinned terrain Python environment
Content/__ExternalActors__/Canton/Provisional/Maps/L_Canton_WalledCity_PROVISIONAL/1/RJ/YEL6CSIGNNT6ZBI6ERQFQZ.uasset,353f6deb2300f8e94c4a115ef4e207b0dd407f325a9ca9b2671367d25b26f1a5,4432,Provisional technical; historical acceptance excluded,AuraProj terrain,ELEV-002; MAP-001; OSM-001; prototype contract; repository tooling,Project-authored; DTM CC BY 4.0; map public domain; OSM-derived overlay ODbL,UE 5.5.4 CL 40574608; pinned terrain Python environment
Content/__ExternalActors__/Canton/Provisional/Maps/L_Canton_WalledCity_PROVISIONAL/1/RR/K6SSYRYSID5QK5YAXE7H2J.uasset,b1e8cd1ebff45deb2f79494bdb9878656a036d524d1ed28993ee87c115ddaf56,4434,Provisional technical; historical acceptance excluded,AuraProj terrain,ELEV-002; MAP-001; OSM-001; prototype contract; repository tooling,Project-authored; DTM CC BY 4.0; map public domain; OSM-derived overlay ODbL,UE 5.5.4 CL 40574608; pinned terrain Python environment
Content/__ExternalActors__/Canton/Provisional/Maps/L_Canton_WalledCity_PROVISIONAL/1/T4/6LXA9AIL0YCNZ4EV4RSBSR.uasset,3bdd003b0315d5fb4c10e75182b2ad821751042469dcedc329e781d09d3cdcc8,4302,Provisional technical; historical acceptance excluded,AuraProj terrain,ELEV-002; MAP-001; OSM-001; prototype contract; repository tooling,Project-authored; DTM CC BY 4.0; map public domain; OSM-derived overlay ODbL,UE 5.5.4 CL 40574608; pinned terrain Python environment
Content/__ExternalActors__/Canton/Provisional/Maps/L_Canton_WalledCity_PROVISIONAL/1/VQ/GL03KF941TLI5H1T8D19C9.uasset,4a6b692a31b678c3284d17e9e8f083c82c80c25fa7b5c4b5d1407042138eebae,4434,Provisional technical; historical acceptance excluded,AuraProj terrain,ELEV-002; MAP-001; OSM-001; prototype contract; repository tooling,Project-authored; DTM CC BY 4.0; map public domain; OSM-derived overlay ODbL,UE 5.5.4 CL 40574608; pinned terrain Python environment
Content/__ExternalActors__/Canton/Provisional/Maps/L_Canton_WalledCity_PROVISIONAL/1/W4/8RQ6VEEB6OB4GMEXMCVNKU.uasset,244ff0dd5526e4255eb70c8e40197bc2e5ccd78eb5edff32f64359c2af722034,4434,Provisional technical; historical acceptance excluded,AuraProj terrain,ELEV-002; MAP-001; OSM-001; prototype contract; repository tooling,Project-authored; DTM CC BY 4.0; map public domain; OSM-derived overlay ODbL,UE 5.5.4 CL 40574608; pinned terrain Python environment
Content/__ExternalActors__/Canton/Provisional/Maps/L_Canton_WalledCity_PROVISIONAL/1/WA/AX0VVH80VJ9FVDO3ZOCTUW.uasset,f49504c2743eb39c80646ce7e1432685bd17da9e0f70c6deb1266254360a6434,4434,Provisional technical; historical acceptance excluded,AuraProj terrain,ELEV-002; MAP-001; OSM-001; prototype contract; repository tooling,Project-authored; DTM CC BY 4.0; map public domain; OSM-derived overlay ODbL,UE 5.5.4 CL 40574608; pinned terrain Python environment
Content/__ExternalActors__/Canton/Provisional/Maps/L_Canton_WalledCity_PROVISIONAL/1/YC/302OE6J8CTJEL9DFAJECB7.uasset,cb216bc2d5be78c84d01f869aa0a1a636340dfe3585c771cc53acbc35e9df973,4434,Provisional technical; historical acceptance excluded,AuraProj terrain,ELEV-002; MAP-001; OSM-001; prototype contract; repository tooling,Project-authored; DTM CC BY 4.0; map public domain; OSM-derived overlay ODbL,UE 5.5.4 CL 40574608; pinned terrain Python environment
Content/__ExternalActors__/Canton/Provisional/Maps/L_Canton_WalledCity_PROVISIONAL/1/YN/K7ER7Z7VV47XSONW6027IV.uasset,691cb37da20883877683082125c3bfcb621a661e26e8eab224ce0911ccfe2ce8,4434,Provisional technical; historical acceptance excluded,AuraProj terrain,ELEV-002; MAP-001; OSM-001; prototype contract; repository tooling,Project-authored; DTM CC BY 4.0; map public domain; OSM-derived overlay ODbL,UE 5.5.4 CL 40574608; pinned terrain Python environment
Content/__ExternalActors__/Canton/Provisional/Maps/L_Canton_WalledCity_PROVISIONAL/2/1M/0CI5M7XUB4LCIM54B8R8S6.uasset,90ad37ae37f090b17d54727d0906f317518a778a101973123c9017ee77a0ebae,4434,Provisional technical; historical acceptance excluded,AuraProj terrain,ELEV-002; MAP-001; OSM-001; prototype contract; repository tooling,Project-authored; DTM CC BY 4.0; map public domain; OSM-derived overlay ODbL,UE 5.5.4 CL 40574608; pinned terrain Python environment
Content/__ExternalActors__/Canton/Provisional/Maps/L_Canton_WalledCity_PROVISIONAL/2/37/F94RE5F2NMV764YDDIGCRC.uasset,8c92588130e3a9a51731877c04c8a6b02d9c0d573d164f5a313b880f250344c3,4434,Provisional technical; historical acceptance excluded,AuraProj terrain,ELEV-002; MAP-001; OSM-001; prototype contract; repository tooling,Project-authored; DTM CC BY 4.0; map public domain; OSM-derived overlay ODbL,UE 5.5.4 CL 40574608; pinned terrain Python environment
Content/__ExternalActors__/Canton/Provisional/Maps/L_Canton_WalledCity_PROVISIONAL/2/47/ON0ENNNZ17ZNCICIRJT9SV.uasset,833306b38be8d20e8af93d730cee182e465f1e9f849ea864daeb05a8b403f48f,4432,Provisional technical; historical acceptance excluded,AuraProj terrain,ELEV-002; MAP-001; OSM-001; prototype contract; repository tooling,Project-authored; DTM CC BY 4.0; map public domain; OSM-derived overlay ODbL,UE 5.5.4 CL 40574608; pinned terrain Python environment
Content/__ExternalActors__/Canton/Provisional/Maps/L_Canton_WalledCity_PROVISIONAL/2/67/I4C53NCOT2P8IYKTEN48D6.uasset,76a16ed92b37573b2451e5b12ca5134666daf738ca0b57d63c16d184166a2524,4434,Provisional technical; historical acceptance excluded,AuraProj terrain,ELEV-002; MAP-001; OSM-001; prototype contract; repository tooling,Project-authored; DTM CC BY 4.0; map public domain; OSM-derived overlay ODbL,UE 5.5.4 CL 40574608; pinned terrain Python environment
Content/__ExternalActors__/Canton/Provisional/Maps/L_Canton_WalledCity_PROVISIONAL/2/7U/3V3LT5OV5EZJ2ESB4Q3L9G.uasset,80e8a94143beac358eee38e93612fc6cda27601c77341bb576f6b16a4623d401,4432,Provisional technical; historical acceptance excluded,AuraProj terrain,ELEV-002; MAP-001; OSM-001; prototype contract; repository tooling,Project-authored; DTM CC BY 4.0; map public domain; OSM-derived overlay ODbL,UE 5.5.4 CL 40574608; pinned terrain Python environment
Content/__ExternalActors__/Canton/Provisional/Maps/L_Canton_WalledCity_PROVISIONAL/2/7Z/VUSI8A5GFI67HHDHROU1H0.uasset,e5ee64e8491f2ebd8551d5a43e9c48807742c27bd5cfc881b292cebe613bdb8c,4434,Provisional technical; historical acceptance excluded,AuraProj terrain,ELEV-002; MAP-001; OSM-001; prototype contract; repository tooling,Project-authored; DTM CC BY 4.0; map public domain; OSM-derived overlay ODbL,UE 5.5.4 CL 40574608; pinned terrain Python environment
Content/__ExternalActors__/Canton/Provisional/Maps/L_Canton_WalledCity_PROVISIONAL/2/8O/IBCZKZA00OY26VEXXBNSM7.uasset,a8b15ec1898b28180f6f05e96c1095229204e56c314db3c80434b28a1cba8767,4432,Provisional technical; historical acceptance excluded,AuraProj terrain,ELEV-002; MAP-001; OSM-001; prototype contract; repository tooling,Project-authored; DTM CC BY 4.0; map public domain; OSM-derived overlay ODbL,UE 5.5.4 CL 40574608; pinned terrain Python environment
Content/__ExternalActors__/Canton/Provisional/Maps/L_Canton_WalledCity_PROVISIONAL/2/9I/ZNU2X1GG5V4NUHN1F2BALJ.uasset,d09635ac124074868ccefc12ee742ba1b4e71dd0481f8ae7928265201d5ab1f0,4434,Provisional technical; historical acceptance excluded,AuraProj terrain,ELEV-002; MAP-001; OSM-001; prototype contract; repository tooling,Project-authored; DTM CC BY 4.0; map public domain; OSM-derived overlay ODbL,UE 5.5.4 CL 40574608; pinned terrain Python environment
Content/__ExternalActors__/Canton/Provisional/Maps/L_Canton_WalledCity_PROVISIONAL/2/CN/ST95AE495VCKS5WQ6VVDUI.uasset,287c2a02845c373e8a426afcbe1d123c71bcaffc3c7d5c2e761d50a9538da22d,4434,Provisional technical; historical acceptance excluded,AuraProj terrain,ELEV-002; MAP-001; OSM-001; prototype contract; repository tooling,Project-authored; DTM CC BY 4.0; map public domain; OSM-derived overlay ODbL,UE 5.5.4 CL 40574608; pinned terrain Python environment
Content/__ExternalActors__/Canton/Provisional/Maps/L_Canton_WalledCity_PROVISIONAL/2/CS/QUSHI0B4PE9M6Q0LW1IEWX.uasset,ad94fab28c467b986aa87cf70336dc02d60cd0952b4771aff872607cc409787d,4434,Provisional technical; historical acceptance excluded,AuraProj terrain,ELEV-002; MAP-001; OSM-001; prototype contract; repository tooling,Project-authored; DTM CC BY 4.0; map public domain; OSM-derived overlay ODbL,UE 5.5.4 CL 40574608; pinned terrain Python environment
Content/__ExternalActors__/Canton/Provisional/Maps/L_Canton_WalledCity_PROVISIONAL/2/DN/WYPO165W6CRDIES9LF9VHO.uasset,c27299904e399191a29656209acda9630d146a1268195d960646e37720c11b1e,4434,Provisional technical; historical acceptance excluded,AuraProj terrain,ELEV-002; MAP-001; OSM-001; prototype contract; repository tooling,Project-authored; DTM CC BY 4.0; map public domain; OSM-derived overlay ODbL,UE 5.5.4 CL 40574608; pinned terrain Python environment
Content/__ExternalActors__/Canton/Provisional/Maps/L_Canton_WalledCity_PROVISIONAL/2/E5/8D5AZ5136SRDVWFMFDYNTR.uasset,95c896ab991062ba1fee3efb5a9be4566001a4b4176157e5e8f04cfdc23d07f1,4434,Provisional technical; historical acceptance excluded,AuraProj terrain,ELEV-002; MAP-001; OSM-001; prototype contract; repository tooling,Project-authored; DTM CC BY 4.0; map public domain; OSM-derived overlay ODbL,UE 5.5.4 CL 40574608; pinned terrain Python environment
Content/__ExternalActors__/Canton/Provisional/Maps/L_Canton_WalledCity_PROVISIONAL/2/EZ/5F4WDRSHKN2M9R4RLEMZVV.uasset,6e1a4ea7031e1699255815ab115caa4233b124a01c6a7b9de082359e894c35fb,4434,Provisional technical; historical acceptance excluded,AuraProj terrain,ELEV-002; MAP-001; OSM-001; prototype contract; repository tooling,Project-authored; DTM CC BY 4.0; map public domain; OSM-derived overlay ODbL,UE 5.5.4 CL 40574608; pinned terrain Python environment
Content/__ExternalActors__/Canton/Provisional/Maps/L_Canton_WalledCity_PROVISIONAL/2/FJ/F43KHDSP2XOBKVC32P9CQT.uasset,48216e943358cc69183210e8f047ea0c33f06a0c09b01368f5bbf63c961c5135,4434,Provisional technical; historical acceptance excluded,AuraProj terrain,ELEV-002; MAP-001; OSM-001; prototype contract; repository tooling,Project-authored; DTM CC BY 4.0; map public domain; OSM-derived overlay ODbL,UE 5.5.4 CL 40574608; pinned terrain Python environment
Content/__ExternalActors__/Canton/Provisional/Maps/L_Canton_WalledCity_PROVISIONAL/2/H1/56M9QVO1NMI5S2PQSV4POL.uasset,08f0dd97179b28f53de1395b078cd028ae33da46ad3bfcaa5d9612ddfe64386f,4432,Provisional technical; historical acceptance excluded,AuraProj terrain,ELEV-002; MAP-001; OSM-001; prototype contract; repository tooling,Project-authored; DTM CC BY 4.0; map public domain; OSM-derived overlay ODbL,UE 5.5.4 CL 40574608; pinned terrain Python environment
Content/__ExternalActors__/Canton/Provisional/Maps/L_Canton_WalledCity_PROVISIONAL/2/IS/RYK66YW1Z0E5SE60GDUSRF.uasset,64628b3e3929129e9b6c2a31c1199181e882f5cf26c32311afd7db444274783a,4434,Provisional technical; historical acceptance excluded,AuraProj terrain,ELEV-002; MAP-001; OSM-001; prototype contract; repository tooling,Project-authored; DTM CC BY 4.0; map public domain; OSM-derived overlay ODbL,UE 5.5.4 CL 40574608; pinned terrain Python environment
Content/__ExternalActors__/Canton/Provisional/Maps/L_Canton_WalledCity_PROVISIONAL/2/KK/MHPCOSUMYXLQC3J0DK8DIB.uasset,f6abc9ffe482f90993821bd44a16194a653b885fa8dfb1bb0fcd4db072ee5a45,4432,Provisional technical; historical acceptance excluded,AuraProj terrain,ELEV-002; MAP-001; OSM-001; prototype contract; repository tooling,Project-authored; DTM CC BY 4.0; map public domain; OSM-derived overlay ODbL,UE 5.5.4 CL 40574608; pinned terrain Python environment
Content/__ExternalActors__/Canton/Provisional/Maps/L_Canton_WalledCity_PROVISIONAL/2/LY/Z9I2C0LHO69TE6ZH47OV3Y.uasset,746ca5c1b1748cac2df36a785b48092721049c2bf692ea51ae37e934b188cf6e,4434,Provisional technical; historical acceptance excluded,AuraProj terrain,ELEV-002; MAP-001; OSM-001; prototype contract; repository tooling,Project-authored; DTM CC BY 4.0; map public domain; OSM-derived overlay ODbL,UE 5.5.4 CL 40574608; pinned terrain Python environment
Content/__ExternalActors__/Canton/Provisional/Maps/L_Canton_WalledCity_PROVISIONAL/2/M5/BP4CVVSP7JIKQHO7686FQZ.uasset,c85b818938f7ca68ee828b30b0635cddae927b3422d608715f581c61edfa7329,4434,Provisional technical; historical acceptance excluded,AuraProj terrain,ELEV-002; MAP-001; OSM-001; prototype contract; repository tooling,Project-authored; DTM CC BY 4.0; map public domain; OSM-derived overlay ODbL,UE 5.5.4 CL 40574608; pinned terrain Python environment
Content/__ExternalActors__/Canton/Provisional/Maps/L_Canton_WalledCity_PROVISIONAL/2/MZ/4825W9NC8ZFL9J63P7WJC8.uasset,cf41bae6c4b1b1a3f1d60bd422b6ba9ff7f3857ae60e2f5aeb898566f0aa89ab,4434,Provisional technical; historical acceptance excluded,AuraProj terrain,ELEV-002; MAP-001; OSM-001; prototype contract; repository tooling,Project-authored; DTM CC BY 4.0; map public domain; OSM-derived overlay ODbL,UE 5.5.4 CL 40574608; pinned terrain Python environment
Content/__ExternalActors__/Canton/Provisional/Maps/L_Canton_WalledCity_PROVISIONAL/2/NN/4MGTL9FQNV7WN9E3YP2BO1.uasset,7169fcbbf4d705d73e6c7932ce991423af9c9f064a220179ba18178abf52ed65,4432,Provisional technical; historical acceptance excluded,AuraProj terrain,ELEV-002; MAP-001; OSM-001; prototype contract; repository tooling,Project-authored; DTM CC BY 4.0; map public domain; OSM-derived overlay ODbL,UE 5.5.4 CL 40574608; pinned terrain Python environment
Content/__ExternalActors__/Canton/Provisional/Maps/L_Canton_WalledCity_PROVISIONAL/2/PK/S3QJAFV9I6NPO4MPBWKQS0.uasset,1ad5ac5346223972ee4650116861acc8e1a102531de991b8653a8cb6f21451e9,4432,Provisional technical; historical acceptance excluded,AuraProj terrain,ELEV-002; MAP-001; OSM-001; prototype contract; repository tooling,Project-authored; DTM CC BY 4.0; map public domain; OSM-derived overlay ODbL,UE 5.5.4 CL 40574608; pinned terrain Python environment
Content/__ExternalActors__/Canton/Provisional/Maps/L_Canton_WalledCity_PROVISIONAL/2/PV/W0H8YXVU4YAAZUTPKM7QA0.uasset,4ef1768109bb1ed46f61954c12b83def1be19d7c0fe0dd6a7c493f3eef8b714c,4434,Provisional technical; historical acceptance excluded,AuraProj terrain,ELEV-002; MAP-001; OSM-001; prototype contract; repository tooling,Project-authored; DTM CC BY 4.0; map public domain; OSM-derived overlay ODbL,UE 5.5.4 CL 40574608; pinned terrain Python environment
Content/__ExternalActors__/Canton/Provisional/Maps/L_Canton_WalledCity_PROVISIONAL/2/TR/QT2F68JTY9XS39UE7LHYGF.uasset,13156c843e95f8d37a788c208db924b86a248ffddfdcd3d8b7edfd2d72a3746d,4434,Provisional technical; historical acceptance excluded,AuraProj terrain,ELEV-002; MAP-001; OSM-001; prototype contract; repository tooling,Project-authored; DTM CC BY 4.0; map public domain; OSM-derived overlay ODbL,UE 5.5.4 CL 40574608; pinned terrain Python environment
Content/__ExternalActors__/Canton/Provisional/Maps/L_Canton_WalledCity_PROVISIONAL/2/U6/ELJ5AOBKC8S2F63AIG4P2L.uasset,a859a8a5c70e557e8d641e5a4c3182a231535e18efd0ed98e1ce53d8a72473c6,4434,Provisional technical; historical acceptance excluded,AuraProj terrain,ELEV-002; MAP-001; OSM-001; prototype contract; repository tooling,Project-authored; DTM CC BY 4.0; map public domain; OSM-derived overlay ODbL,UE 5.5.4 CL 40574608; pinned terrain Python environment
Content/__ExternalActors__/Canton/Provisional/Maps/L_Canton_WalledCity_PROVISIONAL/2/VK/K2BHD6LRU53VS7WMKPHV3J.uasset,68bed39e681f52baab30ef58dee99bf1c239458e19efe8fac35cb345d69c7656,4432,Provisional technical; historical acceptance excluded,AuraProj terrain,ELEV-002; MAP-001; OSM-001; prototype contract; repository tooling,Project-authored; DTM CC BY 4.0; map public domain; OSM-derived overlay ODbL,UE 5.5.4 CL 40574608; pinned terrain Python environment
Content/__ExternalActors__/Canton/Provisional/Maps/L_Canton_WalledCity_PROVISIONAL/2/VK/MK6EIZXC0CW6L0GTIX388R.uasset,91f47c25673dfbb68af26062245d1f4e40ec4ecdc75b8a057345dbd51b30a5d8,4434,Provisional technical; historical acceptance excluded,AuraProj terrain,ELEV-002; MAP-001; OSM-001; prototype contract; repository tooling,Project-authored; DTM CC BY 4.0; map public domain; OSM-derived overlay ODbL,UE 5.5.4 CL 40574608; pinned terrain Python environment
Content/__ExternalActors__/Canton/Provisional/Maps/L_Canton_WalledCity_PROVISIONAL/2/XP/PVC5TPBCAYOZKB5RZB4V1I.uasset,103b83a91ffbf4165c6ccf8abb8b633a384e747757ed39ddb0f25a40a279756a,4434,Provisional technical; historical acceptance excluded,AuraProj terrain,ELEV-002; MAP-001; OSM-001; prototype contract; repository tooling,Project-authored; DTM CC BY 4.0; map public domain; OSM-derived overlay ODbL,UE 5.5.4 CL 40574608; pinned terrain Python environment
Content/__ExternalActors__/Canton/Provisional/Maps/L_Canton_WalledCity_PROVISIONAL/3/0Y/WF12P8RF17T847SFWE8I18.uasset,c82165a2af473bb2dca68c90047ac8eda75b914441de6a7bb9a537f4e3f5fccc,4434,Provisional technical; historical acceptance excluded,AuraProj terrain,ELEV-002; MAP-001; OSM-001; prototype contract; repository tooling,Project-authored; DTM CC BY 4.0; map public domain; OSM-derived overlay ODbL,UE 5.5.4 CL 40574608; pinned terrain Python environment
Content/__ExternalActors__/Canton/Provisional/Maps/L_Canton_WalledCity_PROVISIONAL/3/17/BVO70HGTTQEBS2WQ1L26FZ.uasset,944f68b409e8cd6bae809167e62466ceb209c7dbfd633b12be478ec636b63b55,4434,Provisional technical; historical acceptance excluded,AuraProj terrain,ELEV-002; MAP-001; OSM-001; prototype contract; repository tooling,Project-authored; DTM CC BY 4.0; map public domain; OSM-derived overlay ODbL,UE 5.5.4 CL 40574608; pinned terrain Python environment
Content/__ExternalActors__/Canton/Provisional/Maps/L_Canton_WalledCity_PROVISIONAL/3/1G/DZ7DK6JUWIZODHHP8KOAP0.uasset,ebffc39d5973909e024054442f815ca0480d303aa1e6d48cefb28f57ed5cc691,1229263,Provisional technical; historical acceptance excluded,AuraProj terrain,ELEV-002; MAP-001; OSM-001; prototype contract; repository tooling,Project-authored; DTM CC BY 4.0; map public domain; OSM-derived overlay ODbL,UE 5.5.4 CL 40574608; pinned terrain Python environment
Content/__ExternalActors__/Canton/Provisional/Maps/L_Canton_WalledCity_PROVISIONAL/3/5E/QIBSZKFVWF6G32F0CSEOUR.uasset,2c635868c007e13f5d6470d59a52da2839d0a9c02eb2fd962ff2263130dbb536,4434,Provisional technical; historical acceptance excluded,AuraProj terrain,ELEV-002; MAP-001; OSM-001; prototype contract; repository tooling,Project-authored; DTM CC BY 4.0; map public domain; OSM-derived overlay ODbL,UE 5.5.4 CL 40574608; pinned terrain Python environment
Content/__ExternalActors__/Canton/Provisional/Maps/L_Canton_WalledCity_PROVISIONAL/3/84/5CFL7N3AK9PSNBQ1LPG4K5.uasset,f90e465bd8e5928035f380166b580284ea4d025badb4581595453ce8d62d6f3d,4434,Provisional technical; historical acceptance excluded,AuraProj terrain,ELEV-002; MAP-001; OSM-001; prototype contract; repository tooling,Project-authored; DTM CC BY 4.0; map public domain; OSM-derived overlay ODbL,UE 5.5.4 CL 40574608; pinned terrain Python environment
Content/__ExternalActors__/Canton/Provisional/Maps/L_Canton_WalledCity_PROVISIONAL/3/92/FIJHQBNDYUT3B8G0JRKILQ.uasset,e932d488df3ef77611db277b8bf2a0ead8cfc1b0fa30dceb504096c61e174d4f,4434,Provisional technical; historical acceptance excluded,AuraProj terrain,ELEV-002; MAP-001; OSM-001; prototype contract; repository tooling,Project-authored; DTM CC BY 4.0; map public domain; OSM-derived overlay ODbL,UE 5.5.4 CL 40574608; pinned terrain Python environment
Content/__ExternalActors__/Canton/Provisional/Maps/L_Canton_WalledCity_PROVISIONAL/3/97/1S55QIGXRBVL3D1AEOGIS9.uasset,fff1d281426e6f8328df3f9b027014c5046a44c4044a717002b64efab6a8111e,4434,Provisional technical; historical acceptance excluded,AuraProj terrain,ELEV-002; MAP-001; OSM-001; prototype contract; repository tooling,Project-authored; DTM CC BY 4.0; map public domain; OSM-derived overlay ODbL,UE 5.5.4 CL 40574608; pinned terrain Python environment
Content/__ExternalActors__/Canton/Provisional/Maps/L_Canton_WalledCity_PROVISIONAL/3/9H/DRU1P6BS2QCT7F5UGQ4V4K.uasset,51c411ec4960a27cf591635a9e1feff3abc654fad5923a6bad2f40f6577787c8,4434,Provisional technical; historical acceptance excluded,AuraProj terrain,ELEV-002; MAP-001; OSM-001; prototype contract; repository tooling,Project-authored; DTM CC BY 4.0; map public domain; OSM-derived overlay ODbL,UE 5.5.4 CL 40574608; pinned terrain Python environment
Content/__ExternalActors__/Canton/Provisional/Maps/L_Canton_WalledCity_PROVISIONAL/3/A8/1AS79JU15F2N78VD228CPG.uasset,0db5d4bdab310b8752a8ff5ad0a5275f032aa5c2083e034d10b84b2a0cf3e135,4432,Provisional technical; historical acceptance excluded,AuraProj terrain,ELEV-002; MAP-001; OSM-001; prototype contract; repository tooling,Project-authored; DTM CC BY 4.0; map public domain; OSM-derived overlay ODbL,UE 5.5.4 CL 40574608; pinned terrain Python environment
Content/__ExternalActors__/Canton/Provisional/Maps/L_Canton_WalledCity_PROVISIONAL/3/BF/8OT18ZK1HRKVEJX94EZSZQ.uasset,bd24bcfe735b55fefb8bfe2714fb2eff6814090cecccc2607e04b030e718187a,4432,Provisional technical; historical acceptance excluded,AuraProj terrain,ELEV-002; MAP-001; OSM-001; prototype contract; repository tooling,Project-authored; DTM CC BY 4.0; map public domain; OSM-derived overlay ODbL,UE 5.5.4 CL 40574608; pinned terrain Python environment
Content/__ExternalActors__/Canton/Provisional/Maps/L_Canton_WalledCity_PROVISIONAL/3/CD/VXP587M3UYDVAZRUXOPD0X.uasset,a05e2d1f960646f5ddf85bead1e9530bc6c66539965cd470a14f7f3469592bef,4434,Provisional technical; historical acceptance excluded,AuraProj terrain,ELEV-002; MAP-001; OSM-001; prototype contract; repository tooling,Project-authored; DTM CC BY 4.0; map public domain; OSM-derived overlay ODbL,UE 5.5.4 CL 40574608; pinned terrain Python environment
Content/__ExternalActors__/Canton/Provisional/Maps/L_Canton_WalledCity_PROVISIONAL/3/E0/256WALF662M1UZECMWMZ3I.uasset,7853e052fdfe300b846f52d49a194c54b4d0cd8c316e6ff14855a021bcea55b6,4434,Provisional technical; historical acceptance excluded,AuraProj terrain,ELEV-002; MAP-001; OSM-001; prototype contract; repository tooling,Project-authored; DTM CC BY 4.0; map public domain; OSM-derived overlay ODbL,UE 5.5.4 CL 40574608; pinned terrain Python environment
Content/__ExternalActors__/Canton/Provisional/Maps/L_Canton_WalledCity_PROVISIONAL/3/F4/BR8HKT42M23ZFMDNQA4O6E.uasset,24c290dd1802fd74fb32efadb895d0ebf1f7f3d34bc4642683c70da8953e7e34,4434,Provisional technical; historical acceptance excluded,AuraProj terrain,ELEV-002; MAP-001; OSM-001; prototype contract; repository tooling,Project-authored; DTM CC BY 4.0; map public domain; OSM-derived overlay ODbL,UE 5.5.4 CL 40574608; pinned terrain Python environment
Content/__ExternalActors__/Canton/Provisional/Maps/L_Canton_WalledCity_PROVISIONAL/3/F9/VDA9RWVEVUXV6BGS2H3FMI.uasset,0010e56029b763a6164f2e4521c7935e616e1d622311e799a1734869cbddf6ca,4432,Provisional technical; historical acceptance excluded,AuraProj terrain,ELEV-002; MAP-001; OSM-001; prototype contract; repository tooling,Project-authored; DTM CC BY 4.0; map public domain; OSM-derived overlay ODbL,UE 5.5.4 CL 40574608; pinned terrain Python environment
Content/__ExternalActors__/Canton/Provisional/Maps/L_Canton_WalledCity_PROVISIONAL/3/G5/BGYQZVG0WXJ28S1PLOYGLP.uasset,9e6195f32dce48a9dbfb95ae275c47f16cc7c34919fb8f1fe1fb80cf48ea7db0,4434,Provisional technical; historical acceptance excluded,AuraProj terrain,ELEV-002; MAP-001; OSM-001; prototype contract; repository tooling,Project-authored; DTM CC BY 4.0; map public domain; OSM-derived overlay ODbL,UE 5.5.4 CL 40574608; pinned terrain Python environment
Content/__ExternalActors__/Canton/Provisional/Maps/L_Canton_WalledCity_PROVISIONAL/3/GL/R4GGRUX2SXIIVN3ZNTKN8U.uasset,7f408922d8d75ebb6b14cd56b5d5fb0b09b596afabe5e155a3e8fde729511d9a,4434,Provisional technical; historical acceptance excluded,AuraProj terrain,ELEV-002; MAP-001; OSM-001; prototype contract; repository tooling,Project-authored; DTM CC BY 4.0; map public domain; OSM-derived overlay ODbL,UE 5.5.4 CL 40574608; pinned terrain Python environment
Content/__ExternalActors__/Canton/Provisional/Maps/L_Canton_WalledCity_PROVISIONAL/3/GR/3CFWLR27FFPZ4UG3B2RGQF.uasset,866a365ea54fe7a4981da868eda5a76fc6da08fed345189eabd6957e0825c49b,4434,Provisional technical; historical acceptance excluded,AuraProj terrain,ELEV-002; MAP-001; OSM-001; prototype contract; repository tooling,Project-authored; DTM CC BY 4.0; map public domain; OSM-derived overlay ODbL,UE 5.5.4 CL 40574608; pinned terrain Python environment
Content/__ExternalActors__/Canton/Provisional/Maps/L_Canton_WalledCity_PROVISIONAL/3/HS/PQPYOYS102NCSG81QJ85UE.uasset,7aa0852f72cd2ae8abd53d8369fdb44afcb40cf44a2660377cae4f3340c8d280,4434,Provisional technical; historical acceptance excluded,AuraProj terrain,ELEV-002; MAP-001; OSM-001; prototype contract; repository tooling,Project-authored; DTM CC BY 4.0; map public domain; OSM-derived overlay ODbL,UE 5.5.4 CL 40574608; pinned terrain Python environment
Content/__ExternalActors__/Canton/Provisional/Maps/L_Canton_WalledCity_PROVISIONAL/3/II/3AJRN6G35PM5AGPDCYZZ89.uasset,2ff3111ca5485bde29a29213cba1856bba6a47bf5489636303d8a1b41fff7078,4434,Provisional technical; historical acceptance excluded,AuraProj terrain,ELEV-002; MAP-001; OSM-001; prototype contract; repository tooling,Project-authored; DTM CC BY 4.0; map public domain; OSM-derived overlay ODbL,UE 5.5.4 CL 40574608; pinned terrain Python environment
Content/__ExternalActors__/Canton/Provisional/Maps/L_Canton_WalledCity_PROVISIONAL/3/IP/3SSTEW11IF0T6H3HEDF31G.uasset,bcb9e50b225840e9fc8a3e1e70f444e5b8507df9eeb1a5c525a9f3a85e37f420,4432,Provisional technical; historical acceptance excluded,AuraProj terrain,ELEV-002; MAP-001; OSM-001; prototype contract; repository tooling,Project-authored; DTM CC BY 4.0; map public domain; OSM-derived overlay ODbL,UE 5.5.4 CL 40574608; pinned terrain Python environment
Content/__ExternalActors__/Canton/Provisional/Maps/L_Canton_WalledCity_PROVISIONAL/3/JN/4NWLITEFNFQG4F0XDSBBDM.uasset,49c60ff5cefd4451b34bdc011a796c86ad25519a0e59a39d18b26fb9732bd0c7,4434,Provisional technical; historical acceptance excluded,AuraProj terrain,ELEV-002; MAP-001; OSM-001; prototype contract; repository tooling,Project-authored; DTM CC BY 4.0; map public domain; OSM-derived overlay ODbL,UE 5.5.4 CL 40574608; pinned terrain Python environment
Content/__ExternalActors__/Canton/Provisional/Maps/L_Canton_WalledCity_PROVISIONAL/3/KO/12IR83W1TAGGMOJO3LD6PF.uasset,b820988e6872a964a1a50823c836f7d89c9592cf901d5ca32800ea0840218f2b,4432,Provisional technical; historical acceptance excluded,AuraProj terrain,ELEV-002; MAP-001; OSM-001; prototype contract; repository tooling,Project-authored; DTM CC BY 4.0; map public domain; OSM-derived overlay ODbL,UE 5.5.4 CL 40574608; pinned terrain Python environment
Content/__ExternalActors__/Canton/Provisional/Maps/L_Canton_WalledCity_PROVISIONAL/3/MG/UODWY6N9QQDJP2Z81YL82O.uasset,d20feaeb49819224bf7c0abba31b3da2d9bfa21c5345a4b6510bccde7a24a500,4432,Provisional technical; historical acceptance excluded,AuraProj terrain,ELEV-002; MAP-001; OSM-001; prototype contract; repository tooling,Project-authored; DTM CC BY 4.0; map public domain; OSM-derived overlay ODbL,UE 5.5.4 CL 40574608; pinned terrain Python environment
Content/__ExternalActors__/Canton/Provisional/Maps/L_Canton_WalledCity_PROVISIONAL/3/OG/OT5RKWHW1DLYXBYNQ3DU47.uasset,c36e7954100c1824a91a5a64121a24435f4dc87366cc479ed1383e82debdb87a,4432,Provisional technical; historical acceptance excluded,AuraProj terrain,ELEV-002; MAP-001; OSM-001; prototype contract; repository tooling,Project-authored; DTM CC BY 4.0; map public domain; OSM-derived overlay ODbL,UE 5.5.4 CL 40574608; pinned terrain Python environment
Content/__ExternalActors__/Canton/Provisional/Maps/L_Canton_WalledCity_PROVISIONAL/3/OY/CNB0MZD1PPKTVUF32Z030F.uasset,35a7ef911a9aa0679ca75e884d94df432d0ef2c0bbcb8651a3145c188a1717c9,4434,Provisional technical; historical acceptance excluded,AuraProj terrain,ELEV-002; MAP-001; OSM-001; prototype contract; repository tooling,Project-authored; DTM CC BY 4.0; map public domain; OSM-derived overlay ODbL,UE 5.5.4 CL 40574608; pinned terrain Python environment
Content/__ExternalActors__/Canton/Provisional/Maps/L_Canton_WalledCity_PROVISIONAL/3/QJ/7QCOK3HNIOGRDXO6EKWQ21.uasset,84baeda1ccd76257ed54137049f19419d150031ebf337dc91e71b527f13afd81,4434,Provisional technical; historical acceptance excluded,AuraProj terrain,ELEV-002; MAP-001; OSM-001; prototype contract; repository tooling,Project-authored; DTM CC BY 4.0; map public domain; OSM-derived overlay ODbL,UE 5.5.4 CL 40574608; pinned terrain Python environment
Content/__ExternalActors__/Canton/Provisional/Maps/L_Canton_WalledCity_PROVISIONAL/3/R9/RYREI9BO82J9INVY98SZ3E.uasset,df8ef70ebb3f8072aded4eed0d9fe94b0f150d74be70cd5af415fcc04959ac59,4434,Provisional technical; historical acceptance excluded,AuraProj terrain,ELEV-002; MAP-001; OSM-001; prototype contract; repository tooling,Project-authored; DTM CC BY 4.0; map public domain; OSM-derived overlay ODbL,UE 5.5.4 CL 40574608; pinned terrain Python environment
Content/__ExternalActors__/Canton/Provisional/Maps/L_Canton_WalledCity_PROVISIONAL/3/T7/183YUSXJLQKZF1QB2RPUBW.uasset,6962a91290b5fca66a7c15cfca16d70aa24299bc24adf38ab6ec49d1bb527329,4432,Provisional technical; historical acceptance excluded,AuraProj terrain,ELEV-002; MAP-001; OSM-001; prototype contract; repository tooling,Project-authored; DTM CC BY 4.0; map public domain; OSM-derived overlay ODbL,UE 5.5.4 CL 40574608; pinned terrain Python environment
Content/__ExternalActors__/Canton/Provisional/Maps/L_Canton_WalledCity_PROVISIONAL/3/TR/9RJA8GRCIVUAX63ZK2CENW.uasset,d205b920741137bf86d2dbf79b6ccc1437895a5acdb8da4c682bd8f80c73a242,4432,Provisional technical; historical acceptance excluded,AuraProj terrain,ELEV-002; MAP-001; OSM-001; prototype contract; repository tooling,Project-authored; DTM CC BY 4.0; map public domain; OSM-derived overlay ODbL,UE 5.5.4 CL 40574608; pinned terrain Python environment
Content/__ExternalActors__/Canton/Provisional/Maps/L_Canton_WalledCity_PROVISIONAL/3/TT/RBD27ZS0V5TMLF7YWJ4CJ5.uasset,93be42a0bce0a63530ed5f82b6035c258419155d8e960caa17d146586058c9f5,4434,Provisional technical; historical acceptance excluded,AuraProj terrain,ELEV-002; MAP-001; OSM-001; prototype contract; repository tooling,Project-authored; DTM CC BY 4.0; map public domain; OSM-derived overlay ODbL,UE 5.5.4 CL 40574608; pinned terrain Python environment
Content/__ExternalActors__/Canton/Provisional/Maps/L_Canton_WalledCity_PROVISIONAL/3/U4/5VOUSLMJ3KQYQ7ZLE4VFQS.uasset,49aa067e643697a9034668f6fd0dfb8cc4e3bc05fd7dde88194115b382775b9a,5921,Provisional technical; historical acceptance excluded,AuraProj terrain,ELEV-002; MAP-001; OSM-001; prototype contract; repository tooling,Project-authored; DTM CC BY 4.0; map public domain; OSM-derived overlay ODbL,UE 5.5.4 CL 40574608; pinned terrain Python environment
Content/__ExternalActors__/Canton/Provisional/Maps/L_Canton_WalledCity_PROVISIONAL/3/UA/5NFXCPFCBI3W8X75R113M2.uasset,7651859dd596d68c08b3cb975e3d670a8e0c6013b07eae726e84d754d7149fb8,4432,Provisional technical; historical acceptance excluded,AuraProj terrain,ELEV-002; MAP-001; OSM-001; prototype contract; repository tooling,Project-authored; DTM CC BY 4.0; map public domain; OSM-derived overlay ODbL,UE 5.5.4 CL 40574608; pinned terrain Python environment
Content/__ExternalActors__/Canton/Provisional/Maps/L_Canton_WalledCity_PROVISIONAL/3/VI/JQ95MGVC1QG7ZD5OSYIODV.uasset,9152deee3270c7ff1fc519ad418e1647589490c931269395cf36f8369a553d95,4432,Provisional technical; historical acceptance excluded,AuraProj terrain,ELEV-002; MAP-001; OSM-001; prototype contract; repository tooling,Project-authored; DTM CC BY 4.0; map public domain; OSM-derived overlay ODbL,UE 5.5.4 CL 40574608; pinned terrain Python environment
Content/__ExternalActors__/Canton/Provisional/Maps/L_Canton_WalledCity_PROVISIONAL/3/VW/M7P9J3ZJ8BGGC6DWM467JP.uasset,eec0b5b502d5a1be80748eb4241c40a636a8a70c7efeeece85db4aead2a651e2,4434,Provisional technical; historical acceptance excluded,AuraProj terrain,ELEV-002; MAP-001; OSM-001; prototype contract; repository tooling,Project-authored; DTM CC BY 4.0; map public domain; OSM-derived overlay ODbL,UE 5.5.4 CL 40574608; pinned terrain Python environment
Content/__ExternalActors__/Canton/Provisional/Maps/L_Canton_WalledCity_PROVISIONAL/3/W9/LN5S6677675UZQLKUI7OFC.uasset,bc3c3a17f7c57facc5e70147de32d2c07901a2df3f0e7d92c3f441688bb57129,4434,Provisional technical; historical acceptance excluded,AuraProj terrain,ELEV-002; MAP-001; OSM-001; prototype contract; repository tooling,Project-authored; DTM CC BY 4.0; map public domain; OSM-derived overlay ODbL,UE 5.5.4 CL 40574608; pinned terrain Python environment
Content/__ExternalActors__/Canton/Provisional/Maps/L_Canton_WalledCity_PROVISIONAL/3/ZE/45HQ5YL1BKQKYN85MWZ7K4.uasset,1e5c36d6f88cc7207f1acf00d526ff796b2bd7d7551a3948ecc08418b8e1b185,4434,Provisional technical; historical acceptance excluded,AuraProj terrain,ELEV-002; MAP-001; OSM-001; prototype contract; repository tooling,Project-authored; DTM CC BY 4.0; map public domain; OSM-derived overlay ODbL,UE 5.5.4 CL 40574608; pinned terrain Python environment
Content/__ExternalActors__/Canton/Provisional/Maps/L_Canton_WalledCity_PROVISIONAL/4/1G/0N20K38ZY1ZHG7IIMYMZHF.uasset,cf3869608f8275cfb2013076fd2bdf0240e567daf5ad5d0c0d7e633c3d918cf1,4434,Provisional technical; historical acceptance excluded,AuraProj terrain,ELEV-002; MAP-001; OSM-001; prototype contract; repository tooling,Project-authored; DTM CC BY 4.0; map public domain; OSM-derived overlay ODbL,UE 5.5.4 CL 40574608; pinned terrain Python environment
Content/__ExternalActors__/Canton/Provisional/Maps/L_Canton_WalledCity_PROVISIONAL/4/1K/AWC47MDXR4ZLFDIVBQ4HXF.uasset,27263cf5f8b82824aa2a28a2078d3adc277297838f061e5c7cf78db9230a0ce5,4434,Provisional technical; historical acceptance excluded,AuraProj terrain,ELEV-002; MAP-001; OSM-001; prototype contract; repository tooling,Project-authored; DTM CC BY 4.0; map public domain; OSM-derived overlay ODbL,UE 5.5.4 CL 40574608; pinned terrain Python environment
Content/__ExternalActors__/Canton/Provisional/Maps/L_Canton_WalledCity_PROVISIONAL/4/3C/EXOSEOMW20WK4HWYM8BGN8.uasset,feffc05d82d8c31f94a1f7babeb3a5a7743277986c5ce2908c912d95697ae780,4434,Provisional technical; historical acceptance excluded,AuraProj terrain,ELEV-002; MAP-001; OSM-001; prototype contract; repository tooling,Project-authored; DTM CC BY 4.0; map public domain; OSM-derived overlay ODbL,UE 5.5.4 CL 40574608; pinned terrain Python environment
Content/__ExternalActors__/Canton/Provisional/Maps/L_Canton_WalledCity_PROVISIONAL/4/4L/JXV6J76OP5UG2L89O72OVD.uasset,5c92b82af2530c93fc01d2929a8366c98fb5d8dfbffd38286db418f0a63a8f5c,4432,Provisional technical; historical acceptance excluded,AuraProj terrain,ELEV-002; MAP-001; OSM-001; prototype contract; repository tooling,Project-authored; DTM CC BY 4.0; map public domain; OSM-derived overlay ODbL,UE 5.5.4 CL 40574608; pinned terrain Python environment
Content/__ExternalActors__/Canton/Provisional/Maps/L_Canton_WalledCity_PROVISIONAL/4/4T/LO4D2DIWETOVXCLO6X017S.uasset,b8b36c6f8064b21850a6d69ac55a470b6a75398cb24d72a06750d6c40c429098,4432,Provisional technical; historical acceptance excluded,AuraProj terrain,ELEV-002; MAP-001; OSM-001; prototype contract; repository tooling,Project-authored; DTM CC BY 4.0; map public domain; OSM-derived overlay ODbL,UE 5.5.4 CL 40574608; pinned terrain Python environment
Content/__ExternalActors__/Canton/Provisional/Maps/L_Canton_WalledCity_PROVISIONAL/4/65/EYLPXIVYZC0G0JB6Q9B5ML.uasset,c2dd7cfe4b2b71e41c65a6aab526398edf9123e734a9871054d21830c720f300,1314945,Provisional technical; historical acceptance excluded,AuraProj terrain,ELEV-002; MAP-001; OSM-001; prototype contract; repository tooling,Project-authored; DTM CC BY 4.0; map public domain; OSM-derived overlay ODbL,UE 5.5.4 CL 40574608; pinned terrain Python environment
Content/__ExternalActors__/Canton/Provisional/Maps/L_Canton_WalledCity_PROVISIONAL/4/6T/DYROYR6B5HC5QKECHJREZB.uasset,d3db322b6e1e5005ec9da20b0d694df84bb3b015129b5b5d9e7165c11820843b,4434,Provisional technical; historical acceptance excluded,AuraProj terrain,ELEV-002; MAP-001; OSM-001; prototype contract; repository tooling,Project-authored; DTM CC BY 4.0; map public domain; OSM-derived overlay ODbL,UE 5.5.4 CL 40574608; pinned terrain Python environment
Content/__ExternalActors__/Canton/Provisional/Maps/L_Canton_WalledCity_PROVISIONAL/4/C4/GD23ZQXHRGNGI0G475A9C4.uasset,84414c35a1ed8ab922d25e127b7cf05719885c7141e3e6aa1529961058f9a92c,4434,Provisional technical; historical acceptance excluded,AuraProj terrain,ELEV-002; MAP-001; OSM-001; prototype contract; repository tooling,Project-authored; DTM CC BY 4.0; map public domain; OSM-derived overlay ODbL,UE 5.5.4 CL 40574608; pinned terrain Python environment
Content/__ExternalActors__/Canton/Provisional/Maps/L_Canton_WalledCity_PROVISIONAL/4/CO/EPW102GLSDO62QKJFMSKR5.uasset,a371f24483c02cae32937d4caf139f779897fe5f55d6e54047eb4b197521e9d6,4434,Provisional technical; historical acceptance excluded,AuraProj terrain,ELEV-002; MAP-001; OSM-001; prototype contract; repository tooling,Project-authored; DTM CC BY 4.0; map public domain; OSM-derived overlay ODbL,UE 5.5.4 CL 40574608; pinned terrain Python environment
Content/__ExternalActors__/Canton/Provisional/Maps/L_Canton_WalledCity_PROVISIONAL/4/G0/PETPBLDIBK88JN4PVEUCMU.uasset,56377b867dd3e70cea6e7c68710680ccbffddcced5a50ad2f0dca7528109e3c8,4432,Provisional technical; historical acceptance excluded,AuraProj terrain,ELEV-002; MAP-001; OSM-001; prototype contract; repository tooling,Project-authored; DTM CC BY 4.0; map public domain; OSM-derived overlay ODbL,UE 5.5.4 CL 40574608; pinned terrain Python environment
Content/__ExternalActors__/Canton/Provisional/Maps/L_Canton_WalledCity_PROVISIONAL/4/G3/HBTP0U90P2JHKJMKD0CAES.uasset,e80f4c31ef833c9442d1ec064899bd1d105f927196ddafe36c3506eb08b46679,4434,Provisional technical; historical acceptance excluded,AuraProj terrain,ELEV-002; MAP-001; OSM-001; prototype contract; repository tooling,Project-authored; DTM CC BY 4.0; map public domain; OSM-derived overlay ODbL,UE 5.5.4 CL 40574608; pinned terrain Python environment
Content/__ExternalActors__/Canton/Provisional/Maps/L_Canton_WalledCity_PROVISIONAL/4/KP/UZ0QV4OI0Y0AHVOLIZ73ZJ.uasset,778b50fa75dc3b1a9519f350021fa5d9986b3863d973bb959b0e0b31d45d39d3,4432,Provisional technical; historical acceptance excluded,AuraProj terrain,ELEV-002; MAP-001; OSM-001; prototype contract; repository tooling,Project-authored; DTM CC BY 4.0; map public domain; OSM-derived overlay ODbL,UE 5.5.4 CL 40574608; pinned terrain Python environment
Content/__ExternalActors__/Canton/Provisional/Maps/L_Canton_WalledCity_PROVISIONAL/4/KS/9QAJ5F5ZGG8Z3BVAW1CN41.uasset,1f108dde0b0618e0c4552c4506d8924349d3036d2dec8c88bbad33623987c190,4434,Provisional technical; historical acceptance excluded,AuraProj terrain,ELEV-002; MAP-001; OSM-001; prototype contract; repository tooling,Project-authored; DTM CC BY 4.0; map public domain; OSM-derived overlay ODbL,UE 5.5.4 CL 40574608; pinned terrain Python environment
Content/__ExternalActors__/Canton/Provisional/Maps/L_Canton_WalledCity_PROVISIONAL/4/Q7/6BOHG4RH8FT3K166NADTA1.uasset,358435bec56913ab2507106a3d1688fe508c205aacf4edb9b545da0ce3bf035b,4434,Provisional technical; historical acceptance excluded,AuraProj terrain,ELEV-002; MAP-001; OSM-001; prototype contract; repository tooling,Project-authored; DTM CC BY 4.0; map public domain; OSM-derived overlay ODbL,UE 5.5.4 CL 40574608; pinned terrain Python environment
Content/__ExternalActors__/Canton/Provisional/Maps/L_Canton_WalledCity_PROVISIONAL/4/TE/RE5OHG5XH3BJ59YMNTRRD2.uasset,80d1338fd761f6fc07f50115481ba648146ff8579fa145f4c1e70423b9babe68,4436,Provisional technical; historical acceptance excluded,AuraProj terrain,ELEV-002; MAP-001; OSM-001; prototype contract; repository tooling,Project-authored; DTM CC BY 4.0; map public domain; OSM-derived overlay ODbL,UE 5.5.4 CL 40574608; pinned terrain Python environment
Content/__ExternalActors__/Canton/Provisional/Maps/L_Canton_WalledCity_PROVISIONAL/4/VI/MVC19X49M5XRRWEKHCVZ38.uasset,e3c0073c405c370530d633e4f5d8f3c73c7c9cc0a0f04f7cbbb34ff0bab40fac,4434,Provisional technical; historical acceptance excluded,AuraProj terrain,ELEV-002; MAP-001; OSM-001; prototype contract; repository tooling,Project-authored; DTM CC BY 4.0; map public domain; OSM-derived overlay ODbL,UE 5.5.4 CL 40574608; pinned terrain Python environment
Content/__ExternalActors__/Canton/Provisional/Maps/L_Canton_WalledCity_PROVISIONAL/4/VY/JY9ZHIUUBKX6RY7AZGDIUA.uasset,399e5292e6bb021c9c2b6644e39a265937b4c81536a631e41637d9622b561484,4434,Provisional technical; historical acceptance excluded,AuraProj terrain,ELEV-002; MAP-001; OSM-001; prototype contract; repository tooling,Project-authored; DTM CC BY 4.0; map public domain; OSM-derived overlay ODbL,UE 5.5.4 CL 40574608; pinned terrain Python environment
Content/__ExternalActors__/Canton/Provisional/Maps/L_Canton_WalledCity_PROVISIONAL/4/XB/21V23WBLHDG977R4O0TH0F.uasset,90de5ddeec69076f57675227e250cf7db4f05dd56859e988dea9eb53d5040529,4434,Provisional technical; historical acceptance excluded,AuraProj terrain,ELEV-002; MAP-001; OSM-001; prototype contract; repository tooling,Project-authored; DTM CC BY 4.0; map public domain; OSM-derived overlay ODbL,UE 5.5.4 CL 40574608; pinned terrain Python environment
Content/__ExternalActors__/Canton/Provisional/Maps/L_Canton_WalledCity_PROVISIONAL/4/Z0/CHI50UPHRLUDKTAUN3WKEZ.uasset,95a37effb6317d34b0e5ad4f90c82ac4987540df1ed139d01a0185f40b10bebd,4432,Provisional technical; historical acceptance excluded,AuraProj terrain,ELEV-002; MAP-001; OSM-001; prototype contract; repository tooling,Project-authored; DTM CC BY 4.0; map public domain; OSM-derived overlay ODbL,UE 5.5.4 CL 40574608; pinned terrain Python environment
Content/__ExternalActors__/Canton/Provisional/Maps/L_Canton_WalledCity_PROVISIONAL/5/3M/5KALAVGC8B51LLL3ORIBBU.uasset,a263a12f0f3ef1cf8150326f0bac9cdcff4b6a0e0543bea746de73024f23d081,4434,Provisional technical; historical acceptance excluded,AuraProj terrain,ELEV-002; MAP-001; OSM-001; prototype contract; repository tooling,Project-authored; DTM CC BY 4.0; map public domain; OSM-derived overlay ODbL,UE 5.5.4 CL 40574608; pinned terrain Python environment
Content/__ExternalActors__/Canton/Provisional/Maps/L_Canton_WalledCity_PROVISIONAL/5/4K/6S00RODSRLORX7CW8C7AQI.uasset,bc730f63b3a9412c66e4c77eec833630e7d5b73ee533b1396db9dce022262d8f,4434,Provisional technical; historical acceptance excluded,AuraProj terrain,ELEV-002; MAP-001; OSM-001; prototype contract; repository tooling,Project-authored; DTM CC BY 4.0; map public domain; OSM-derived overlay ODbL,UE 5.5.4 CL 40574608; pinned terrain Python environment
Content/__ExternalActors__/Canton/Provisional/Maps/L_Canton_WalledCity_PROVISIONAL/5/59/ROTYF212RW0XJBDA70064Z.uasset,d9cf6577ca778c5098d36d341391e7a84db8e24c91f44036635e230794a71573,4434,Provisional technical; historical acceptance excluded,AuraProj terrain,ELEV-002; MAP-001; OSM-001; prototype contract; repository tooling,Project-authored; DTM CC BY 4.0; map public domain; OSM-derived overlay ODbL,UE 5.5.4 CL 40574608; pinned terrain Python environment
Content/__ExternalActors__/Canton/Provisional/Maps/L_Canton_WalledCity_PROVISIONAL/5/8I/V0TMF1EQBURFPPCPGKHPDS.uasset,03883df8e8c7d9621979c9c7846f34d3241e086ddee4ea3a9f869b3e8e60c489,4434,Provisional technical; historical acceptance excluded,AuraProj terrain,ELEV-002; MAP-001; OSM-001; prototype contract; repository tooling,Project-authored; DTM CC BY 4.0; map public domain; OSM-derived overlay ODbL,UE 5.5.4 CL 40574608; pinned terrain Python environment
Content/__ExternalActors__/Canton/Provisional/Maps/L_Canton_WalledCity_PROVISIONAL/5/9O/OKYDCFR1F5CZ5YW6BNELD7.uasset,00c8ee21994d52dadf409b0fda5f84278f4fae9ea871c8f9caaf770daef22ea4,4434,Provisional technical; historical acceptance excluded,AuraProj terrain,ELEV-002; MAP-001; OSM-001; prototype contract; repository tooling,Project-authored; DTM CC BY 4.0; map public domain; OSM-derived overlay ODbL,UE 5.5.4 CL 40574608; pinned terrain Python environment
Content/__ExternalActors__/Canton/Provisional/Maps/L_Canton_WalledCity_PROVISIONAL/5/9Z/DTBDY8UMPVVWVWB2NJ7MJ1.uasset,bfda6c371c1d3c3e445123dc47c1f22ab302e59c21f7c4142c53c8fc1bc56d9a,4434,Provisional technical; historical acceptance excluded,AuraProj terrain,ELEV-002; MAP-001; OSM-001; prototype contract; repository tooling,Project-authored; DTM CC BY 4.0; map public domain; OSM-derived overlay ODbL,UE 5.5.4 CL 40574608; pinned terrain Python environment
Content/__ExternalActors__/Canton/Provisional/Maps/L_Canton_WalledCity_PROVISIONAL/5/AO/K5EO31DNF0SKANHBAWDL6G.uasset,0335d5e43f21d044b657f40fef6a933665bd183f3e50826cdab696139c37d9bf,4434,Provisional technical; historical acceptance excluded,AuraProj terrain,ELEV-002; MAP-001; OSM-001; prototype contract; repository tooling,Project-authored; DTM CC BY 4.0; map public domain; OSM-derived overlay ODbL,UE 5.5.4 CL 40574608; pinned terrain Python environment
Content/__ExternalActors__/Canton/Provisional/Maps/L_Canton_WalledCity_PROVISIONAL/5/BT/00FIB5TGBLNLALY4GIKVMI.uasset,58c7795e9c456c9f9fb315ae28f2f2ca0894d9cc860d2a27d6d6b1d51cd8493b,4434,Provisional technical; historical acceptance excluded,AuraProj terrain,ELEV-002; MAP-001; OSM-001; prototype contract; repository tooling,Project-authored; DTM CC BY 4.0; map public domain; OSM-derived overlay ODbL,UE 5.5.4 CL 40574608; pinned terrain Python environment
Content/__ExternalActors__/Canton/Provisional/Maps/L_Canton_WalledCity_PROVISIONAL/5/CD/3X8PA01HBOBLZEYD8OKS6B.uasset,462f141f97608a9a1a21d0c38dbd19e0d53fff24b5e49e050853cbabb03ed73f,4432,Provisional technical; historical acceptance excluded,AuraProj terrain,ELEV-002; MAP-001; OSM-001; prototype contract; repository tooling,Project-authored; DTM CC BY 4.0; map public domain; OSM-derived overlay ODbL,UE 5.5.4 CL 40574608; pinned terrain Python environment
Content/__ExternalActors__/Canton/Provisional/Maps/L_Canton_WalledCity_PROVISIONAL/5/D8/VQD8N6FGNBP5SAXAJ3SP48.uasset,67860a79d46b046ab5a6a3ef2378c03a1c38f18b67ac3855eafbc1d1afc22127,4434,Provisional technical; historical acceptance excluded,AuraProj terrain,ELEV-002; MAP-001; OSM-001; prototype contract; repository tooling,Project-authored; DTM CC BY 4.0; map public domain; OSM-derived overlay ODbL,UE 5.5.4 CL 40574608; pinned terrain Python environment
Content/__ExternalActors__/Canton/Provisional/Maps/L_Canton_WalledCity_PROVISIONAL/5/DH/S6G7OTYYFTP3K96PF2ALJZ.uasset,16d3c720749f28d5e8dd192fa80df92622d4ac562b0bb339b151d1704e6b64fa,4436,Provisional technical; historical acceptance excluded,AuraProj terrain,ELEV-002; MAP-001; OSM-001; prototype contract; repository tooling,Project-authored; DTM CC BY 4.0; map public domain; OSM-derived overlay ODbL,UE 5.5.4 CL 40574608; pinned terrain Python environment
Content/__ExternalActors__/Canton/Provisional/Maps/L_Canton_WalledCity_PROVISIONAL/5/J8/SQS5RB258JFGVJRNEC8H5W.uasset,e51daa4b53f719793c5e5823484975cbcc7197e83af442b79d66cf4a63b785ee,4432,Provisional technical; historical acceptance excluded,AuraProj terrain,ELEV-002; MAP-001; OSM-001; prototype contract; repository tooling,Project-authored; DTM CC BY 4.0; map public domain; OSM-derived overlay ODbL,UE 5.5.4 CL 40574608; pinned terrain Python environment
Content/__ExternalActors__/Canton/Provisional/Maps/L_Canton_WalledCity_PROVISIONAL/5/JO/RJP2SHPT24NGEMNEV6NA3F.uasset,f09335179a13648c2a8876eccb6c33a94dda55494c36915a2eddd21bcc47875b,4432,Provisional technical; historical acceptance excluded,AuraProj terrain,ELEV-002; MAP-001; OSM-001; prototype contract; repository tooling,Project-authored; DTM CC BY 4.0; map public domain; OSM-derived overlay ODbL,UE 5.5.4 CL 40574608; pinned terrain Python environment
Content/__ExternalActors__/Canton/Provisional/Maps/L_Canton_WalledCity_PROVISIONAL/5/KC/AT58BI6XONE1VGNWLQV5TV.uasset,7550e486eb7546a3aaa660661774090b041046f825809b1b882cf215bd744839,4434,Provisional technical; historical acceptance excluded,AuraProj terrain,ELEV-002; MAP-001; OSM-001; prototype contract; repository tooling,Project-authored; DTM CC BY 4.0; map public domain; OSM-derived overlay ODbL,UE 5.5.4 CL 40574608; pinned terrain Python environment
Content/__ExternalActors__/Canton/Provisional/Maps/L_Canton_WalledCity_PROVISIONAL/5/KR/QJFP5E7U5IU5DCK1M5I7PO.uasset,1c62f86851a00ba5fd729f7f4e72fb148c01f505d4d0879b38d41570182fffcb,4432,Provisional technical; historical acceptance excluded,AuraProj terrain,ELEV-002; MAP-001; OSM-001; prototype contract; repository tooling,Project-authored; DTM CC BY 4.0; map public domain; OSM-derived overlay ODbL,UE 5.5.4 CL 40574608; pinned terrain Python environment
Content/__ExternalActors__/Canton/Provisional/Maps/L_Canton_WalledCity_PROVISIONAL/5/M5/LMCBPXRSMJ5HO0Z1EA0J2R.uasset,e11b9d1145438b77b10568931530b03242fe36b19a91f07826054f20fab98835,4432,Provisional technical; historical acceptance excluded,AuraProj terrain,ELEV-002; MAP-001; OSM-001; prototype contract; repository tooling,Project-authored; DTM CC BY 4.0; map public domain; OSM-derived overlay ODbL,UE 5.5.4 CL 40574608; pinned terrain Python environment
Content/__ExternalActors__/Canton/Provisional/Maps/L_Canton_WalledCity_PROVISIONAL/5/N3/25OBXED5B6XFS5L7SI0I8D.uasset,73712f4cdcb4ab5c6fd68c6eb71ed6ec4aea4f90de260aced987f8e65a78c884,4432,Provisional technical; historical acceptance excluded,AuraProj terrain,ELEV-002; MAP-001; OSM-001; prototype contract; repository tooling,Project-authored; DTM CC BY 4.0; map public domain; OSM-derived overlay ODbL,UE 5.5.4 CL 40574608; pinned terrain Python environment
Content/__ExternalActors__/Canton/Provisional/Maps/L_Canton_WalledCity_PROVISIONAL/5/NH/FPEPG4X28X8RRK3K15RGCK.uasset,4e827ae9fe6d6e3ee9f0901d3f1dd68525c2d9a56ed8d1bf663b57115c69bac0,4434,Provisional technical; historical acceptance excluded,AuraProj terrain,ELEV-002; MAP-001; OSM-001; prototype contract; repository tooling,Project-authored; DTM CC BY 4.0; map public domain; OSM-derived overlay ODbL,UE 5.5.4 CL 40574608; pinned terrain Python environment
Content/__ExternalActors__/Canton/Provisional/Maps/L_Canton_WalledCity_PROVISIONAL/5/T3/1ULKRYQJ7Y785DBR5VF7U1.uasset,ad8a8b9534e432cc21078678ada2c6152a97a627a1b6174dd30f025b9961cea9,4434,Provisional technical; historical acceptance excluded,AuraProj terrain,ELEV-002; MAP-001; OSM-001; prototype contract; repository tooling,Project-authored; DTM CC BY 4.0; map public domain; OSM-derived overlay ODbL,UE 5.5.4 CL 40574608; pinned terrain Python environment
Content/__ExternalActors__/Canton/Provisional/Maps/L_Canton_WalledCity_PROVISIONAL/5/WP/WERFSQ0IYQK40DRZZQIM6M.uasset,660ec9d9dbd018a6feda0f3888c0a142c2fb3a9bf8c624f3bf713235fdf492e3,4434,Provisional technical; historical acceptance excluded,AuraProj terrain,ELEV-002; MAP-001; OSM-001; prototype contract; repository tooling,Project-authored; DTM CC BY 4.0; map public domain; OSM-derived overlay ODbL,UE 5.5.4 CL 40574608; pinned terrain Python environment
Content/__ExternalActors__/Canton/Provisional/Maps/L_Canton_WalledCity_PROVISIONAL/5/XB/Y6Q16XH6I2ZOD9HJF7065V.uasset,71be3f9b2d9c7abc3abb56367dc9dfd0efbb66b652b27518a97f1bb441689bf4,4432,Provisional technical; historical acceptance excluded,AuraProj terrain,ELEV-002; MAP-001; OSM-001; prototype contract; repository tooling,Project-authored; DTM CC BY 4.0; map public domain; OSM-derived overlay ODbL,UE 5.5.4 CL 40574608; pinned terrain Python environment
Content/__ExternalActors__/Canton/Provisional/Maps/L_Canton_WalledCity_PROVISIONAL/5/XP/1JVBCYA4IBHZ0QYBAR1JCU.uasset,8754e24638f850a3a4e142474f62db025e9323dc3c25fd460249b8f8552c6187,4434,Provisional technical; historical acceptance excluded,AuraProj terrain,ELEV-002; MAP-001; OSM-001; prototype contract; repository tooling,Project-authored; DTM CC BY 4.0; map public domain; OSM-derived overlay ODbL,UE 5.5.4 CL 40574608; pinned terrain Python environment
Content/__ExternalActors__/Canton/Provisional/Maps/L_Canton_WalledCity_PROVISIONAL/5/YD/WB4YTSOCLWLZ7QEGWXCIA5.uasset,772c6403679d7dafb8097efc387a48e599990fe57c94f0efd014448bcee39174,4432,Provisional technical; historical acceptance excluded,AuraProj terrain,ELEV-002; MAP-001; OSM-001; prototype contract; repository tooling,Project-authored; DTM CC BY 4.0; map public domain; OSM-derived overlay ODbL,UE 5.5.4 CL 40574608; pinned terrain Python environment
Content/__ExternalActors__/Canton/Provisional/Maps/L_Canton_WalledCity_PROVISIONAL/6/08/L3TBH14HSTZ5LS2OLQ25RG.uasset,b57cc98c6e4a4cb0f9afbc5f09bf06c5771b362a6d3c3e8ce4fd6d4af9283154,1299873,Provisional technical; historical acceptance excluded,AuraProj terrain,ELEV-002; MAP-001; OSM-001; prototype contract; repository tooling,Project-authored; DTM CC BY 4.0; map public domain; OSM-derived overlay ODbL,UE 5.5.4 CL 40574608; pinned terrain Python environment
Content/__ExternalActors__/Canton/Provisional/Maps/L_Canton_WalledCity_PROVISIONAL/6/1N/I5CFUD63QTDH2EYE5VOIEB.uasset,672844818da51c5a6f8868fd2f610259e9111b566757c645905844937d6f6b12,4434,Provisional technical; historical acceptance excluded,AuraProj terrain,ELEV-002; MAP-001; OSM-001; prototype contract; repository tooling,Project-authored; DTM CC BY 4.0; map public domain; OSM-derived overlay ODbL,UE 5.5.4 CL 40574608; pinned terrain Python environment
Content/__ExternalActors__/Canton/Provisional/Maps/L_Canton_WalledCity_PROVISIONAL/6/2Z/2PRKGDSRL9X2QDIE5MSGHX.uasset,1a507a8127f5c609ed2dc0f882164e81d2c2a7615c6893bc0085fb5ed36b0c94,4432,Provisional technical; historical acceptance excluded,AuraProj terrain,ELEV-002; MAP-001; OSM-001; prototype contract; repository tooling,Project-authored; DTM CC BY 4.0; map public domain; OSM-derived overlay ODbL,UE 5.5.4 CL 40574608; pinned terrain Python environment
Content/__ExternalActors__/Canton/Provisional/Maps/L_Canton_WalledCity_PROVISIONAL/6/6A/PLAU1Z9H6GGEZOWX2NSBMQ.uasset,55320f0e8be87c2ff6fdfa7c37e262b8c6843d25390b9de7df542f1020367a09,4434,Provisional technical; historical acceptance excluded,AuraProj terrain,ELEV-002; MAP-001; OSM-001; prototype contract; repository tooling,Project-authored; DTM CC BY 4.0; map public domain; OSM-derived overlay ODbL,UE 5.5.4 CL 40574608; pinned terrain Python environment
Content/__ExternalActors__/Canton/Provisional/Maps/L_Canton_WalledCity_PROVISIONAL/6/AR/3Z0HXU2JHUN32FLDWC8SCM.uasset,62330433cb2a438015c4e997231dc85155bc81f450ec799fb2dd99bccd6e3020,4432,Provisional technical; historical acceptance excluded,AuraProj terrain,ELEV-002; MAP-001; OSM-001; prototype contract; repository tooling,Project-authored; DTM CC BY 4.0; map public domain; OSM-derived overlay ODbL,UE 5.5.4 CL 40574608; pinned terrain Python environment
Content/__ExternalActors__/Canton/Provisional/Maps/L_Canton_WalledCity_PROVISIONAL/6/B8/5034FGUIQKXT0PXNRICQ22.uasset,cf12f61251c54bf131d845fb47cdb14fc36d9402fa3f6e8eb619c832ea9ad0d8,4434,Provisional technical; historical acceptance excluded,AuraProj terrain,ELEV-002; MAP-001; OSM-001; prototype contract; repository tooling,Project-authored; DTM CC BY 4.0; map public domain; OSM-derived overlay ODbL,UE 5.5.4 CL 40574608; pinned terrain Python environment
Content/__ExternalActors__/Canton/Provisional/Maps/L_Canton_WalledCity_PROVISIONAL/6/C6/OK98C55D23Z8J3IJWA41JA.uasset,86546a225578ff7a08dce19edf77b3dd520743a0f105b1745fae260b7e801053,4434,Provisional technical; historical acceptance excluded,AuraProj terrain,ELEV-002; MAP-001; OSM-001; prototype contract; repository tooling,Project-authored; DTM CC BY 4.0; map public domain; OSM-derived overlay ODbL,UE 5.5.4 CL 40574608; pinned terrain Python environment
Content/__ExternalActors__/Canton/Provisional/Maps/L_Canton_WalledCity_PROVISIONAL/6/DA/6D8ABTU6KFS81PVTMVMZ92.uasset,dce0f07537160282ae40cbdbc94b325938691cab2b0dc95b4ae39dd577f4455c,1193700,Provisional technical; historical acceptance excluded,AuraProj terrain,ELEV-002; MAP-001; OSM-001; prototype contract; repository tooling,Project-authored; DTM CC BY 4.0; map public domain; OSM-derived overlay ODbL,UE 5.5.4 CL 40574608; pinned terrain Python environment
Content/__ExternalActors__/Canton/Provisional/Maps/L_Canton_WalledCity_PROVISIONAL/6/I4/O78GNX9QU6V2JN7FSKJGCB.uasset,f9f8c43a830b6af7946ececd76815da746e3dd4df9650af7e6b9d6c7937258ce,4432,Provisional technical; historical acceptance excluded,AuraProj terrain,ELEV-002; MAP-001; OSM-001; prototype contract; repository tooling,Project-authored; DTM CC BY 4.0; map public domain; OSM-derived overlay ODbL,UE 5.5.4 CL 40574608; pinned terrain Python environment
Content/__ExternalActors__/Canton/Provisional/Maps/L_Canton_WalledCity_PROVISIONAL/6/JR/3APKF1B2QVUEGGAF5CDKEE.uasset,12acf41af2c5b52eb3d7b6ee5140d6028323402c6cf4fef1fb43599f2c3fce61,4434,Provisional technical; historical acceptance excluded,AuraProj terrain,ELEV-002; MAP-001; OSM-001; prototype contract; repository tooling,Project-authored; DTM CC BY 4.0; map public domain; OSM-derived overlay ODbL,UE 5.5.4 CL 40574608; pinned terrain Python environment
Content/__ExternalActors__/Canton/Provisional/Maps/L_Canton_WalledCity_PROVISIONAL/6/K0/LPELZUJL9012HA7T9LNSWM.uasset,3e6ecccc2ea00dec6bebda1502c05aa371917f78a9781b739b45216a5a4e4535,1319285,Provisional technical; historical acceptance excluded,AuraProj terrain,ELEV-002; MAP-001; OSM-001; prototype contract; repository tooling,Project-authored; DTM CC BY 4.0; map public domain; OSM-derived overlay ODbL,UE 5.5.4 CL 40574608; pinned terrain Python environment
Content/__ExternalActors__/Canton/Provisional/Maps/L_Canton_WalledCity_PROVISIONAL/6/KK/VE6QOY4Q8F8T7JJQOTASRU.uasset,7811569cb00ed00a507c2399b132486d192ad5d80b8e33a0ce1aa024d201c391,4302,Provisional technical; historical acceptance excluded,AuraProj terrain,ELEV-002; MAP-001; OSM-001; prototype contract; repository tooling,Project-authored; DTM CC BY 4.0; map public domain; OSM-derived overlay ODbL,UE 5.5.4 CL 40574608; pinned terrain Python environment
Content/__ExternalActors__/Canton/Provisional/Maps/L_Canton_WalledCity_PROVISIONAL/6/LO/ZV824RDR5DT3NYJZ651KP0.uasset,f78697c593e2ae8c5948b2b8cfde6077373c55a1985c98e4473f1c54a023d17b,4432,Provisional technical; historical acceptance excluded,AuraProj terrain,ELEV-002; MAP-001; OSM-001; prototype contract; repository tooling,Project-authored; DTM CC BY 4.0; map public domain; OSM-derived overlay ODbL,UE 5.5.4 CL 40574608; pinned terrain Python environment
Content/__ExternalActors__/Canton/Provisional/Maps/L_Canton_WalledCity_PROVISIONAL/6/M0/0NWWCT12BBXIM7CF8VR3XW.uasset,311975ff2d884533799afe386bcccec75cc66bc64d94428b7d608b8253b12a7f,4434,Provisional technical; historical acceptance excluded,AuraProj terrain,ELEV-002; MAP-001; OSM-001; prototype contract; repository tooling,Project-authored; DTM CC BY 4.0; map public domain; OSM-derived overlay ODbL,UE 5.5.4 CL 40574608; pinned terrain Python environment
Content/__ExternalActors__/Canton/Provisional/Maps/L_Canton_WalledCity_PROVISIONAL/6/M2/B9T1KQOBA3UAH3YCQ40WD0.uasset,e9c7df812d5194f559dd025f8a06869786ef5283e063961ef64f4962066d85aa,4432,Provisional technical; historical acceptance excluded,AuraProj terrain,ELEV-002; MAP-001; OSM-001; prototype contract; repository tooling,Project-authored; DTM CC BY 4.0; map public domain; OSM-derived overlay ODbL,UE 5.5.4 CL 40574608; pinned terrain Python environment
Content/__ExternalActors__/Canton/Provisional/Maps/L_Canton_WalledCity_PROVISIONAL/6/MI/YG4KTAT2B17XYBUD75HGDC.uasset,dbb881d1bf5b1df5e4fd5fbf11b199a10f1e393deaadba969e7e03ed082d6eb6,4434,Provisional technical; historical acceptance excluded,AuraProj terrain,ELEV-002; MAP-001; OSM-001; prototype contract; repository tooling,Project-authored; DTM CC BY 4.0; map public domain; OSM-derived overlay ODbL,UE 5.5.4 CL 40574608; pinned terrain Python environment
Content/__ExternalActors__/Canton/Provisional/Maps/L_Canton_WalledCity_PROVISIONAL/6/OD/8MH892AIOIRL2Y984J65EP.uasset,1bad9e8eeebccba22720080cf3017a7ec6dc60835a1712a90cca27de5e789744,4432,Provisional technical; historical acceptance excluded,AuraProj terrain,ELEV-002; MAP-001; OSM-001; prototype contract; repository tooling,Project-authored; DTM CC BY 4.0; map public domain; OSM-derived overlay ODbL,UE 5.5.4 CL 40574608; pinned terrain Python environment
Content/__ExternalActors__/Canton/Provisional/Maps/L_Canton_WalledCity_PROVISIONAL/6/OH/TOTE8GC0RRA8QDXK8TGAEA.uasset,a742bd7db7825c6d9b0fa05ff1d12998e740e23b19614b80f1809cf06ee88ab7,4432,Provisional technical; historical acceptance excluded,AuraProj terrain,ELEV-002; MAP-001; OSM-001; prototype contract; repository tooling,Project-authored; DTM CC BY 4.0; map public domain; OSM-derived overlay ODbL,UE 5.5.4 CL 40574608; pinned terrain Python environment
Content/__ExternalActors__/Canton/Provisional/Maps/L_Canton_WalledCity_PROVISIONAL/6/OY/MTS1QDU19G5DMDFO48CPPI.uasset,eee01bb07f16db2c1b246f68340d4c2968103a940a5ce46c59de4805efaa1f48,4432,Provisional technical; historical acceptance excluded,AuraProj terrain,ELEV-002; MAP-001; OSM-001; prototype contract; repository tooling,Project-authored; DTM CC BY 4.0; map public domain; OSM-derived overlay ODbL,UE 5.5.4 CL 40574608; pinned terrain Python environment
Content/__ExternalActors__/Canton/Provisional/Maps/L_Canton_WalledCity_PROVISIONAL/6/QB/CGGAVG0HIAFSXSXQ73L945.uasset,0d2ebde28abdf92371fc7774aabb32eb4cee9f33231a065210aba48a3e0191c5,4434,Provisional technical; historical acceptance excluded,AuraProj terrain,ELEV-002; MAP-001; OSM-001; prototype contract; repository tooling,Project-authored; DTM CC BY 4.0; map public domain; OSM-derived overlay ODbL,UE 5.5.4 CL 40574608; pinned terrain Python environment
Content/__ExternalActors__/Canton/Provisional/Maps/L_Canton_WalledCity_PROVISIONAL/6/S0/YAP1039YHSQ4HA02XIE1JC.uasset,a4b595fd83c31d28d7942990117e79dfb82e17799a8e37da7022d92ee12e1e95,4434,Provisional technical; historical acceptance excluded,AuraProj terrain,ELEV-002; MAP-001; OSM-001; prototype contract; repository tooling,Project-authored; DTM CC BY 4.0; map public domain; OSM-derived overlay ODbL,UE 5.5.4 CL 40574608; pinned terrain Python environment
Content/__ExternalActors__/Canton/Provisional/Maps/L_Canton_WalledCity_PROVISIONAL/6/T3/FV6QNVRVMXTLB9I5IGMWF9.uasset,7aff2637f6e8afa462a01f63fb97f66c9e042294e9820303f9707eb461a4dde2,4434,Provisional technical; historical acceptance excluded,AuraProj terrain,ELEV-002; MAP-001; OSM-001; prototype contract; repository tooling,Project-authored; DTM CC BY 4.0; map public domain; OSM-derived overlay ODbL,UE 5.5.4 CL 40574608; pinned terrain Python environment
Content/__ExternalActors__/Canton/Provisional/Maps/L_Canton_WalledCity_PROVISIONAL/6/VB/HNJZAW76DJ1WHQSIGVQUG0.uasset,92081710e26b383af8db911dcf5f66079c702e5d5964b4581d829a1ad881ccda,2412,Provisional technical; historical acceptance excluded,AuraProj terrain,ELEV-002; MAP-001; OSM-001; prototype contract; repository tooling,Project-authored; DTM CC BY 4.0; map public domain; OSM-derived overlay ODbL,UE 5.5.4 CL 40574608; pinned terrain Python environment
Content/__ExternalActors__/Canton/Provisional/Maps/L_Canton_WalledCity_PROVISIONAL/6/VP/5VY2IJSXNZ6L9M7EZP56FD.uasset,852fb3d97ab6a33ead397ec4473ec85315f8df5801393f5d486aedcd40ee7fa2,4434,Provisional technical; historical acceptance excluded,AuraProj terrain,ELEV-002; MAP-001; OSM-001; prototype contract; repository tooling,Project-authored; DTM CC BY 4.0; map public domain; OSM-derived overlay ODbL,UE 5.5.4 CL 40574608; pinned terrain Python environment
Content/__ExternalActors__/Canton/Provisional/Maps/L_Canton_WalledCity_PROVISIONAL/6/WP/0WGFPGUCZLVNLVN9A8ICIM.uasset,327d4ac1b657be24e97c71bce456c3780836ea254abb0cadb3623dbdc7c09c5f,4434,Provisional technical; historical acceptance excluded,AuraProj terrain,ELEV-002; MAP-001; OSM-001; prototype contract; repository tooling,Project-authored; DTM CC BY 4.0; map public domain; OSM-derived overlay ODbL,UE 5.5.4 CL 40574608; pinned terrain Python environment
Content/__ExternalActors__/Canton/Provisional/Maps/L_Canton_WalledCity_PROVISIONAL/6/XL/5OECQ5Y2IXF635QUDLQAVC.uasset,55f66bc72ab755249b2c70936b1dbc1bdbd781abb3f99af35ddabddf88b1e327,4434,Provisional technical; historical acceptance excluded,AuraProj terrain,ELEV-002; MAP-001; OSM-001; prototype contract; repository tooling,Project-authored; DTM CC BY 4.0; map public domain; OSM-derived overlay ODbL,UE 5.5.4 CL 40574608; pinned terrain Python environment
Content/__ExternalActors__/Canton/Provisional/Maps/L_Canton_WalledCity_PROVISIONAL/6/YO/ZAQ6KSLXV5IRH4ZLJLHZA8.uasset,48082ee13721f2aa270519a131d14c08efecea1c5b3f6c48f2145741297f95fe,4434,Provisional technical; historical acceptance excluded,AuraProj terrain,ELEV-002; MAP-001; OSM-001; prototype contract; repository tooling,Project-authored; DTM CC BY 4.0; map public domain; OSM-derived overlay ODbL,UE 5.5.4 CL 40574608; pinned terrain Python environment
Content/__ExternalActors__/Canton/Provisional/Maps/L_Canton_WalledCity_PROVISIONAL/6/Z4/NQ6PN2393VWIXPG9XR5XPM.uasset,f64df476cf97202a7e41886879912c495905a4dc430b77698bbb0dd5ad560029,4432,Provisional technical; historical acceptance excluded,AuraProj terrain,ELEV-002; MAP-001; OSM-001; prototype contract; repository tooling,Project-authored; DTM CC BY 4.0; map public domain; OSM-derived overlay ODbL,UE 5.5.4 CL 40574608; pinned terrain Python environment
Content/__ExternalActors__/Canton/Provisional/Maps/L_Canton_WalledCity_PROVISIONAL/6/Z4/ZHSXWCD3HBAAAHNADS76EL.uasset,03e4cfacf24231b3d887e4c0184654cb41b95057438a04baba25e210ab4d4fb1,4434,Provisional technical; historical acceptance excluded,AuraProj terrain,ELEV-002; MAP-001; OSM-001; prototype contract; repository tooling,Project-authored; DTM CC BY 4.0; map public domain; OSM-derived overlay ODbL,UE 5.5.4 CL 40574608; pinned terrain Python environment
Content/__ExternalActors__/Canton/Provisional/Maps/L_Canton_WalledCity_PROVISIONAL/6/ZA/XPS6RLVRRBZPOMC6SLI421.uasset,76cd6d1b2f1d91279a13577e95ab4b905ea9f077204c8600d3be4c39f1cfa996,4434,Provisional technical; historical acceptance excluded,AuraProj terrain,ELEV-002; MAP-001; OSM-001; prototype contract; repository tooling,Project-authored; DTM CC BY 4.0; map public domain; OSM-derived overlay ODbL,UE 5.5.4 CL 40574608; pinned terrain Python environment
Content/__ExternalActors__/Canton/Provisional/Maps/L_Canton_WalledCity_PROVISIONAL/7/1J/PUSPZW5XYMCCB9MQ717B4I.uasset,a8ea406931e2e1f8a5ed1c6f589db428e1a44aca3e96deb2f4e3f7b3d6c16a93,4434,Provisional technical; historical acceptance excluded,AuraProj terrain,ELEV-002; MAP-001; OSM-001; prototype contract; repository tooling,Project-authored; DTM CC BY 4.0; map public domain; OSM-derived overlay ODbL,UE 5.5.4 CL 40574608; pinned terrain Python environment
Content/__ExternalActors__/Canton/Provisional/Maps/L_Canton_WalledCity_PROVISIONAL/7/27/CUINYMSOD2749T8GW607MV.uasset,fcb1beb0ffd3d699f5ab2287127fbb734e68275a0bd479f962b8c71ada14a2cc,4436,Provisional technical; historical acceptance excluded,AuraProj terrain,ELEV-002; MAP-001; OSM-001; prototype contract; repository tooling,Project-authored; DTM CC BY 4.0; map public domain; OSM-derived overlay ODbL,UE 5.5.4 CL 40574608; pinned terrain Python environment
Content/__ExternalActors__/Canton/Provisional/Maps/L_Canton_WalledCity_PROVISIONAL/7/6A/V60ZLSSLX0ALUAKI4VAN1U.uasset,1e74bdf43b2044e0342f1d43e38d21d5e06da9352098b6cdd3731c2f0a837ec3,4436,Provisional technical; historical acceptance excluded,AuraProj terrain,ELEV-002; MAP-001; OSM-001; prototype contract; repository tooling,Project-authored; DTM CC BY 4.0; map public domain; OSM-derived overlay ODbL,UE 5.5.4 CL 40574608; pinned terrain Python environment
Content/__ExternalActors__/Canton/Provisional/Maps/L_Canton_WalledCity_PROVISIONAL/7/6E/MH3489LYMJLHBS3MNCR3DX.uasset,e93ec6f06069c53de291e4cd4d3ecc4657738c5a02dd51320a99b1fa32689650,4434,Provisional technical; historical acceptance excluded,AuraProj terrain,ELEV-002; MAP-001; OSM-001; prototype contract; repository tooling,Project-authored; DTM CC BY 4.0; map public domain; OSM-derived overlay ODbL,UE 5.5.4 CL 40574608; pinned terrain Python environment
Content/__ExternalActors__/Canton/Provisional/Maps/L_Canton_WalledCity_PROVISIONAL/7/6W/9ZRXNYZ6IDOJKCSDVTO4PR.uasset,1ecf02af345551c7a4b5fcf85f720f05f9121ecb24db6531dc5d7886a8eebebc,4432,Provisional technical; historical acceptance excluded,AuraProj terrain,ELEV-002; MAP-001; OSM-001; prototype contract; repository tooling,Project-authored; DTM CC BY 4.0; map public domain; OSM-derived overlay ODbL,UE 5.5.4 CL 40574608; pinned terrain Python environment
Content/__ExternalActors__/Canton/Provisional/Maps/L_Canton_WalledCity_PROVISIONAL/7/9Q/D3CNWJCG02REDFLW4BHRFT.uasset,5e2481e30af702af1c0ecf4b633d2905ab345a141d826bedb9146dce745bdd1a,4432,Provisional technical; historical acceptance excluded,AuraProj terrain,ELEV-002; MAP-001; OSM-001; prototype contract; repository tooling,Project-authored; DTM CC BY 4.0; map public domain; OSM-derived overlay ODbL,UE 5.5.4 CL 40574608; pinned terrain Python environment
Content/__ExternalActors__/Canton/Provisional/Maps/L_Canton_WalledCity_PROVISIONAL/7/A9/NTUNH8WP68X8B9OHAFXR7G.uasset,9c59a9321786a49abc8c97cd14986fbd31477bbc2d1a50147f5cd103d0c4024a,4432,Provisional technical; historical acceptance excluded,AuraProj terrain,ELEV-002; MAP-001; OSM-001; prototype contract; repository tooling,Project-authored; DTM CC BY 4.0; map public domain; OSM-derived overlay ODbL,UE 5.5.4 CL 40574608; pinned terrain Python environment
Content/__ExternalActors__/Canton/Provisional/Maps/L_Canton_WalledCity_PROVISIONAL/7/AT/WKYG4KKM74PAC2NOCWOHTN.uasset,be46402f638a83302f05f8befbf63d54c9cff0a6974fd4c181e6a2c7b69b7fce,4432,Provisional technical; historical acceptance excluded,AuraProj terrain,ELEV-002; MAP-001; OSM-001; prototype contract; repository tooling,Project-authored; DTM CC BY 4.0; map public domain; OSM-derived overlay ODbL,UE 5.5.4 CL 40574608; pinned terrain Python environment
Content/__ExternalActors__/Canton/Provisional/Maps/L_Canton_WalledCity_PROVISIONAL/7/BU/5QR3RL04NZNDUWOPS5U9I6.uasset,3818d1ff75d40fef13e2c66d4abc9f925a72f96130879c1f7ebe58220464bc6b,4475,Provisional technical; historical acceptance excluded,AuraProj terrain,ELEV-002; MAP-001; OSM-001; prototype contract; repository tooling,Project-authored; DTM CC BY 4.0; map public domain; OSM-derived overlay ODbL,UE 5.5.4 CL 40574608; pinned terrain Python environment
Content/__ExternalActors__/Canton/Provisional/Maps/L_Canton_WalledCity_PROVISIONAL/7/C2/ZJMEJ94BJG3F0D2RKYE1UF.uasset,2a3046d7934882f558ab0ee6840517628342366f8bee94a9e358dc3ffe1d7068,4434,Provisional technical; historical acceptance excluded,AuraProj terrain,ELEV-002; MAP-001; OSM-001; prototype contract; repository tooling,Project-authored; DTM CC BY 4.0; map public domain; OSM-derived overlay ODbL,UE 5.5.4 CL 40574608; pinned terrain Python environment
Content/__ExternalActors__/Canton/Provisional/Maps/L_Canton_WalledCity_PROVISIONAL/7/CB/FJPG0Z8B1044LIO4J9W0JN.uasset,eff8af1869fedde2035b50d2fb42c4098db55ee88236cb9f295dcd5ead5cd285,4434,Provisional technical; historical acceptance excluded,AuraProj terrain,ELEV-002; MAP-001; OSM-001; prototype contract; repository tooling,Project-authored; DTM CC BY 4.0; map public domain; OSM-derived overlay ODbL,UE 5.5.4 CL 40574608; pinned terrain Python environment
Content/__ExternalActors__/Canton/Provisional/Maps/L_Canton_WalledCity_PROVISIONAL/7/CE/A9NLLBA8417KTZVRA4VUN3.uasset,8758b9368a54ee6cbd6085319d53ec802f0f7890d45abe47ad00718f0d2c054f,4434,Provisional technical; historical acceptance excluded,AuraProj terrain,ELEV-002; MAP-001; OSM-001; prototype contract; repository tooling,Project-authored; DTM CC BY 4.0; map public domain; OSM-derived overlay ODbL,UE 5.5.4 CL 40574608; pinned terrain Python environment
Content/__ExternalActors__/Canton/Provisional/Maps/L_Canton_WalledCity_PROVISIONAL/7/DP/NCBABXUF7LWA3LFE0Z05RF.uasset,fbdcb1f261277c39fa897efb7629ea1d89197fde7c1e2563b7b992702d85ec6e,4432,Provisional technical; historical acceptance excluded,AuraProj terrain,ELEV-002; MAP-001; OSM-001; prototype contract; repository tooling,Project-authored; DTM CC BY 4.0; map public domain; OSM-derived overlay ODbL,UE 5.5.4 CL 40574608; pinned terrain Python environment
Content/__ExternalActors__/Canton/Provisional/Maps/L_Canton_WalledCity_PROVISIONAL/7/GC/O5YYE4FN0DJMC6IOWZGJLN.uasset,9669cd18eff4b0e01b4f91287d493e0ca2b6c9f33e4878ad90803e686048556a,4432,Provisional technical; historical acceptance excluded,AuraProj terrain,ELEV-002; MAP-001; OSM-001; prototype contract; repository tooling,Project-authored; DTM CC BY 4.0; map public domain; OSM-derived overlay ODbL,UE 5.5.4 CL 40574608; pinned terrain Python environment
Content/__ExternalActors__/Canton/Provisional/Maps/L_Canton_WalledCity_PROVISIONAL/7/HU/K06PI96VXPPOP4NN0PM74C.uasset,01525b00933064ce7569d48f9ba4011b98cca3fac99bf13d284433d3eaf07be4,4432,Provisional technical; historical acceptance excluded,AuraProj terrain,ELEV-002; MAP-001; OSM-001; prototype contract; repository tooling,Project-authored; DTM CC BY 4.0; map public domain; OSM-derived overlay ODbL,UE 5.5.4 CL 40574608; pinned terrain Python environment
Content/__ExternalActors__/Canton/Provisional/Maps/L_Canton_WalledCity_PROVISIONAL/7/KK/CHG0G0CKZ744MLBBB0E0TM.uasset,4bf5d85271794f0e3e2d9dcd5c0033166665e1e925c7cb184224b8a3a8c0b3a1,4434,Provisional technical; historical acceptance excluded,AuraProj terrain,ELEV-002; MAP-001; OSM-001; prototype contract; repository tooling,Project-authored; DTM CC BY 4.0; map public domain; OSM-derived overlay ODbL,UE 5.5.4 CL 40574608; pinned terrain Python environment
Content/__ExternalActors__/Canton/Provisional/Maps/L_Canton_WalledCity_PROVISIONAL/7/KO/3HXR1843R0P9SLCMKV40G9.uasset,0d5bc0d36bc0107423d74da928962a263f1e9e57bdf2cebab05d1307c35f9170,4434,Provisional technical; historical acceptance excluded,AuraProj terrain,ELEV-002; MAP-001; OSM-001; prototype contract; repository tooling,Project-authored; DTM CC BY 4.0; map public domain; OSM-derived overlay ODbL,UE 5.5.4 CL 40574608; pinned terrain Python environment
Content/__ExternalActors__/Canton/Provisional/Maps/L_Canton_WalledCity_PROVISIONAL/7/M7/573IQJNL18SLPPA5U5SJKM.uasset,908f1dc7bc6314610e4e18fec591d1d3b9cf2c0c6d4894f3fcbe2a9f7273edfc,4434,Provisional technical; historical acceptance excluded,AuraProj terrain,ELEV-002; MAP-001; OSM-001; prototype contract; repository tooling,Project-authored; DTM CC BY 4.0; map public domain; OSM-derived overlay ODbL,UE 5.5.4 CL 40574608; pinned terrain Python environment
Content/__ExternalActors__/Canton/Provisional/Maps/L_Canton_WalledCity_PROVISIONAL/7/N1/6KMVR74QQSE606T7SS06M0.uasset,dcf0b88c8fdb4119bee443b9328175450a7b2eea8bb8c51dcc33c5617711299f,4432,Provisional technical; historical acceptance excluded,AuraProj terrain,ELEV-002; MAP-001; OSM-001; prototype contract; repository tooling,Project-authored; DTM CC BY 4.0; map public domain; OSM-derived overlay ODbL,UE 5.5.4 CL 40574608; pinned terrain Python environment
Content/__ExternalActors__/Canton/Provisional/Maps/L_Canton_WalledCity_PROVISIONAL/7/PL/PB8AO2U21V3287YT13MF93.uasset,b6b36b32b84534d0b4b07d38f13293a99890c34c2b1c661097e074d7c5ccea16,4434,Provisional technical; historical acceptance excluded,AuraProj terrain,ELEV-002; MAP-001; OSM-001; prototype contract; repository tooling,Project-authored; DTM CC BY 4.0; map public domain; OSM-derived overlay ODbL,UE 5.5.4 CL 40574608; pinned terrain Python environment
Content/__ExternalActors__/Canton/Provisional/Maps/L_Canton_WalledCity_PROVISIONAL/7/R8/HKUBNXTP94LC20HFTV6WI4.uasset,3b5195d56457aa4618758340f621bcb964a5df719d881650e9158d8778a18dd4,4432,Provisional technical; historical acceptance excluded,AuraProj terrain,ELEV-002; MAP-001; OSM-001; prototype contract; repository tooling,Project-authored; DTM CC BY 4.0; map public domain; OSM-derived overlay ODbL,UE 5.5.4 CL 40574608; pinned terrain Python environment
Content/__ExternalActors__/Canton/Provisional/Maps/L_Canton_WalledCity_PROVISIONAL/7/S4/F1BYAC0IKRV5E3XCBDS7VU.uasset,d826536faac311360f39e5edd4b83831f68f96d22befc469d583bb190c85172b,4432,Provisional technical; historical acceptance excluded,AuraProj terrain,ELEV-002; MAP-001; OSM-001; prototype contract; repository tooling,Project-authored; DTM CC BY 4.0; map public domain; OSM-derived overlay ODbL,UE 5.5.4 CL 40574608; pinned terrain Python environment
Content/__ExternalActors__/Canton/Provisional/Maps/L_Canton_WalledCity_PROVISIONAL/7/TA/A16UPRL05P623E38725UU3.uasset,e2e213774dc7c7f46495071549d1496ff8916665f8e3546edde5409b0a41c877,4434,Provisional technical; historical acceptance excluded,AuraProj terrain,ELEV-002; MAP-001; OSM-001; prototype contract; repository tooling,Project-authored; DTM CC BY 4.0; map public domain; OSM-derived overlay ODbL,UE 5.5.4 CL 40574608; pinned terrain Python environment
Content/__ExternalActors__/Canton/Provisional/Maps/L_Canton_WalledCity_PROVISIONAL/7/U0/PZLFWH1NVW80MUKCCA5KCU.uasset,2ed363fc2faeb193a86645dcaf0b42a163951a040ee23e54aa211c412ce6afae,4434,Provisional technical; historical acceptance excluded,AuraProj terrain,ELEV-002; MAP-001; OSM-001; prototype contract; repository tooling,Project-authored; DTM CC BY 4.0; map public domain; OSM-derived overlay ODbL,UE 5.5.4 CL 40574608; pinned terrain Python environment
Content/__ExternalActors__/Canton/Provisional/Maps/L_Canton_WalledCity_PROVISIONAL/7/V0/9Y3N5DFBX7UYS3VEVIHMWE.uasset,b4c503fff3de820fe7381b129cfb6cc52da827f4de409ec602acf62046f42a74,1279851,Provisional technical; historical acceptance excluded,AuraProj terrain,ELEV-002; MAP-001; OSM-001; prototype contract; repository tooling,Project-authored; DTM CC BY 4.0; map public domain; OSM-derived overlay ODbL,UE 5.5.4 CL 40574608; pinned terrain Python environment
Content/__ExternalActors__/Canton/Provisional/Maps/L_Canton_WalledCity_PROVISIONAL/7/VT/Q70B2CGELJKMF9VRRJ8EF0.uasset,28f860b7d6eb72563972b48f1c9dbf775d643982a1db7dd64665ac05c9057817,4434,Provisional technical; historical acceptance excluded,AuraProj terrain,ELEV-002; MAP-001; OSM-001; prototype contract; repository tooling,Project-authored; DTM CC BY 4.0; map public domain; OSM-derived overlay ODbL,UE 5.5.4 CL 40574608; pinned terrain Python environment
Content/__ExternalActors__/Canton/Provisional/Maps/L_Canton_WalledCity_PROVISIONAL/7/W0/PZE6SHAYKSQJFML75QP68P.uasset,a05d7925159f0f58be750e5d606a40fa5ac0b219ff33bf288e9df0f918c3d17a,4434,Provisional technical; historical acceptance excluded,AuraProj terrain,ELEV-002; MAP-001; OSM-001; prototype contract; repository tooling,Project-authored; DTM CC BY 4.0; map public domain; OSM-derived overlay ODbL,UE 5.5.4 CL 40574608; pinned terrain Python environment
Content/__ExternalActors__/Canton/Provisional/Maps/L_Canton_WalledCity_PROVISIONAL/7/YB/VTLZ1SG2WVTK4D5FH2ERU5.uasset,2923714a6ed9376b543db0746f33c4f4acfd6412b543fac12eaa7dfe5bd9470f,4434,Provisional technical; historical acceptance excluded,AuraProj terrain,ELEV-002; MAP-001; OSM-001; prototype contract; repository tooling,Project-authored; DTM CC BY 4.0; map public domain; OSM-derived overlay ODbL,UE 5.5.4 CL 40574608; pinned terrain Python environment
Content/__ExternalActors__/Canton/Provisional/Maps/L_Canton_WalledCity_PROVISIONAL/7/ZO/CJI9OQXZP883I992GDVADB.uasset,b752779f6122065327d49f2198ba8861bbf9da81e83179300981a272a6e4f127,4432,Provisional technical; historical acceptance excluded,AuraProj terrain,ELEV-002; MAP-001; OSM-001; prototype contract; repository tooling,Project-authored; DTM CC BY 4.0; map public domain; OSM-derived overlay ODbL,UE 5.5.4 CL 40574608; pinned terrain Python environment
Content/__ExternalActors__/Canton/Provisional/Maps/L_Canton_WalledCity_PROVISIONAL/8/0B/Y364CRKK5JSV6EXTE03G96.uasset,677a76d490b857e7972ac740eaac463e65edc431bb68c6138359ede433d69e24,4434,Provisional technical; historical acceptance excluded,AuraProj terrain,ELEV-002; MAP-001; OSM-001; prototype contract; repository tooling,Project-authored; DTM CC BY 4.0; map public domain; OSM-derived overlay ODbL,UE 5.5.4 CL 40574608; pinned terrain Python environment
Content/__ExternalActors__/Canton/Provisional/Maps/L_Canton_WalledCity_PROVISIONAL/8/1V/VLLQ5E41G76KR2II1ZUKON.uasset,b947828632709a2395cf13755fda389fba0b5ca3ed58d1cdd0ae78fb9194e9f4,4434,Provisional technical; historical acceptance excluded,AuraProj terrain,ELEV-002; MAP-001; OSM-001; prototype contract; repository tooling,Project-authored; DTM CC BY 4.0; map public domain; OSM-derived overlay ODbL,UE 5.5.4 CL 40574608; pinned terrain Python environment
Content/__ExternalActors__/Canton/Provisional/Maps/L_Canton_WalledCity_PROVISIONAL/8/42/WL3VF380R8ZUVCUR0FN6PO.uasset,cc99647cd78e3ea864ec8235ac7b9709a919aa2f8bf461b6d401476843faf4fe,4434,Provisional technical; historical acceptance excluded,AuraProj terrain,ELEV-002; MAP-001; OSM-001; prototype contract; repository tooling,Project-authored; DTM CC BY 4.0; map public domain; OSM-derived overlay ODbL,UE 5.5.4 CL 40574608; pinned terrain Python environment
Content/__ExternalActors__/Canton/Provisional/Maps/L_Canton_WalledCity_PROVISIONAL/8/5C/ACCSRSG9AVQPCVQUBP7D84.uasset,a4771a457574fdb829a3ba712895304c9af87d3fee65d12878a9dbb607311e55,4434,Provisional technical; historical acceptance excluded,AuraProj terrain,ELEV-002; MAP-001; OSM-001; prototype contract; repository tooling,Project-authored; DTM CC BY 4.0; map public domain; OSM-derived overlay ODbL,UE 5.5.4 CL 40574608; pinned terrain Python environment
Content/__ExternalActors__/Canton/Provisional/Maps/L_Canton_WalledCity_PROVISIONAL/8/7K/NAK52UX50O8TCK42HAESET.uasset,8a540e7e4a965f6fb0975e24c3ca66a8f7dbe3259b278cd6539191a8df9b9d0d,4434,Provisional technical; historical acceptance excluded,AuraProj terrain,ELEV-002; MAP-001; OSM-001; prototype contract; repository tooling,Project-authored; DTM CC BY 4.0; map public domain; OSM-derived overlay ODbL,UE 5.5.4 CL 40574608; pinned terrain Python environment
Content/__ExternalActors__/Canton/Provisional/Maps/L_Canton_WalledCity_PROVISIONAL/8/7U/CJWKKRMLAFMUP9WIIJPW5Y.uasset,2b55f178d93848ad33b0855e4958d127fd94fb8b723045d366caea2e34cf6424,4432,Provisional technical; historical acceptance excluded,AuraProj terrain,ELEV-002; MAP-001; OSM-001; prototype contract; repository tooling,Project-authored; DTM CC BY 4.0; map public domain; OSM-derived overlay ODbL,UE 5.5.4 CL 40574608; pinned terrain Python environment
Content/__ExternalActors__/Canton/Provisional/Maps/L_Canton_WalledCity_PROVISIONAL/8/A7/QS2FBJ0UKUV3956R82TEM0.uasset,fdbba5d7c843de72e0ad11e4d3d2dbad467a627660f9fc07365e461d8d1567cd,4434,Provisional technical; historical acceptance excluded,AuraProj terrain,ELEV-002; MAP-001; OSM-001; prototype contract; repository tooling,Project-authored; DTM CC BY 4.0; map public domain; OSM-derived overlay ODbL,UE 5.5.4 CL 40574608; pinned terrain Python environment
Content/__ExternalActors__/Canton/Provisional/Maps/L_Canton_WalledCity_PROVISIONAL/8/A7/TQ5NMND98DNUSH471MK54O.uasset,22fd4a93f760afe9b174f2e265ed3810ceec2bbb276a910c457b1f8105beacd0,4434,Provisional technical; historical acceptance excluded,AuraProj terrain,ELEV-002; MAP-001; OSM-001; prototype contract; repository tooling,Project-authored; DTM CC BY 4.0; map public domain; OSM-derived overlay ODbL,UE 5.5.4 CL 40574608; pinned terrain Python environment
Content/__ExternalActors__/Canton/Provisional/Maps/L_Canton_WalledCity_PROVISIONAL/8/B6/GZNSAP4EW8N6FGO1915VAS.uasset,17c30cbb4a75d06bb555e4ad0309d4a8a37114f533c2ab9a0b17482b7cafb773,4432,Provisional technical; historical acceptance excluded,AuraProj terrain,ELEV-002; MAP-001; OSM-001; prototype contract; repository tooling,Project-authored; DTM CC BY 4.0; map public domain; OSM-derived overlay ODbL,UE 5.5.4 CL 40574608; pinned terrain Python environment
Content/__ExternalActors__/Canton/Provisional/Maps/L_Canton_WalledCity_PROVISIONAL/8/EB/8T2PHF4WYODYC35QYMIOR3.uasset,84909479c5cc43bf5f50dfa3c9459dec0ab703fbffaabcc235b2f4adc01d7e02,1255796,Provisional technical; historical acceptance excluded,AuraProj terrain,ELEV-002; MAP-001; OSM-001; prototype contract; repository tooling,Project-authored; DTM CC BY 4.0; map public domain; OSM-derived overlay ODbL,UE 5.5.4 CL 40574608; pinned terrain Python environment
Content/__ExternalActors__/Canton/Provisional/Maps/L_Canton_WalledCity_PROVISIONAL/8/EX/KJ5L0FBWDUEH639W8MOKX9.uasset,acf767468a994274bdff415e5d7fd7c5cb3862b3935a0b5b757db381c527eb0c,4432,Provisional technical; historical acceptance excluded,AuraProj terrain,ELEV-002; MAP-001; OSM-001; prototype contract; repository tooling,Project-authored; DTM CC BY 4.0; map public domain; OSM-derived overlay ODbL,UE 5.5.4 CL 40574608; pinned terrain Python environment
Content/__ExternalActors__/Canton/Provisional/Maps/L_Canton_WalledCity_PROVISIONAL/8/I7/J1L9O7Y3LU90SRXT32ONK2.uasset,75b66fe3fd9a0414c72e17ed6fa065b6fb4b28390424f81ec5d72e9b6b45ce8d,1319352,Provisional technical; historical acceptance excluded,AuraProj terrain,ELEV-002; MAP-001; OSM-001; prototype contract; repository tooling,Project-authored; DTM CC BY 4.0; map public domain; OSM-derived overlay ODbL,UE 5.5.4 CL 40574608; pinned terrain Python environment
Content/__ExternalActors__/Canton/Provisional/Maps/L_Canton_WalledCity_PROVISIONAL/8/ID/CYXN4746MIQ3AYURESLKHB.uasset,5a263a55e1f02714197a3c3bf2a5d7448251e022153672a69c13dc0e9ac2b17a,4434,Provisional technical; historical acceptance excluded,AuraProj terrain,ELEV-002; MAP-001; OSM-001; prototype contract; repository tooling,Project-authored; DTM CC BY 4.0; map public domain; OSM-derived overlay ODbL,UE 5.5.4 CL 40574608; pinned terrain Python environment
Content/__ExternalActors__/Canton/Provisional/Maps/L_Canton_WalledCity_PROVISIONAL/8/IH/GR1SJUW67NLPRPZSFDWJFX.uasset,79438285a0d4bfd230f17054c0dd27bbb121db10eb02aed09687cf1d0eb6bc0e,4432,Provisional technical; historical acceptance excluded,AuraProj terrain,ELEV-002; MAP-001; OSM-001; prototype contract; repository tooling,Project-authored; DTM CC BY 4.0; map public domain; OSM-derived overlay ODbL,UE 5.5.4 CL 40574608; pinned terrain Python environment
Content/__ExternalActors__/Canton/Provisional/Maps/L_Canton_WalledCity_PROVISIONAL/8/JZ/9MQPJZBJHH5A11KDYLC10H.uasset,4f9b5a6bc759b5fa5c4391282fc510f12d4f947a0fd00957e3e9ca313998a0b8,4434,Provisional technical; historical acceptance excluded,AuraProj terrain,ELEV-002; MAP-001; OSM-001; prototype contract; repository tooling,Project-authored; DTM CC BY 4.0; map public domain; OSM-derived overlay ODbL,UE 5.5.4 CL 40574608; pinned terrain Python environment
Content/__ExternalActors__/Canton/Provisional/Maps/L_Canton_WalledCity_PROVISIONAL/8/ND/5Y26LOJZFL4BL77RVKFMFI.uasset,f4e7360a5af1d593540da37d5fedae62c04551dcdb9f4256a11296335904a1ce,4432,Provisional technical; historical acceptance excluded,AuraProj terrain,ELEV-002; MAP-001; OSM-001; prototype contract; repository tooling,Project-authored; DTM CC BY 4.0; map public domain; OSM-derived overlay ODbL,UE 5.5.4 CL 40574608; pinned terrain Python environment
Content/__ExternalActors__/Canton/Provisional/Maps/L_Canton_WalledCity_PROVISIONAL/8/NR/7YRD7G60W3JTQWBOE702L7.uasset,102e5e6bcafc7586acc0f446aba9af1374c90b02bf624a614372c9634eae6cb1,4434,Provisional technical; historical acceptance excluded,AuraProj terrain,ELEV-002; MAP-001; OSM-001; prototype contract; repository tooling,Project-authored; DTM CC BY 4.0; map public domain; OSM-derived overlay ODbL,UE 5.5.4 CL 40574608; pinned terrain Python environment
Content/__ExternalActors__/Canton/Provisional/Maps/L_Canton_WalledCity_PROVISIONAL/8/NT/RQOGRG2IO7HKH66Y8FT8Y5.uasset,e8985624253ac414120909f5a59ae2e3ee8ad5240da48a201601c464da76d6c4,4432,Provisional technical; historical acceptance excluded,AuraProj terrain,ELEV-002; MAP-001; OSM-001; prototype contract; repository tooling,Project-authored; DTM CC BY 4.0; map public domain; OSM-derived overlay ODbL,UE 5.5.4 CL 40574608; pinned terrain Python environment
Content/__ExternalActors__/Canton/Provisional/Maps/L_Canton_WalledCity_PROVISIONAL/8/OQ/2X9ZYNAHO7GR594S2OE9VL.uasset,5b4eafe6e287492229e9a89c083d9cbef3a1a3de295716696ea3664c3df28d7f,4432,Provisional technical; historical acceptance excluded,AuraProj terrain,ELEV-002; MAP-001; OSM-001; prototype contract; repository tooling,Project-authored; DTM CC BY 4.0; map public domain; OSM-derived overlay ODbL,UE 5.5.4 CL 40574608; pinned terrain Python environment
Content/__ExternalActors__/Canton/Provisional/Maps/L_Canton_WalledCity_PROVISIONAL/8/R9/4LE8PAKB4ERW9RJ3M8EUZ7.uasset,c6f334f8a6fd272a5db96a56784278b63284618ef611afc401e259c7a25ffefa,4434,Provisional technical; historical acceptance excluded,AuraProj terrain,ELEV-002; MAP-001; OSM-001; prototype contract; repository tooling,Project-authored; DTM CC BY 4.0; map public domain; OSM-derived overlay ODbL,UE 5.5.4 CL 40574608; pinned terrain Python environment
Content/__ExternalActors__/Canton/Provisional/Maps/L_Canton_WalledCity_PROVISIONAL/8/TR/73XE80RO40QWIVD4OHNMUV.uasset,324d3444c3ba3522c811f0627ffa713e9eb9769dc518ee81e3f653977e195297,4434,Provisional technical; historical acceptance excluded,AuraProj terrain,ELEV-002; MAP-001; OSM-001; prototype contract; repository tooling,Project-authored; DTM CC BY 4.0; map public domain; OSM-derived overlay ODbL,UE 5.5.4 CL 40574608; pinned terrain Python environment
Content/__ExternalActors__/Canton/Provisional/Maps/L_Canton_WalledCity_PROVISIONAL/8/UQ/6ZVTBBMLPANWE2WYN1QCTB.uasset,31bfcee863f502336ba940bf2defee149365ef84ef9cc7a5e4fc39003c0b7a8a,4434,Provisional technical; historical acceptance excluded,AuraProj terrain,ELEV-002; MAP-001; OSM-001; prototype contract; repository tooling,Project-authored; DTM CC BY 4.0; map public domain; OSM-derived overlay ODbL,UE 5.5.4 CL 40574608; pinned terrain Python environment
Content/__ExternalActors__/Canton/Provisional/Maps/L_Canton_WalledCity_PROVISIONAL/8/WQ/SWRK5YWXITQ6M0CGW0QCJZ.uasset,52055ebb5a9b454ea9a47eaf284d456b5de7f1352e7cd634f62f378eb704b467,4432,Provisional technical; historical acceptance excluded,AuraProj terrain,ELEV-002; MAP-001; OSM-001; prototype contract; repository tooling,Project-authored; DTM CC BY 4.0; map public domain; OSM-derived overlay ODbL,UE 5.5.4 CL 40574608; pinned terrain Python environment
Content/__ExternalActors__/Canton/Provisional/Maps/L_Canton_WalledCity_PROVISIONAL/8/YM/7Y2VRFFWAO3RI7IM2PNJW7.uasset,f9fccd52be45286928da7412fec796f3ad38667ae817c0da637fa1fe5d1bf37b,4434,Provisional technical; historical acceptance excluded,AuraProj terrain,ELEV-002; MAP-001; OSM-001; prototype contract; repository tooling,Project-authored; DTM CC BY 4.0; map public domain; OSM-derived overlay ODbL,UE 5.5.4 CL 40574608; pinned terrain Python environment
Content/__ExternalActors__/Canton/Provisional/Maps/L_Canton_WalledCity_PROVISIONAL/9/3D/MI07EQP74465Z33RVWWARQ.uasset,6820eb3761482084380d24e7b020ad636a1be824e3e129b16b7db622e06b1acd,4436,Provisional technical; historical acceptance excluded,AuraProj terrain,ELEV-002; MAP-001; OSM-001; prototype contract; repository tooling,Project-authored; DTM CC BY 4.0; map public domain; OSM-derived overlay ODbL,UE 5.5.4 CL 40574608; pinned terrain Python environment
Content/__ExternalActors__/Canton/Provisional/Maps/L_Canton_WalledCity_PROVISIONAL/9/54/RDNA9WG0L3E2GAJDNS0868.uasset,2767b1f26902b6886502a0631befcf26dea7f069c5d26523ab1b6e3be9f476dc,4434,Provisional technical; historical acceptance excluded,AuraProj terrain,ELEV-002; MAP-001; OSM-001; prototype contract; repository tooling,Project-authored; DTM CC BY 4.0; map public domain; OSM-derived overlay ODbL,UE 5.5.4 CL 40574608; pinned terrain Python environment
Content/__ExternalActors__/Canton/Provisional/Maps/L_Canton_WalledCity_PROVISIONAL/9/5I/5B0KQV5S9Q7VH8NM9VNWWQ.uasset,28671479c4be571594888eb6c9b18840b106dbf4697b5b6ebf1835e631962d5c,4434,Provisional technical; historical acceptance excluded,AuraProj terrain,ELEV-002; MAP-001; OSM-001; prototype contract; repository tooling,Project-authored; DTM CC BY 4.0; map public domain; OSM-derived overlay ODbL,UE 5.5.4 CL 40574608; pinned terrain Python environment
Content/__ExternalActors__/Canton/Provisional/Maps/L_Canton_WalledCity_PROVISIONAL/9/66/47Q01P540UDJCMIUE6RZQA.uasset,10f00b89ad3223a409a8be3df93f94ceebc5e2d059123e298a24210cfb47c7f8,4434,Provisional technical; historical acceptance excluded,AuraProj terrain,ELEV-002; MAP-001; OSM-001; prototype contract; repository tooling,Project-authored; DTM CC BY 4.0; map public domain; OSM-derived overlay ODbL,UE 5.5.4 CL 40574608; pinned terrain Python environment
Content/__ExternalActors__/Canton/Provisional/Maps/L_Canton_WalledCity_PROVISIONAL/9/6D/AECRFBBKHCQ4JPD3X6057Q.uasset,a901b65279d41fdc0033ef0d08c5d167dfac3303365735f1aa29895d3415c6a3,4434,Provisional technical; historical acceptance excluded,AuraProj terrain,ELEV-002; MAP-001; OSM-001; prototype contract; repository tooling,Project-authored; DTM CC BY 4.0; map public domain; OSM-derived overlay ODbL,UE 5.5.4 CL 40574608; pinned terrain Python environment
Content/__ExternalActors__/Canton/Provisional/Maps/L_Canton_WalledCity_PROVISIONAL/9/6H/8FLLTI83M7TX5AHDL7A3O7.uasset,6842b94bfec80f9b3485b28aba4790ae3b1646bd95b0860ce4f718626548687f,4434,Provisional technical; historical acceptance excluded,AuraProj terrain,ELEV-002; MAP-001; OSM-001; prototype contract; repository tooling,Project-authored; DTM CC BY 4.0; map public domain; OSM-derived overlay ODbL,UE 5.5.4 CL 40574608; pinned terrain Python environment
Content/__ExternalActors__/Canton/Provisional/Maps/L_Canton_WalledCity_PROVISIONAL/9/8H/QJG4QTEPPVHIWZB26CS34U.uasset,fb11ef5da70020a079150df857e9a1664a317f2efe258403fa6d9aeeb4c8ccd1,4432,Provisional technical; historical acceptance excluded,AuraProj terrain,ELEV-002; MAP-001; OSM-001; prototype contract; repository tooling,Project-authored; DTM CC BY 4.0; map public domain; OSM-derived overlay ODbL,UE 5.5.4 CL 40574608; pinned terrain Python environment
Content/__ExternalActors__/Canton/Provisional/Maps/L_Canton_WalledCity_PROVISIONAL/9/8Z/7CDAGH2IMVC5AC18V4MZVN.uasset,71e86a468492f0c4249a7724fb4382cd755fc22072618fb0b4e42719a0ca5db7,4434,Provisional technical; historical acceptance excluded,AuraProj terrain,ELEV-002; MAP-001; OSM-001; prototype contract; repository tooling,Project-authored; DTM CC BY 4.0; map public domain; OSM-derived overlay ODbL,UE 5.5.4 CL 40574608; pinned terrain Python environment
Content/__ExternalActors__/Canton/Provisional/Maps/L_Canton_WalledCity_PROVISIONAL/9/9C/ID7WL97PWYJ2LZYNLJ1G0G.uasset,ea23fea692f35b739fde1809e47938852c6dd5b082d7e16f55648924aeb9de77,4434,Provisional technical; historical acceptance excluded,AuraProj terrain,ELEV-002; MAP-001; OSM-001; prototype contract; repository tooling,Project-authored; DTM CC BY 4.0; map public domain; OSM-derived overlay ODbL,UE 5.5.4 CL 40574608; pinned terrain Python environment
Content/__ExternalActors__/Canton/Provisional/Maps/L_Canton_WalledCity_PROVISIONAL/9/9Y/F136LY10QAF9SPTGM5HO15.uasset,567450d72b283781209a627573f220a4c78846d4ada9edf5cb0fc044763504e9,4434,Provisional technical; historical acceptance excluded,AuraProj terrain,ELEV-002; MAP-001; OSM-001; prototype contract; repository tooling,Project-authored; DTM CC BY 4.0; map public domain; OSM-derived overlay ODbL,UE 5.5.4 CL 40574608; pinned terrain Python environment
Content/__ExternalActors__/Canton/Provisional/Maps/L_Canton_WalledCity_PROVISIONAL/9/BQ/JAUI8FTC21ZO81P6F3PCT6.uasset,a3341be576ff7136501d183f83c2a12194214f50dff837a95495c0ed15667b32,4434,Provisional technical; historical acceptance excluded,AuraProj terrain,ELEV-002; MAP-001; OSM-001; prototype contract; repository tooling,Project-authored; DTM CC BY 4.0; map public domain; OSM-derived overlay ODbL,UE 5.5.4 CL 40574608; pinned terrain Python environment
Content/__ExternalActors__/Canton/Provisional/Maps/L_Canton_WalledCity_PROVISIONAL/9/BZ/YLWIZR3S27VYTHDYVDQOGK.uasset,7eb1b95a555a55733478cd414e12c31d9dd8b0af4fca0a8d16850174a2047ef7,4434,Provisional technical; historical acceptance excluded,AuraProj terrain,ELEV-002; MAP-001; OSM-001; prototype contract; repository tooling,Project-authored; DTM CC BY 4.0; map public domain; OSM-derived overlay ODbL,UE 5.5.4 CL 40574608; pinned terrain Python environment
Content/__ExternalActors__/Canton/Provisional/Maps/L_Canton_WalledCity_PROVISIONAL/9/CH/K9SKCVVO3E9MO1YHQNZVZV.uasset,9455b9c6999870b18a3b47dea57fdae469d0eec79faadef0f12076c6508127f7,4434,Provisional technical; historical acceptance excluded,AuraProj terrain,ELEV-002; MAP-001; OSM-001; prototype contract; repository tooling,Project-authored; DTM CC BY 4.0; map public domain; OSM-derived overlay ODbL,UE 5.5.4 CL 40574608; pinned terrain Python environment
Content/__ExternalActors__/Canton/Provisional/Maps/L_Canton_WalledCity_PROVISIONAL/9/EP/OIJGHN3AWPYVM1KK3UUA28.uasset,6d881244ca49d0c596308758e31a7ed6cebd4f1dc3553d980fbf0521c88abfc0,4434,Provisional technical; historical acceptance excluded,AuraProj terrain,ELEV-002; MAP-001; OSM-001; prototype contract; repository tooling,Project-authored; DTM CC BY 4.0; map public domain; OSM-derived overlay ODbL,UE 5.5.4 CL 40574608; pinned terrain Python environment
Content/__ExternalActors__/Canton/Provisional/Maps/L_Canton_WalledCity_PROVISIONAL/9/I2/WNG4FPV9UVYRF3OTB4A99W.uasset,af0979f57c3a758ba500e8d11b69c8a0f615adb369c5e8a61523876348b2d108,4302,Provisional technical; historical acceptance excluded,AuraProj terrain,ELEV-002; MAP-001; OSM-001; prototype contract; repository tooling,Project-authored; DTM CC BY 4.0; map public domain; OSM-derived overlay ODbL,UE 5.5.4 CL 40574608; pinned terrain Python environment
Content/__ExternalActors__/Canton/Provisional/Maps/L_Canton_WalledCity_PROVISIONAL/9/IA/051S7A5VQV58CF5L5A2310.uasset,492e280a7c5656a6bc7a99599953a510924afcfb38aff257e27d5e54a98bd629,4434,Provisional technical; historical acceptance excluded,AuraProj terrain,ELEV-002; MAP-001; OSM-001; prototype contract; repository tooling,Project-authored; DTM CC BY 4.0; map public domain; OSM-derived overlay ODbL,UE 5.5.4 CL 40574608; pinned terrain Python environment
Content/__ExternalActors__/Canton/Provisional/Maps/L_Canton_WalledCity_PROVISIONAL/9/IC/PWKUPH33XCOYWLW1VAO4FF.uasset,e629b9834941f43c074bc716cf79af8585ffff56bf8c9bab2ced5afc3734702e,4434,Provisional technical; historical acceptance excluded,AuraProj terrain,ELEV-002; MAP-001; OSM-001; prototype contract; repository tooling,Project-authored; DTM CC BY 4.0; map public domain; OSM-derived overlay ODbL,UE 5.5.4 CL 40574608; pinned terrain Python environment
Content/__ExternalActors__/Canton/Provisional/Maps/L_Canton_WalledCity_PROVISIONAL/9/IY/KTDS6Y0ECVECTTKAK5TE63.uasset,d41a064e5c6a551e72fd844ab94b21adfd0ddd81421d7454827731664793f2cc,4432,Provisional technical; historical acceptance excluded,AuraProj terrain,ELEV-002; MAP-001; OSM-001; prototype contract; repository tooling,Project-authored; DTM CC BY 4.0; map public domain; OSM-derived overlay ODbL,UE 5.5.4 CL 40574608; pinned terrain Python environment
Content/__ExternalActors__/Canton/Provisional/Maps/L_Canton_WalledCity_PROVISIONAL/9/JX/GUHSVXB7O1B5A7JRQLI110.uasset,4d7dcab1a64bbbc0df0ff56c1761744549985f1d153948c52449b196fdd8d625,4302,Provisional technical; historical acceptance excluded,AuraProj terrain,ELEV-002; MAP-001; OSM-001; prototype contract; repository tooling,Project-authored; DTM CC BY 4.0; map public domain; OSM-derived overlay ODbL,UE 5.5.4 CL 40574608; pinned terrain Python environment
Content/__ExternalActors__/Canton/Provisional/Maps/L_Canton_WalledCity_PROVISIONAL/9/MP/5UPT6ZPMLVBY7YYZ7RKWYM.uasset,b55323617481055df5265d82eff81183049f7a5bf390a9311295b0108fec7031,4432,Provisional technical; historical acceptance excluded,AuraProj terrain,ELEV-002; MAP-001; OSM-001; prototype contract; repository tooling,Project-authored; DTM CC BY 4.0; map public domain; OSM-derived overlay ODbL,UE 5.5.4 CL 40574608; pinned terrain Python environment
Content/__ExternalActors__/Canton/Provisional/Maps/L_Canton_WalledCity_PROVISIONAL/9/NZ/BON6CUGTFGR16G24FGKE5F.uasset,6b579fdd60c69473e4da5b467808955aed1cdc30e04f30bb9bee7c4a93bd4af9,4434,Provisional technical; historical acceptance excluded,AuraProj terrain,ELEV-002; MAP-001; OSM-001; prototype contract; repository tooling,Project-authored; DTM CC BY 4.0; map public domain; OSM-derived overlay ODbL,UE 5.5.4 CL 40574608; pinned terrain Python environment
Content/__ExternalActors__/Canton/Provisional/Maps/L_Canton_WalledCity_PROVISIONAL/9/NZ/IL3AM17ECEFZJ5816DX2BB.uasset,d4de1969b5e99cae4b9b32c4af1ca408c67acbdca2bc3c03f7504567115c4b24,4432,Provisional technical; historical acceptance excluded,AuraProj terrain,ELEV-002; MAP-001; OSM-001; prototype contract; repository tooling,Project-authored; DTM CC BY 4.0; map public domain; OSM-derived overlay ODbL,UE 5.5.4 CL 40574608; pinned terrain Python environment
Content/__ExternalActors__/Canton/Provisional/Maps/L_Canton_WalledCity_PROVISIONAL/9/QG/8CKPXTYIS314JRHTAGFEOR.uasset,772995c2cc44769802f6238404dfb67c89a4bccac8a740ccef0c0bfc77766249,4432,Provisional technical; historical acceptance excluded,AuraProj terrain,ELEV-002; MAP-001; OSM-001; prototype contract; repository tooling,Project-authored; DTM CC BY 4.0; map public domain; OSM-derived overlay ODbL,UE 5.5.4 CL 40574608; pinned terrain Python environment
Content/__ExternalActors__/Canton/Provisional/Maps/L_Canton_WalledCity_PROVISIONAL/9/T4/O1XQQ4GWZG2UTE8E53Q65R.uasset,528312d0abd8b09175f542940d1dad24aacabc32ba894d7a836a27d3f2aec3a4,4434,Provisional technical; historical acceptance excluded,AuraProj terrain,ELEV-002; MAP-001; OSM-001; prototype contract; repository tooling,Project-authored; DTM CC BY 4.0; map public domain; OSM-derived overlay ODbL,UE 5.5.4 CL 40574608; pinned terrain Python environment
Content/__ExternalActors__/Canton/Provisional/Maps/L_Canton_WalledCity_PROVISIONAL/9/T5/K7LVT5KE0CA557EIXJSQSW.uasset,b61873b8cdf08ed5191d4c3a72b016ba81699dd605dd8c039c0e792d3eb5746f,4434,Provisional technical; historical acceptance excluded,AuraProj terrain,ELEV-002; MAP-001; OSM-001; prototype contract; repository tooling,Project-authored; DTM CC BY 4.0; map public domain; OSM-derived overlay ODbL,UE 5.5.4 CL 40574608; pinned terrain Python environment
Content/__ExternalActors__/Canton/Provisional/Maps/L_Canton_WalledCity_PROVISIONAL/9/Y9/EUHEZ66RT07MHFD0OBZBAO.uasset,90072e90dbe5ae351576fb57e7e3c1ccea891f604de53ba2825546ce4c416ef7,4434,Provisional technical; historical acceptance excluded,AuraProj terrain,ELEV-002; MAP-001; OSM-001; prototype contract; repository tooling,Project-authored; DTM CC BY 4.0; map public domain; OSM-derived overlay ODbL,UE 5.5.4 CL 40574608; pinned terrain Python environment
Content/__ExternalActors__/Canton/Provisional/Maps/L_Canton_WalledCity_PROVISIONAL/9/YS/C099TUU7AUFYT1561ZH26W.uasset,56a985e8a6ecf1eec13870b909d7f6e294d221d68821b8555d642964fe57ed4a,4434,Provisional technical; historical acceptance excluded,AuraProj terrain,ELEV-002; MAP-001; OSM-001; prototype contract; repository tooling,Project-authored; DTM CC BY 4.0; map public domain; OSM-derived overlay ODbL,UE 5.5.4 CL 40574608; pinned terrain Python environment
Content/__ExternalActors__/Canton/Provisional/Maps/L_Canton_WalledCity_PROVISIONAL/A/07/UML8CPO5WHGG672AHZRIVP.uasset,5c21f631812c1d1c87355539715510d639be57412ab82a5870c10b016635bbb6,4432,Provisional technical; historical acceptance excluded,AuraProj terrain,ELEV-002; MAP-001; OSM-001; prototype contract; repository tooling,Project-authored; DTM CC BY 4.0; map public domain; OSM-derived overlay ODbL,UE 5.5.4 CL 40574608; pinned terrain Python environment
Content/__ExternalActors__/Canton/Provisional/Maps/L_Canton_WalledCity_PROVISIONAL/A/1M/I9WEI9USSPZ47VU43F1HJT.uasset,6e5260d20602557197e586ad65bf6dca2c86e603f82797a3204a0374a39f32c7,4434,Provisional technical; historical acceptance excluded,AuraProj terrain,ELEV-002; MAP-001; OSM-001; prototype contract; repository tooling,Project-authored; DTM CC BY 4.0; map public domain; OSM-derived overlay ODbL,UE 5.5.4 CL 40574608; pinned terrain Python environment
Content/__ExternalActors__/Canton/Provisional/Maps/L_Canton_WalledCity_PROVISIONAL/A/1S/0MM583QCIFD2BEG14BK9GY.uasset,13f849afc72314117d15c90586f41ef76f23ae66e01e7e1843a71750908e921b,4432,Provisional technical; historical acceptance excluded,AuraProj terrain,ELEV-002; MAP-001; OSM-001; prototype contract; repository tooling,Project-authored; DTM CC BY 4.0; map public domain; OSM-derived overlay ODbL,UE 5.5.4 CL 40574608; pinned terrain Python environment
Content/__ExternalActors__/Canton/Provisional/Maps/L_Canton_WalledCity_PROVISIONAL/A/2P/SFSG43NY4KRPSHLM4F6ZYI.uasset,4b739fddc43debbd34d20563fbd9fb066804c6b5614534a76dcccee59ba66f79,4432,Provisional technical; historical acceptance excluded,AuraProj terrain,ELEV-002; MAP-001; OSM-001; prototype contract; repository tooling,Project-authored; DTM CC BY 4.0; map public domain; OSM-derived overlay ODbL,UE 5.5.4 CL 40574608; pinned terrain Python environment
Content/__ExternalActors__/Canton/Provisional/Maps/L_Canton_WalledCity_PROVISIONAL/A/69/21D579HWV0SPFPKIJEAQD9.uasset,197a2a40a39543dc04e2834ee7c52eacc8c1ef34b1867e71d57b49279e5d74bf,4434,Provisional technical; historical acceptance excluded,AuraProj terrain,ELEV-002; MAP-001; OSM-001; prototype contract; repository tooling,Project-authored; DTM CC BY 4.0; map public domain; OSM-derived overlay ODbL,UE 5.5.4 CL 40574608; pinned terrain Python environment
Content/__ExternalActors__/Canton/Provisional/Maps/L_Canton_WalledCity_PROVISIONAL/A/6D/VEBAM1CTN2GBWBXV6X9ZR7.uasset,d49f69ce6f2a6fcafb510739c2d8a553cd2dbd6341efa29f04ef100457f14d20,4434,Provisional technical; historical acceptance excluded,AuraProj terrain,ELEV-002; MAP-001; OSM-001; prototype contract; repository tooling,Project-authored; DTM CC BY 4.0; map public domain; OSM-derived overlay ODbL,UE 5.5.4 CL 40574608; pinned terrain Python environment
Content/__ExternalActors__/Canton/Provisional/Maps/L_Canton_WalledCity_PROVISIONAL/A/BE/403ZTLM62X0S4U2A1TH6WA.uasset,b26f94c5fe39384336bbeb7704b58eaaa1bb4287c03ad82eb80b6ab15ea93097,4432,Provisional technical; historical acceptance excluded,AuraProj terrain,ELEV-002; MAP-001; OSM-001; prototype contract; repository tooling,Project-authored; DTM CC BY 4.0; map public domain; OSM-derived overlay ODbL,UE 5.5.4 CL 40574608; pinned terrain Python environment
Content/__ExternalActors__/Canton/Provisional/Maps/L_Canton_WalledCity_PROVISIONAL/A/CD/98UZF2BWN0JSQED4ETHZNW.uasset,41f9f1f9df1986c21886823e0da0e3eacd86788c44ab7ad82e1ffc5e39bfb892,4434,Provisional technical; historical acceptance excluded,AuraProj terrain,ELEV-002; MAP-001; OSM-001; prototype contract; repository tooling,Project-authored; DTM CC BY 4.0; map public domain; OSM-derived overlay ODbL,UE 5.5.4 CL 40574608; pinned terrain Python environment
Content/__ExternalActors__/Canton/Provisional/Maps/L_Canton_WalledCity_PROVISIONAL/A/DR/08DHOZLWNDS4920JY9KC8J.uasset,1bb749cd63d2c2d19abec27018f31c6d9fd5513a194a64b44a95885f21f5453c,4434,Provisional technical; historical acceptance excluded,AuraProj terrain,ELEV-002; MAP-001; OSM-001; prototype contract; repository tooling,Project-authored; DTM CC BY 4.0; map public domain; OSM-derived overlay ODbL,UE 5.5.4 CL 40574608; pinned terrain Python environment
Content/__ExternalActors__/Canton/Provisional/Maps/L_Canton_WalledCity_PROVISIONAL/A/DU/U44Y23JB3SHZVYDG23QSMT.uasset,e379b8b4c8d66dc0ae32dea81b6ec34398880a87e55247970ccc42bb5407c2ea,4434,Provisional technical; historical acceptance excluded,AuraProj terrain,ELEV-002; MAP-001; OSM-001; prototype contract; repository tooling,Project-authored; DTM CC BY 4.0; map public domain; OSM-derived overlay ODbL,UE 5.5.4 CL 40574608; pinned terrain Python environment
Content/__ExternalActors__/Canton/Provisional/Maps/L_Canton_WalledCity_PROVISIONAL/A/HG/BOGWCQJYOOUINL6EXQ88ZK.uasset,c4e466fefb21d7443e82c0027467a5acc7e80888302e482d7889f932d4677c05,4434,Provisional technical; historical acceptance excluded,AuraProj terrain,ELEV-002; MAP-001; OSM-001; prototype contract; repository tooling,Project-authored; DTM CC BY 4.0; map public domain; OSM-derived overlay ODbL,UE 5.5.4 CL 40574608; pinned terrain Python environment
Content/__ExternalActors__/Canton/Provisional/Maps/L_Canton_WalledCity_PROVISIONAL/A/JX/7VOIPDGSEFHVOYEAAXLITR.uasset,745d731b60e6195754801f26b5bf9dbfb4e5606f294b5539cf2535b12c44a55e,4432,Provisional technical; historical acceptance excluded,AuraProj terrain,ELEV-002; MAP-001; OSM-001; prototype contract; repository tooling,Project-authored; DTM CC BY 4.0; map public domain; OSM-derived overlay ODbL,UE 5.5.4 CL 40574608; pinned terrain Python environment
Content/__ExternalActors__/Canton/Provisional/Maps/L_Canton_WalledCity_PROVISIONAL/A/KF/WQ1LJZBTK9IEC52UXRGL58.uasset,8b9f794b46ba21e1adce9695b597210608f2455ab31a1e9ff1136da1b39d4309,1303287,Provisional technical; historical acceptance excluded,AuraProj terrain,ELEV-002; MAP-001; OSM-001; prototype contract; repository tooling,Project-authored; DTM CC BY 4.0; map public domain; OSM-derived overlay ODbL,UE 5.5.4 CL 40574608; pinned terrain Python environment
Content/__ExternalActors__/Canton/Provisional/Maps/L_Canton_WalledCity_PROVISIONAL/A/KL/LJ24F76H0PNAJELTWJSAK9.uasset,bc6de91c8ebd479ed3e557d426d1c9499933236609cb0f5f39df03c9e1dc90cf,4432,Provisional technical; historical acceptance excluded,AuraProj terrain,ELEV-002; MAP-001; OSM-001; prototype contract; repository tooling,Project-authored; DTM CC BY 4.0; map public domain; OSM-derived overlay ODbL,UE 5.5.4 CL 40574608; pinned terrain Python environment
Content/__ExternalActors__/Canton/Provisional/Maps/L_Canton_WalledCity_PROVISIONAL/A/LU/OXWDXHEGLFPQHHAOUUAMQJ.uasset,99129e36a9e2d6d2862fe02eec5cfec5e08a1056012126897ca27d0af9f57f79,4432,Provisional technical; historical acceptance excluded,AuraProj terrain,ELEV-002; MAP-001; OSM-001; prototype contract; repository tooling,Project-authored; DTM CC BY 4.0; map public domain; OSM-derived overlay ODbL,UE 5.5.4 CL 40574608; pinned terrain Python environment
Content/__ExternalActors__/Canton/Provisional/Maps/L_Canton_WalledCity_PROVISIONAL/A/M1/95CVEMM52SILEOOWF57M4D.uasset,5a3aaebedc82a391311c7273eeb8286c5e25259c512ac9842ccdd345517ac55d,4434,Provisional technical; historical acceptance excluded,AuraProj terrain,ELEV-002; MAP-001; OSM-001; prototype contract; repository tooling,Project-authored; DTM CC BY 4.0; map public domain; OSM-derived overlay ODbL,UE 5.5.4 CL 40574608; pinned terrain Python environment
Content/__ExternalActors__/Canton/Provisional/Maps/L_Canton_WalledCity_PROVISIONAL/A/ML/8Y9WJTGRIRAYKVPILDP008.uasset,789371374f403ec93a17237fcafdf1b0103aeb22cf81b877b1a4e4dfba498235,4434,Provisional technical; historical acceptance excluded,AuraProj terrain,ELEV-002; MAP-001; OSM-001; prototype contract; repository tooling,Project-authored; DTM CC BY 4.0; map public domain; OSM-derived overlay ODbL,UE 5.5.4 CL 40574608; pinned terrain Python environment
Content/__ExternalActors__/Canton/Provisional/Maps/L_Canton_WalledCity_PROVISIONAL/A/RR/81C8WS67CU1UYJ6CK1PICN.uasset,909b9a8755fb7a3fb6618f443063c64c6c56f2b7db6d46dabe037facc8597b3a,4434,Provisional technical; historical acceptance excluded,AuraProj terrain,ELEV-002; MAP-001; OSM-001; prototype contract; repository tooling,Project-authored; DTM CC BY 4.0; map public domain; OSM-derived overlay ODbL,UE 5.5.4 CL 40574608; pinned terrain Python environment
Content/__ExternalActors__/Canton/Provisional/Maps/L_Canton_WalledCity_PROVISIONAL/A/UM/1FL1W7BXKL6B78BCJBCGTL.uasset,17e21d5f83a1547225a53e8677d9a657255a11f1b53ab250f35d214eb4143aed,4432,Provisional technical; historical acceptance excluded,AuraProj terrain,ELEV-002; MAP-001; OSM-001; prototype contract; repository tooling,Project-authored; DTM CC BY 4.0; map public domain; OSM-derived overlay ODbL,UE 5.5.4 CL 40574608; pinned terrain Python environment
Content/__ExternalActors__/Canton/Provisional/Maps/L_Canton_WalledCity_PROVISIONAL/A/VC/GXO4DGG6PADLB94S6AU685.uasset,38f1d734a05d2bcec6a3ea824aa8c15668d5917a5944b1f577bddc234bf2594a,4434,Provisional technical; historical acceptance excluded,AuraProj terrain,ELEV-002; MAP-001; OSM-001; prototype contract; repository tooling,Project-authored; DTM CC BY 4.0; map public domain; OSM-derived overlay ODbL,UE 5.5.4 CL 40574608; pinned terrain Python environment
Content/__ExternalActors__/Canton/Provisional/Maps/L_Canton_WalledCity_PROVISIONAL/A/VD/OSHHAFKVWK1FB74TAMUPP0.uasset,ca09769164ca0965836bc3892cfb5598faab5b01c3832a99abb20335c399f7b0,4432,Provisional technical; historical acceptance excluded,AuraProj terrain,ELEV-002; MAP-001; OSM-001; prototype contract; repository tooling,Project-authored; DTM CC BY 4.0; map public domain; OSM-derived overlay ODbL,UE 5.5.4 CL 40574608; pinned terrain Python environment
Content/__ExternalActors__/Canton/Provisional/Maps/L_Canton_WalledCity_PROVISIONAL/A/VX/0WSIE3XB3SMRHTASTAYEUA.uasset,1df943562cde8c7c07f3c4465ae98c23c5feb312b7657f429b69bd3ac465ebed,4434,Provisional technical; historical acceptance excluded,AuraProj terrain,ELEV-002; MAP-001; OSM-001; prototype contract; repository tooling,Project-authored; DTM CC BY 4.0; map public domain; OSM-derived overlay ODbL,UE 5.5.4 CL 40574608; pinned terrain Python environment
Content/__ExternalActors__/Canton/Provisional/Maps/L_Canton_WalledCity_PROVISIONAL/A/X6/2SGTRHX3E3M6H5KDLOFFC0.uasset,5b02c81d0a52d57176201800e7270ed6b592c676ee92ff832be15090aea7e6c5,4434,Provisional technical; historical acceptance excluded,AuraProj terrain,ELEV-002; MAP-001; OSM-001; prototype contract; repository tooling,Project-authored; DTM CC BY 4.0; map public domain; OSM-derived overlay ODbL,UE 5.5.4 CL 40574608; pinned terrain Python environment
Content/__ExternalActors__/Canton/Provisional/Maps/L_Canton_WalledCity_PROVISIONAL/A/X7/MDU2NR9RYSBQ8KIC8NRXY1.uasset,8cd3260ac901c6c3f9fbdff8860e7c5e1b80e763e9afecafb7367c4ea6657079,4434,Provisional technical; historical acceptance excluded,AuraProj terrain,ELEV-002; MAP-001; OSM-001; prototype contract; repository tooling,Project-authored; DTM CC BY 4.0; map public domain; OSM-derived overlay ODbL,UE 5.5.4 CL 40574608; pinned terrain Python environment
Content/__ExternalActors__/Canton/Provisional/Maps/L_Canton_WalledCity_PROVISIONAL/A/XY/IE4UH9MSYOD90EQIR777QJ.uasset,5abb2d73b8af19b835d3a3d54ec6bb72e949e1ad0fb9e199262d0544c628a625,4434,Provisional technical; historical acceptance excluded,AuraProj terrain,ELEV-002; MAP-001; OSM-001; prototype contract; repository tooling,Project-authored; DTM CC BY 4.0; map public domain; OSM-derived overlay ODbL,UE 5.5.4 CL 40574608; pinned terrain Python environment
Content/__ExternalActors__/Canton/Provisional/Maps/L_Canton_WalledCity_PROVISIONAL/A/YW/0MXR9H5M51O4AA3WSKL8BG.uasset,f36039fd204a920575f2e7a372d14ef46322cce057636b314a7dc4fa562737c6,4434,Provisional technical; historical acceptance excluded,AuraProj terrain,ELEV-002; MAP-001; OSM-001; prototype contract; repository tooling,Project-authored; DTM CC BY 4.0; map public domain; OSM-derived overlay ODbL,UE 5.5.4 CL 40574608; pinned terrain Python environment
Content/__ExternalActors__/Canton/Provisional/Maps/L_Canton_WalledCity_PROVISIONAL/B/0J/VMP2Z4G1TZV6IBYLIC5DP0.uasset,d455c2b65930b78063adf312e3218e63c854da0f3ed85de1020f3c394d97d338,4432,Provisional technical; historical acceptance excluded,AuraProj terrain,ELEV-002; MAP-001; OSM-001; prototype contract; repository tooling,Project-authored; DTM CC BY 4.0; map public domain; OSM-derived overlay ODbL,UE 5.5.4 CL 40574608; pinned terrain Python environment
Content/__ExternalActors__/Canton/Provisional/Maps/L_Canton_WalledCity_PROVISIONAL/B/1M/AIWHWHHVZ8790U5ED048H6.uasset,3ad22d056323757fdc5f4db79413babb4dbcdd1d1fe14fb193ca1c20a4ead001,4434,Provisional technical; historical acceptance excluded,AuraProj terrain,ELEV-002; MAP-001; OSM-001; prototype contract; repository tooling,Project-authored; DTM CC BY 4.0; map public domain; OSM-derived overlay ODbL,UE 5.5.4 CL 40574608; pinned terrain Python environment
Content/__ExternalActors__/Canton/Provisional/Maps/L_Canton_WalledCity_PROVISIONAL/B/3P/O66A7BKMD61H3KV0DXE24Y.uasset,3f490e849d15000e345ffd6fadd7930009cabffb68ed7d549fa1a73a688b65d6,4432,Provisional technical; historical acceptance excluded,AuraProj terrain,ELEV-002; MAP-001; OSM-001; prototype contract; repository tooling,Project-authored; DTM CC BY 4.0; map public domain; OSM-derived overlay ODbL,UE 5.5.4 CL 40574608; pinned terrain Python environment
Content/__ExternalActors__/Canton/Provisional/Maps/L_Canton_WalledCity_PROVISIONAL/B/3U/Y7BXJBP1AH6OLN26LKSHWG.uasset,0255a8aab86957dfaa988cb2cbafdbd110e01e3327a8d9d7fe71453177ca60f6,4432,Provisional technical; historical acceptance excluded,AuraProj terrain,ELEV-002; MAP-001; OSM-001; prototype contract; repository tooling,Project-authored; DTM CC BY 4.0; map public domain; OSM-derived overlay ODbL,UE 5.5.4 CL 40574608; pinned terrain Python environment
Content/__ExternalActors__/Canton/Provisional/Maps/L_Canton_WalledCity_PROVISIONAL/B/4E/25GAS4W9WJK408W9PH3V89.uasset,373f24f840f23168ee0a684555fea4d8e372eea1dcb838e4b66c9dc75af9584c,4462,Provisional technical; historical acceptance excluded,AuraProj terrain,ELEV-002; MAP-001; OSM-001; prototype contract; repository tooling,Project-authored; DTM CC BY 4.0; map public domain; OSM-derived overlay ODbL,UE 5.5.4 CL 40574608; pinned terrain Python environment
Content/__ExternalActors__/Canton/Provisional/Maps/L_Canton_WalledCity_PROVISIONAL/B/59/PLNUJIM8RWN86XVISJ0O03.uasset,578c3ec69828d31b3389eb553d29856861ad0a2ab4ddfb5d8d3d5b5da91edfbb,4432,Provisional technical; historical acceptance excluded,AuraProj terrain,ELEV-002; MAP-001; OSM-001; prototype contract; repository tooling,Project-authored; DTM CC BY 4.0; map public domain; OSM-derived overlay ODbL,UE 5.5.4 CL 40574608; pinned terrain Python environment
Content/__ExternalActors__/Canton/Provisional/Maps/L_Canton_WalledCity_PROVISIONAL/B/68/ILQ3T03GMK0RUPPQLK9IOG.uasset,14040e75e332c9f095b67b6941a5f75d6332f25f276233fa38f26c86d7fb816e,4434,Provisional technical; historical acceptance excluded,AuraProj terrain,ELEV-002; MAP-001; OSM-001; prototype contract; repository tooling,Project-authored; DTM CC BY 4.0; map public domain; OSM-derived overlay ODbL,UE 5.5.4 CL 40574608; pinned terrain Python environment
Content/__ExternalActors__/Canton/Provisional/Maps/L_Canton_WalledCity_PROVISIONAL/B/6P/Z3PKKODYNLTONTHY4HIMTS.uasset,ae34d5995de17b2999ec7ffafa1dcb723b55c0a086414b9220613d7ff35f3a4e,4432,Provisional technical; historical acceptance excluded,AuraProj terrain,ELEV-002; MAP-001; OSM-001; prototype contract; repository tooling,Project-authored; DTM CC BY 4.0; map public domain; OSM-derived overlay ODbL,UE 5.5.4 CL 40574608; pinned terrain Python environment
Content/__ExternalActors__/Canton/Provisional/Maps/L_Canton_WalledCity_PROVISIONAL/B/9V/HQPCS3U2Y7I45SI8W5DLOP.uasset,398cebf9ced527e955cd5ec2f9359a9c79cff4e019432c6c63cfa16766d06f64,4434,Provisional technical; historical acceptance excluded,AuraProj terrain,ELEV-002; MAP-001; OSM-001; prototype contract; repository tooling,Project-authored; DTM CC BY 4.0; map public domain; OSM-derived overlay ODbL,UE 5.5.4 CL 40574608; pinned terrain Python environment
Content/__ExternalActors__/Canton/Provisional/Maps/L_Canton_WalledCity_PROVISIONAL/B/AQ/XC5P84SHHE51VYPMXPJ90D.uasset,efc1a45cc8b0d02655dcf7931e13d355b7fa9f3ac17610a9c77e786c08fbf7d2,2283,Provisional technical; historical acceptance excluded,AuraProj terrain,ELEV-002; MAP-001; OSM-001; prototype contract; repository tooling,Project-authored; DTM CC BY 4.0; map public domain; OSM-derived overlay ODbL,UE 5.5.4 CL 40574608; pinned terrain Python environment
Content/__ExternalActors__/Canton/Provisional/Maps/L_Canton_WalledCity_PROVISIONAL/B/CB/ZRZAL6T93Y7L7W6TYAEKBL.uasset,62fd87757ca90dfb5eb9ad9e651cc2b0ecec507ea536108091aaed5695fa95b6,4434,Provisional technical; historical acceptance excluded,AuraProj terrain,ELEV-002; MAP-001; OSM-001; prototype contract; repository tooling,Project-authored; DTM CC BY 4.0; map public domain; OSM-derived overlay ODbL,UE 5.5.4 CL 40574608; pinned terrain Python environment
Content/__ExternalActors__/Canton/Provisional/Maps/L_Canton_WalledCity_PROVISIONAL/B/I6/0ZMTRJMWDQSAIEBR0S1ILB.uasset,f37b3a72ee284439e6d8ec24a81b8b82395f454d7c2fdf63ad476d579d9be1ba,4434,Provisional technical; historical acceptance excluded,AuraProj terrain,ELEV-002; MAP-001; OSM-001; prototype contract; repository tooling,Project-authored; DTM CC BY 4.0; map public domain; OSM-derived overlay ODbL,UE 5.5.4 CL 40574608; pinned terrain Python environment
Content/__ExternalActors__/Canton/Provisional/Maps/L_Canton_WalledCity_PROVISIONAL/B/I9/SZJ29559PJ5ZIDSXU601TD.uasset,91d9420add3a93b67ddc3936c93158c2afd9eb8f1c9673a44f54aaff71d96113,4432,Provisional technical; historical acceptance excluded,AuraProj terrain,ELEV-002; MAP-001; OSM-001; prototype contract; repository tooling,Project-authored; DTM CC BY 4.0; map public domain; OSM-derived overlay ODbL,UE 5.5.4 CL 40574608; pinned terrain Python environment
Content/__ExternalActors__/Canton/Provisional/Maps/L_Canton_WalledCity_PROVISIONAL/B/K8/0Q136L1EC64XXAO1BREHZU.uasset,469ce27133e4ed6193815e80d8889b95b960baca173c758ff917f4c409ce9ab1,4434,Provisional technical; historical acceptance excluded,AuraProj terrain,ELEV-002; MAP-001; OSM-001; prototype contract; repository tooling,Project-authored; DTM CC BY 4.0; map public domain; OSM-derived overlay ODbL,UE 5.5.4 CL 40574608; pinned terrain Python environment
Content/__ExternalActors__/Canton/Provisional/Maps/L_Canton_WalledCity_PROVISIONAL/B/MQ/ZRKR76PFOV6CS5G5UT1YGJ.uasset,cf4a733818710e6f0b21ef4a587b738f3db27eda60367ec79e37acd9e11e2ce8,4434,Provisional technical; historical acceptance excluded,AuraProj terrain,ELEV-002; MAP-001; OSM-001; prototype contract; repository tooling,Project-authored; DTM CC BY 4.0; map public domain; OSM-derived overlay ODbL,UE 5.5.4 CL 40574608; pinned terrain Python environment
Content/__ExternalActors__/Canton/Provisional/Maps/L_Canton_WalledCity_PROVISIONAL/B/O7/DC252UPD0D3J9ARL54F0J4.uasset,ce9c541ad312487dfb2636dcd16c75030f15625a1036833dd6a4a691afd1d2df,4432,Provisional technical; historical acceptance excluded,AuraProj terrain,ELEV-002; MAP-001; OSM-001; prototype contract; repository tooling,Project-authored; DTM CC BY 4.0; map public domain; OSM-derived overlay ODbL,UE 5.5.4 CL 40574608; pinned terrain Python environment
Content/__ExternalActors__/Canton/Provisional/Maps/L_Canton_WalledCity_PROVISIONAL/B/OV/VG517SOVW2ZAY0PA0EM2M4.uasset,d87585ba29088a41c7a1bedf67a97b8b0cdc86f7ccd614c9cd76a4e850bd6be7,4432,Provisional technical; historical acceptance excluded,AuraProj terrain,ELEV-002; MAP-001; OSM-001; prototype contract; repository tooling,Project-authored; DTM CC BY 4.0; map public domain; OSM-derived overlay ODbL,UE 5.5.4 CL 40574608; pinned terrain Python environment
Content/__ExternalActors__/Canton/Provisional/Maps/L_Canton_WalledCity_PROVISIONAL/B/R2/A1MRY1H9VO55712US96AQZ.uasset,78f7b17b9bd169aa695b82ac9cd34a965947d5e3c0c0ef0a916c78ee84a99b50,4434,Provisional technical; historical acceptance excluded,AuraProj terrain,ELEV-002; MAP-001; OSM-001; prototype contract; repository tooling,Project-authored; DTM CC BY 4.0; map public domain; OSM-derived overlay ODbL,UE 5.5.4 CL 40574608; pinned terrain Python environment
Content/__ExternalActors__/Canton/Provisional/Maps/L_Canton_WalledCity_PROVISIONAL/B/R8/1K880H6OVLVY4XZQCOF5SW.uasset,534e6d4af3d97c56ad8ea0412cce1b4ce4f934a948e7e678bebbcdd0ba78e82c,4432,Provisional technical; historical acceptance excluded,AuraProj terrain,ELEV-002; MAP-001; OSM-001; prototype contract; repository tooling,Project-authored; DTM CC BY 4.0; map public domain; OSM-derived overlay ODbL,UE 5.5.4 CL 40574608; pinned terrain Python environment
Content/__ExternalActors__/Canton/Provisional/Maps/L_Canton_WalledCity_PROVISIONAL/B/T8/QQ01HFO6BLNVAD9FQMXACV.uasset,65439cb194f112ba2bb0e6411c5b031ef2816f43cd626efa5deb7b16d3a0c31b,4432,Provisional technical; historical acceptance excluded,AuraProj terrain,ELEV-002; MAP-001; OSM-001; prototype contract; repository tooling,Project-authored; DTM CC BY 4.0; map public domain; OSM-derived overlay ODbL,UE 5.5.4 CL 40574608; pinned terrain Python environment
Content/__ExternalActors__/Canton/Provisional/Maps/L_Canton_WalledCity_PROVISIONAL/B/TJ/MKQQI3ESM79Y9M0E2WX7O0.uasset,c7574ec76ae9850ab0c6b3a1433beed793af0bee241b0a9ac585ebf2c76b9a51,4432,Provisional technical; historical acceptance excluded,AuraProj terrain,ELEV-002; MAP-001; OSM-001; prototype contract; repository tooling,Project-authored; DTM CC BY 4.0; map public domain; OSM-derived overlay ODbL,UE 5.5.4 CL 40574608; pinned terrain Python environment
Content/__ExternalActors__/Canton/Provisional/Maps/L_Canton_WalledCity_PROVISIONAL/B/UP/R6HPSYNKIQH6WG5JTF3CJV.uasset,95ab0bbf64dc2b13b288ea1f2bebaa260cabeecf9ecba1e7544dd0b4c9adcb35,4432,Provisional technical; historical acceptance excluded,AuraProj terrain,ELEV-002; MAP-001; OSM-001; prototype contract; repository tooling,Project-authored; DTM CC BY 4.0; map public domain; OSM-derived overlay ODbL,UE 5.5.4 CL 40574608; pinned terrain Python environment
Content/__ExternalActors__/Canton/Provisional/Maps/L_Canton_WalledCity_PROVISIONAL/B/V1/6PUGZJWL6AAR2UKKBA55YK.uasset,e98fb416253043c0af690d5ae1f1053bd24f4efc06e46013dee84f53e25388e8,4434,Provisional technical; historical acceptance excluded,AuraProj terrain,ELEV-002; MAP-001; OSM-001; prototype contract; repository tooling,Project-authored; DTM CC BY 4.0; map public domain; OSM-derived overlay ODbL,UE 5.5.4 CL 40574608; pinned terrain Python environment
Content/__ExternalActors__/Canton/Provisional/Maps/L_Canton_WalledCity_PROVISIONAL/B/V7/ETFT4OWQ0R4BDJKKAE1L8R.uasset,8f81b12148cf7724058ce93969b09a1ef71973434651fa00d5c7b5dbf1eb01fc,4434,Provisional technical; historical acceptance excluded,AuraProj terrain,ELEV-002; MAP-001; OSM-001; prototype contract; repository tooling,Project-authored; DTM CC BY 4.0; map public domain; OSM-derived overlay ODbL,UE 5.5.4 CL 40574608; pinned terrain Python environment
Content/__ExternalActors__/Canton/Provisional/Maps/L_Canton_WalledCity_PROVISIONAL/B/W0/7UJ12TCYH88M0X546PQQDW.uasset,7e7689df49fbd849346af852dd188aa2bdcffa93829c7832c38569173632babd,4432,Provisional technical; historical acceptance excluded,AuraProj terrain,ELEV-002; MAP-001; OSM-001; prototype contract; repository tooling,Project-authored; DTM CC BY 4.0; map public domain; OSM-derived overlay ODbL,UE 5.5.4 CL 40574608; pinned terrain Python environment
Content/__ExternalActors__/Canton/Provisional/Maps/L_Canton_WalledCity_PROVISIONAL/B/ZT/7BZROL6ON82C3B9C5DXZPL.uasset,a5a7113c36e8653d29f1c79384ce01790a1204cab5ab19e5255e66e717aa4992,4432,Provisional technical; historical acceptance excluded,AuraProj terrain,ELEV-002; MAP-001; OSM-001; prototype contract; repository tooling,Project-authored; DTM CC BY 4.0; map public domain; OSM-derived overlay ODbL,UE 5.5.4 CL 40574608; pinned terrain Python environment
Content/__ExternalActors__/Canton/Provisional/Maps/L_Canton_WalledCity_PROVISIONAL/C/0Z/9LV1EX02GHBJMGP0JOGZZO.uasset,9b499a65a108a50cf1169846f5ae31354ff14d7531e5a5fbd006fc76a2752cef,4434,Provisional technical; historical acceptance excluded,AuraProj terrain,ELEV-002; MAP-001; OSM-001; prototype contract; repository tooling,Project-authored; DTM CC BY 4.0; map public domain; OSM-derived overlay ODbL,UE 5.5.4 CL 40574608; pinned terrain Python environment
Content/__ExternalActors__/Canton/Provisional/Maps/L_Canton_WalledCity_PROVISIONAL/C/1W/KLBH4DTW1UBZ1PNJ6GTF3L.uasset,3275037387c8856452db202fc479e0417c51545c4670144922c0c4cb3aaaff02,4432,Provisional technical; historical acceptance excluded,AuraProj terrain,ELEV-002; MAP-001; OSM-001; prototype contract; repository tooling,Project-authored; DTM CC BY 4.0; map public domain; OSM-derived overlay ODbL,UE 5.5.4 CL 40574608; pinned terrain Python environment
Content/__ExternalActors__/Canton/Provisional/Maps/L_Canton_WalledCity_PROVISIONAL/C/65/1YNHRG2XLUETU1O9OU5UUW.uasset,9e85c283f4f409cd5334301bda9a376b084d6109260517b1e49f9b82810cc653,4432,Provisional technical; historical acceptance excluded,AuraProj terrain,ELEV-002; MAP-001; OSM-001; prototype contract; repository tooling,Project-authored; DTM CC BY 4.0; map public domain; OSM-derived overlay ODbL,UE 5.5.4 CL 40574608; pinned terrain Python environment
Content/__ExternalActors__/Canton/Provisional/Maps/L_Canton_WalledCity_PROVISIONAL/C/6F/K33IVWIFU6JCWEO5TLV7VS.uasset,e5d532543a610a308234aef93f02b75ef3cb6cc516d819b4028c31528bb9c32d,1274849,Provisional technical; historical acceptance excluded,AuraProj terrain,ELEV-002; MAP-001; OSM-001; prototype contract; repository tooling,Project-authored; DTM CC BY 4.0; map public domain; OSM-derived overlay ODbL,UE 5.5.4 CL 40574608; pinned terrain Python environment
Content/__ExternalActors__/Canton/Provisional/Maps/L_Canton_WalledCity_PROVISIONAL/C/75/VDF7O2TU94YFPS19Z1OJUM.uasset,a54383d1abe31f35de659fd2b606e99d85d063a46db54f8c1c2238d298b281a6,4432,Provisional technical; historical acceptance excluded,AuraProj terrain,ELEV-002; MAP-001; OSM-001; prototype contract; repository tooling,Project-authored; DTM CC BY 4.0; map public domain; OSM-derived overlay ODbL,UE 5.5.4 CL 40574608; pinned terrain Python environment
Content/__ExternalActors__/Canton/Provisional/Maps/L_Canton_WalledCity_PROVISIONAL/C/9R/7JLRNJTGRMKXOG96N2WXVN.uasset,9c1f074afd2a84e90afec530c9eee99ef4226a04521736aec193abd44a37b823,4434,Provisional technical; historical acceptance excluded,AuraProj terrain,ELEV-002; MAP-001; OSM-001; prototype contract; repository tooling,Project-authored; DTM CC BY 4.0; map public domain; OSM-derived overlay ODbL,UE 5.5.4 CL 40574608; pinned terrain Python environment
Content/__ExternalActors__/Canton/Provisional/Maps/L_Canton_WalledCity_PROVISIONAL/C/9T/28LQNNC83Y46UMR2CA9AM7.uasset,de162cd25701fdacea2f4d7f8b15eec2a3ec3b361973e5417d192eef5e109b72,4434,Provisional technical; historical acceptance excluded,AuraProj terrain,ELEV-002; MAP-001; OSM-001; prototype contract; repository tooling,Project-authored; DTM CC BY 4.0; map public domain; OSM-derived overlay ODbL,UE 5.5.4 CL 40574608; pinned terrain Python environment
Content/__ExternalActors__/Canton/Provisional/Maps/L_Canton_WalledCity_PROVISIONAL/C/F9/03CT5GO4UARQ2KY661N6ER.uasset,28f66a9786f8d24af9da85ae188e679cc191c157b7253a120e231266dce5b412,4432,Provisional technical; historical acceptance excluded,AuraProj terrain,ELEV-002; MAP-001; OSM-001; prototype contract; repository tooling,Project-authored; DTM CC BY 4.0; map public domain; OSM-derived overlay ODbL,UE 5.5.4 CL 40574608; pinned terrain Python environment
Content/__ExternalActors__/Canton/Provisional/Maps/L_Canton_WalledCity_PROVISIONAL/C/FX/0EH4KRSJDXMEJYQNVJ8N4Y.uasset,c8864133dfce6a9b399be86cea435f66e91068e0bfa77b34e9589f91f47836ff,4434,Provisional technical; historical acceptance excluded,AuraProj terrain,ELEV-002; MAP-001; OSM-001; prototype contract; repository tooling,Project-authored; DTM CC BY 4.0; map public domain; OSM-derived overlay ODbL,UE 5.5.4 CL 40574608; pinned terrain Python environment
Content/__ExternalActors__/Canton/Provisional/Maps/L_Canton_WalledCity_PROVISIONAL/C/HA/LJ224KO7T5WDZO0DUUR00M.uasset,2a71f5452d6b5e87f2e73fe9b2b61d934a481b9c0ad68a9db1df0f5614fe516f,4432,Provisional technical; historical acceptance excluded,AuraProj terrain,ELEV-002; MAP-001; OSM-001; prototype contract; repository tooling,Project-authored; DTM CC BY 4.0; map public domain; OSM-derived overlay ODbL,UE 5.5.4 CL 40574608; pinned terrain Python environment
Content/__ExternalActors__/Canton/Provisional/Maps/L_Canton_WalledCity_PROVISIONAL/C/HL/V1SJ19KM4ZJOWXMEZG84LZ.uasset,0f54ba50baca0b6ea98100d8782fc5e5f3cd6250440947424e89e03aee8d583d,4434,Provisional technical; historical acceptance excluded,AuraProj terrain,ELEV-002; MAP-001; OSM-001; prototype contract; repository tooling,Project-authored; DTM CC BY 4.0; map public domain; OSM-derived overlay ODbL,UE 5.5.4 CL 40574608; pinned terrain Python environment
Content/__ExternalActors__/Canton/Provisional/Maps/L_Canton_WalledCity_PROVISIONAL/C/JO/MVAJ9K11IMSIMTGRBXZAZX.uasset,9d62380854d65923fab7c145c3c14652c8bb53b264a427d5634a44989794fe68,4434,Provisional technical; historical acceptance excluded,AuraProj terrain,ELEV-002; MAP-001; OSM-001; prototype contract; repository tooling,Project-authored; DTM CC BY 4.0; map public domain; OSM-derived overlay ODbL,UE 5.5.4 CL 40574608; pinned terrain Python environment
Content/__ExternalActors__/Canton/Provisional/Maps/L_Canton_WalledCity_PROVISIONAL/C/K7/G2VIY0U1NIQMKD16ZQ2UKL.uasset,32bf7b1882eb875259ed2a270f025cbe53cad279dd98a39989383f6585c7e2b2,4434,Provisional technical; historical acceptance excluded,AuraProj terrain,ELEV-002; MAP-001; OSM-001; prototype contract; repository tooling,Project-authored; DTM CC BY 4.0; map public domain; OSM-derived overlay ODbL,UE 5.5.4 CL 40574608; pinned terrain Python environment
Content/__ExternalActors__/Canton/Provisional/Maps/L_Canton_WalledCity_PROVISIONAL/C/MR/VDVEI0R26CAQX8RJ9KK1HY.uasset,eaf28d32b109c938cd3edf7ab0588504c1684086535f652b4bf7cd62c569132c,4434,Provisional technical; historical acceptance excluded,AuraProj terrain,ELEV-002; MAP-001; OSM-001; prototype contract; repository tooling,Project-authored; DTM CC BY 4.0; map public domain; OSM-derived overlay ODbL,UE 5.5.4 CL 40574608; pinned terrain Python environment
Content/__ExternalActors__/Canton/Provisional/Maps/L_Canton_WalledCity_PROVISIONAL/C/NP/Z4GOONW9SBH4PZ2WSOGIPJ.uasset,e36602bcd6c681213b3f1656c57296111f3cbb6e3db65863bc977d1708fb8d36,4432,Provisional technical; historical acceptance excluded,AuraProj terrain,ELEV-002; MAP-001; OSM-001; prototype contract; repository tooling,Project-authored; DTM CC BY 4.0; map public domain; OSM-derived overlay ODbL,UE 5.5.4 CL 40574608; pinned terrain Python environment
Content/__ExternalActors__/Canton/Provisional/Maps/L_Canton_WalledCity_PROVISIONAL/C/NQ/4K7IL614DN9TRIYBLT5RWY.uasset,b14c9561708836c70b38fb56cf8434f766cb160fe6d516491c56a095c6a35bd7,4432,Provisional technical; historical acceptance excluded,AuraProj terrain,ELEV-002; MAP-001; OSM-001; prototype contract; repository tooling,Project-authored; DTM CC BY 4.0; map public domain; OSM-derived overlay ODbL,UE 5.5.4 CL 40574608; pinned terrain Python environment
Content/__ExternalActors__/Canton/Provisional/Maps/L_Canton_WalledCity_PROVISIONAL/C/R4/Q7XJF7WUGNBWK4EG9U5M6V.uasset,b001e993c55711ab742f8f23955ff4c932084fe09e8b62eb45039fcbf4456737,4434,Provisional technical; historical acceptance excluded,AuraProj terrain,ELEV-002; MAP-001; OSM-001; prototype contract; repository tooling,Project-authored; DTM CC BY 4.0; map public domain; OSM-derived overlay ODbL,UE 5.5.4 CL 40574608; pinned terrain Python environment
Content/__ExternalActors__/Canton/Provisional/Maps/L_Canton_WalledCity_PROVISIONAL/C/RO/BQNUVAFGGBXAXVTND1FUT9.uasset,5c1bf8a791f1f5148bed7e9cae013f43532f1e98ead737929c756c21388902c8,4434,Provisional technical; historical acceptance excluded,AuraProj terrain,ELEV-002; MAP-001; OSM-001; prototype contract; repository tooling,Project-authored; DTM CC BY 4.0; map public domain; OSM-derived overlay ODbL,UE 5.5.4 CL 40574608; pinned terrain Python environment
Content/__ExternalActors__/Canton/Provisional/Maps/L_Canton_WalledCity_PROVISIONAL/C/S7/07JY1YL3OT0NPMJHXBX4N7.uasset,fd613d8c49a67591e046443306d6c10886c465646b4bb922b9b8b890b11eabe3,4432,Provisional technical; historical acceptance excluded,AuraProj terrain,ELEV-002; MAP-001; OSM-001; prototype contract; repository tooling,Project-authored; DTM CC BY 4.0; map public domain; OSM-derived overlay ODbL,UE 5.5.4 CL 40574608; pinned terrain Python environment
Content/__ExternalActors__/Canton/Provisional/Maps/L_Canton_WalledCity_PROVISIONAL/C/T4/ZGVATWVPU2YJYF1I4HQY1P.uasset,6819bbe4ef47c42ada727bd25a669d91d3de10224051bc33367e3c25436a047f,4434,Provisional technical; historical acceptance excluded,AuraProj terrain,ELEV-002; MAP-001; OSM-001; prototype contract; repository tooling,Project-authored; DTM CC BY 4.0; map public domain; OSM-derived overlay ODbL,UE 5.5.4 CL 40574608; pinned terrain Python environment
Content/__ExternalActors__/Canton/Provisional/Maps/L_Canton_WalledCity_PROVISIONAL/C/UR/UL71ORIKN2QS4V3OXMCV6R.uasset,971cb93d7464479095384f0748367db0f752298b8566b1ebffbe9e4e2c2cd914,4434,Provisional technical; historical acceptance excluded,AuraProj terrain,ELEV-002; MAP-001; OSM-001; prototype contract; repository tooling,Project-authored; DTM CC BY 4.0; map public domain; OSM-derived overlay ODbL,UE 5.5.4 CL 40574608; pinned terrain Python environment
Content/__ExternalActors__/Canton/Provisional/Maps/L_Canton_WalledCity_PROVISIONAL/C/V3/RKOOZMLMET115SJSMA74P3.uasset,24f7b0c5cfb639d7799f35fa1145b36a4ecfd5c99cc454221cc623e6ee61aabb,4434,Provisional technical; historical acceptance excluded,AuraProj terrain,ELEV-002; MAP-001; OSM-001; prototype contract; repository tooling,Project-authored; DTM CC BY 4.0; map public domain; OSM-derived overlay ODbL,UE 5.5.4 CL 40574608; pinned terrain Python environment
Content/__ExternalActors__/Canton/Provisional/Maps/L_Canton_WalledCity_PROVISIONAL/C/W0/QYBM0FFU6SQLF8MV28RQS5.uasset,6ddc52d21bfc1f1c55ea562f96afddfee37021fede4ac38fc4e3fd89dfe8b8c9,4432,Provisional technical; historical acceptance excluded,AuraProj terrain,ELEV-002; MAP-001; OSM-001; prototype contract; repository tooling,Project-authored; DTM CC BY 4.0; map public domain; OSM-derived overlay ODbL,UE 5.5.4 CL 40574608; pinned terrain Python environment
Content/__ExternalActors__/Canton/Provisional/Maps/L_Canton_WalledCity_PROVISIONAL/C/YV/8VNIXKE5ACVF868PTH6NRC.uasset,08331a18d7f04740f4d2953d0998b66e37e4fc0f754cf623deaf96d6c9501951,4434,Provisional technical; historical acceptance excluded,AuraProj terrain,ELEV-002; MAP-001; OSM-001; prototype contract; repository tooling,Project-authored; DTM CC BY 4.0; map public domain; OSM-derived overlay ODbL,UE 5.5.4 CL 40574608; pinned terrain Python environment
Content/__ExternalActors__/Canton/Provisional/Maps/L_Canton_WalledCity_PROVISIONAL/D/0Y/HJB27L7OKNJL2C9XLNVKQR.uasset,112a2975472ed0fea6725e47a96806145770f7f94c2a8a01f73df68fd479f691,4434,Provisional technical; historical acceptance excluded,AuraProj terrain,ELEV-002; MAP-001; OSM-001; prototype contract; repository tooling,Project-authored; DTM CC BY 4.0; map public domain; OSM-derived overlay ODbL,UE 5.5.4 CL 40574608; pinned terrain Python environment
Content/__ExternalActors__/Canton/Provisional/Maps/L_Canton_WalledCity_PROVISIONAL/D/19/Z7ZKHGO32Z1CB14EDTSPLK.uasset,f447530188c32db9b17287213f882d71228afea48a6da783ca06b5c20129d8df,4434,Provisional technical; historical acceptance excluded,AuraProj terrain,ELEV-002; MAP-001; OSM-001; prototype contract; repository tooling,Project-authored; DTM CC BY 4.0; map public domain; OSM-derived overlay ODbL,UE 5.5.4 CL 40574608; pinned terrain Python environment
Content/__ExternalActors__/Canton/Provisional/Maps/L_Canton_WalledCity_PROVISIONAL/D/33/C7CFJHZDVI1YZOWYK72QO5.uasset,c8b46ffb6298624a1f242de66bda6f2abc55a68712e4194164e099ca0510f356,4434,Provisional technical; historical acceptance excluded,AuraProj terrain,ELEV-002; MAP-001; OSM-001; prototype contract; repository tooling,Project-authored; DTM CC BY 4.0; map public domain; OSM-derived overlay ODbL,UE 5.5.4 CL 40574608; pinned terrain Python environment
Content/__ExternalActors__/Canton/Provisional/Maps/L_Canton_WalledCity_PROVISIONAL/D/37/26PIUT0K828VKW6CLQAN89.uasset,6af060973265663e5163f22bba8deaac5edd66477ea3349d33af611a2c3ea566,4432,Provisional technical; historical acceptance excluded,AuraProj terrain,ELEV-002; MAP-001; OSM-001; prototype contract; repository tooling,Project-authored; DTM CC BY 4.0; map public domain; OSM-derived overlay ODbL,UE 5.5.4 CL 40574608; pinned terrain Python environment
Content/__ExternalActors__/Canton/Provisional/Maps/L_Canton_WalledCity_PROVISIONAL/D/3T/L2LTF775QRNOR1Q7ZX4JEE.uasset,19e36c829cf5fc4280367d5e0515745326ae1955d7d3219e54538d7f91fdd745,4434,Provisional technical; historical acceptance excluded,AuraProj terrain,ELEV-002; MAP-001; OSM-001; prototype contract; repository tooling,Project-authored; DTM CC BY 4.0; map public domain; OSM-derived overlay ODbL,UE 5.5.4 CL 40574608; pinned terrain Python environment
Content/__ExternalActors__/Canton/Provisional/Maps/L_Canton_WalledCity_PROVISIONAL/D/3U/PM2KR08F5K6R9CFLE9SK30.uasset,c41529d46c9d654af0d87bdbbd3bd76cbafc11a68824328091aa9a63c2ff236f,4434,Provisional technical; historical acceptance excluded,AuraProj terrain,ELEV-002; MAP-001; OSM-001; prototype contract; repository tooling,Project-authored; DTM CC BY 4.0; map public domain; OSM-derived overlay ODbL,UE 5.5.4 CL 40574608; pinned terrain Python environment
Content/__ExternalActors__/Canton/Provisional/Maps/L_Canton_WalledCity_PROVISIONAL/D/40/1OS7Q7LCIT3GMLQ951ETC5.uasset,f1241e1f3fe4b24c80638795d81af46a3a4f0d9c3daecf63585b0ef6f7be699a,4432,Provisional technical; historical acceptance excluded,AuraProj terrain,ELEV-002; MAP-001; OSM-001; prototype contract; repository tooling,Project-authored; DTM CC BY 4.0; map public domain; OSM-derived overlay ODbL,UE 5.5.4 CL 40574608; pinned terrain Python environment
Content/__ExternalActors__/Canton/Provisional/Maps/L_Canton_WalledCity_PROVISIONAL/D/7F/SBC7YL61TW2EL49HSITXGV.uasset,3e8285d07f112de6f444efbd3fbb77d2af09f98af9265d3e1cbe3c580af8f313,1249421,Provisional technical; historical acceptance excluded,AuraProj terrain,ELEV-002; MAP-001; OSM-001; prototype contract; repository tooling,Project-authored; DTM CC BY 4.0; map public domain; OSM-derived overlay ODbL,UE 5.5.4 CL 40574608; pinned terrain Python environment
Content/__ExternalActors__/Canton/Provisional/Maps/L_Canton_WalledCity_PROVISIONAL/D/7S/KUNRT8368TZOU6MEVFNRRH.uasset,05cf018f00f10adffff31eca06a27d4fff933e32669ad50d27ad661672d7b352,4432,Provisional technical; historical acceptance excluded,AuraProj terrain,ELEV-002; MAP-001; OSM-001; prototype contract; repository tooling,Project-authored; DTM CC BY 4.0; map public domain; OSM-derived overlay ODbL,UE 5.5.4 CL 40574608; pinned terrain Python environment
Content/__ExternalActors__/Canton/Provisional/Maps/L_Canton_WalledCity_PROVISIONAL/D/7S/UW02D8WSOQBCE4JFRHG1YC.uasset,4960ffdd9450648ffc07f75bcef5fac185d0e2f2feca0939f21d6e8ff861b7e3,4434,Provisional technical; historical acceptance excluded,AuraProj terrain,ELEV-002; MAP-001; OSM-001; prototype contract; repository tooling,Project-authored; DTM CC BY 4.0; map public domain; OSM-derived overlay ODbL,UE 5.5.4 CL 40574608; pinned terrain Python environment
Content/__ExternalActors__/Canton/Provisional/Maps/L_Canton_WalledCity_PROVISIONAL/D/8B/OIFNHBWO4KWLR089BTHIM6.uasset,22eebb25df368b945d7f9fa2871805af0eb414bb4b5161376bc0615de78cc317,4432,Provisional technical; historical acceptance excluded,AuraProj terrain,ELEV-002; MAP-001; OSM-001; prototype contract; repository tooling,Project-authored; DTM CC BY 4.0; map public domain; OSM-derived overlay ODbL,UE 5.5.4 CL 40574608; pinned terrain Python environment
Content/__ExternalActors__/Canton/Provisional/Maps/L_Canton_WalledCity_PROVISIONAL/D/9P/KEZPHRQYJ7IFTE6MWVZSTA.uasset,df5a5d2014e2ebd137e2c2b93906d476a602b765a0bd9ea705a4ce7ee93c9f04,4434,Provisional technical; historical acceptance excluded,AuraProj terrain,ELEV-002; MAP-001; OSM-001; prototype contract; repository tooling,Project-authored; DTM CC BY 4.0; map public domain; OSM-derived overlay ODbL,UE 5.5.4 CL 40574608; pinned terrain Python environment
Content/__ExternalActors__/Canton/Provisional/Maps/L_Canton_WalledCity_PROVISIONAL/D/A9/A3QXSOJHEXZE0IRXLF3GG9.uasset,0893b68ea0705129368d473c5d7b7b23adba47d9d999cbbd30c8e0894fc313a1,4434,Provisional technical; historical acceptance excluded,AuraProj terrain,ELEV-002; MAP-001; OSM-001; prototype contract; repository tooling,Project-authored; DTM CC BY 4.0; map public domain; OSM-derived overlay ODbL,UE 5.5.4 CL 40574608; pinned terrain Python environment
Content/__ExternalActors__/Canton/Provisional/Maps/L_Canton_WalledCity_PROVISIONAL/D/AC/6HTXI58PMB2V01NV7U7X11.uasset,33021ad1a125f50d6df97c7fc5f7dd90dcced5a286d378f38a223bb2ebb76ac7,4432,Provisional technical; historical acceptance excluded,AuraProj terrain,ELEV-002; MAP-001; OSM-001; prototype contract; repository tooling,Project-authored; DTM CC BY 4.0; map public domain; OSM-derived overlay ODbL,UE 5.5.4 CL 40574608; pinned terrain Python environment
Content/__ExternalActors__/Canton/Provisional/Maps/L_Canton_WalledCity_PROVISIONAL/D/AH/1DRCP8H65EFX9TZTHUSHEI.uasset,41419aee0496a08dabec5aaa811afc99ef90158aee84e0c7942c68d9056e3080,4434,Provisional technical; historical acceptance excluded,AuraProj terrain,ELEV-002; MAP-001; OSM-001; prototype contract; repository tooling,Project-authored; DTM CC BY 4.0; map public domain; OSM-derived overlay ODbL,UE 5.5.4 CL 40574608; pinned terrain Python environment
Content/__ExternalActors__/Canton/Provisional/Maps/L_Canton_WalledCity_PROVISIONAL/D/CQ/GSE7AFBMU4ZN5RH84XNFA0.uasset,b268de806ff28898a39b496026dd3cffe50c23aecce66dc6a2f8db66ea599118,4432,Provisional technical; historical acceptance excluded,AuraProj terrain,ELEV-002; MAP-001; OSM-001; prototype contract; repository tooling,Project-authored; DTM CC BY 4.0; map public domain; OSM-derived overlay ODbL,UE 5.5.4 CL 40574608; pinned terrain Python environment
Content/__ExternalActors__/Canton/Provisional/Maps/L_Canton_WalledCity_PROVISIONAL/D/DQ/W48SMNGUOBSCSP2NSKTZ33.uasset,167ff4b8b3e5d340d2dec0f2006c4ce781d829a13ef0c979cb68d835c76344ea,4432,Provisional technical; historical acceptance excluded,AuraProj terrain,ELEV-002; MAP-001; OSM-001; prototype contract; repository tooling,Project-authored; DTM CC BY 4.0; map public domain; OSM-derived overlay ODbL,UE 5.5.4 CL 40574608; pinned terrain Python environment
Content/__ExternalActors__/Canton/Provisional/Maps/L_Canton_WalledCity_PROVISIONAL/D/GC/A20YBDQ0HJYGJYNX9I79LL.uasset,6b509bdc3b7185ec8306a6aa63215c32eed10f383bd0986903efc3281e240c42,4434,Provisional technical; historical acceptance excluded,AuraProj terrain,ELEV-002; MAP-001; OSM-001; prototype contract; repository tooling,Project-authored; DTM CC BY 4.0; map public domain; OSM-derived overlay ODbL,UE 5.5.4 CL 40574608; pinned terrain Python environment
Content/__ExternalActors__/Canton/Provisional/Maps/L_Canton_WalledCity_PROVISIONAL/D/GX/401EAAO7L9SQ3P3LBX6P4R.uasset,c0087ab0e54490ebf61c92a56f6deb437e50ad810927d7bd430d67013157968f,4434,Provisional technical; historical acceptance excluded,AuraProj terrain,ELEV-002; MAP-001; OSM-001; prototype contract; repository tooling,Project-authored; DTM CC BY 4.0; map public domain; OSM-derived overlay ODbL,UE 5.5.4 CL 40574608; pinned terrain Python environment
Content/__ExternalActors__/Canton/Provisional/Maps/L_Canton_WalledCity_PROVISIONAL/D/HL/SZYH0YX01SLF8GBSOKGMVQ.uasset,0f3fb448404835f2e34be5003602784b961723c41bc5c7bf19fc0814929a6abc,4432,Provisional technical; historical acceptance excluded,AuraProj terrain,ELEV-002; MAP-001; OSM-001; prototype contract; repository tooling,Project-authored; DTM CC BY 4.0; map public domain; OSM-derived overlay ODbL,UE 5.5.4 CL 40574608; pinned terrain Python environment
Content/__ExternalActors__/Canton/Provisional/Maps/L_Canton_WalledCity_PROVISIONAL/D/IU/DVY5UYJFJ95KT3152RD6YK.uasset,a3bfe81115ea97812a387892d1ab98bf834c704c533d1d371ce360b7e9678f6d,4434,Provisional technical; historical acceptance excluded,AuraProj terrain,ELEV-002; MAP-001; OSM-001; prototype contract; repository tooling,Project-authored; DTM CC BY 4.0; map public domain; OSM-derived overlay ODbL,UE 5.5.4 CL 40574608; pinned terrain Python environment
Content/__ExternalActors__/Canton/Provisional/Maps/L_Canton_WalledCity_PROVISIONAL/D/JP/JZSSGLZ86ON1X7PY2QL8IV.uasset,baba82497f434f218699d22f9e92abeabe7aad64051e00fddae9286b59227b25,4434,Provisional technical; historical acceptance excluded,AuraProj terrain,ELEV-002; MAP-001; OSM-001; prototype contract; repository tooling,Project-authored; DTM CC BY 4.0; map public domain; OSM-derived overlay ODbL,UE 5.5.4 CL 40574608; pinned terrain Python environment
Content/__ExternalActors__/Canton/Provisional/Maps/L_Canton_WalledCity_PROVISIONAL/D/JX/X924BVEWL0VTQIF2PKTQKA.uasset,005062ebb99916cce1d7f1a537fd9a65eab01ab82c1295d81a55a1684af7d56a,4434,Provisional technical; historical acceptance excluded,AuraProj terrain,ELEV-002; MAP-001; OSM-001; prototype contract; repository tooling,Project-authored; DTM CC BY 4.0; map public domain; OSM-derived overlay ODbL,UE 5.5.4 CL 40574608; pinned terrain Python environment
Content/__ExternalActors__/Canton/Provisional/Maps/L_Canton_WalledCity_PROVISIONAL/D/MF/L7ZYK2GSO1LUGNFFY4HS15.uasset,a64b8e09e5bc14f1c654e3c89e7beca8907e8086b30407f0efb302b37101e33d,4432,Provisional technical; historical acceptance excluded,AuraProj terrain,ELEV-002; MAP-001; OSM-001; prototype contract; repository tooling,Project-authored; DTM CC BY 4.0; map public domain; OSM-derived overlay ODbL,UE 5.5.4 CL 40574608; pinned terrain Python environment
Content/__ExternalActors__/Canton/Provisional/Maps/L_Canton_WalledCity_PROVISIONAL/D/NF/Q3WC24DCFBZDIA7LKSLQMD.uasset,ef099d93677390e1013194dc924380079a9ae35aa216740163b6f08c09075cb0,4434,Provisional technical; historical acceptance excluded,AuraProj terrain,ELEV-002; MAP-001; OSM-001; prototype contract; repository tooling,Project-authored; DTM CC BY 4.0; map public domain; OSM-derived overlay ODbL,UE 5.5.4 CL 40574608; pinned terrain Python environment
Content/__ExternalActors__/Canton/Provisional/Maps/L_Canton_WalledCity_PROVISIONAL/D/NK/XLAAZ70GIQEPEINUNKWTUB.uasset,2cdbf654c95ffdf6459bafa3b49ba0e86f594e933a204eb341bcb61d597e3112,4436,Provisional technical; historical acceptance excluded,AuraProj terrain,ELEV-002; MAP-001; OSM-001; prototype contract; repository tooling,Project-authored; DTM CC BY 4.0; map public domain; OSM-derived overlay ODbL,UE 5.5.4 CL 40574608; pinned terrain Python environment
Content/__ExternalActors__/Canton/Provisional/Maps/L_Canton_WalledCity_PROVISIONAL/D/T2/AWVB0P0U0IPK120C8PCV18.uasset,5a124cf149ce28800b84d80b557636fc515fdc87e42e037134590b8f2a04bf87,4434,Provisional technical; historical acceptance excluded,AuraProj terrain,ELEV-002; MAP-001; OSM-001; prototype contract; repository tooling,Project-authored; DTM CC BY 4.0; map public domain; OSM-derived overlay ODbL,UE 5.5.4 CL 40574608; pinned terrain Python environment
Content/__ExternalActors__/Canton/Provisional/Maps/L_Canton_WalledCity_PROVISIONAL/D/US/H64W5ZMTOW30VWUZBF4D7W.uasset,a969cc0ba823e61165f1ef6b845894705338f00ef3204316a232e4a78f45353d,4432,Provisional technical; historical acceptance excluded,AuraProj terrain,ELEV-002; MAP-001; OSM-001; prototype contract; repository tooling,Project-authored; DTM CC BY 4.0; map public domain; OSM-derived overlay ODbL,UE 5.5.4 CL 40574608; pinned terrain Python environment
Content/__ExternalActors__/Canton/Provisional/Maps/L_Canton_WalledCity_PROVISIONAL/D/UW/A0N7RE1ZGANMDUG1H7I2WV.uasset,45093771728a95076a354df94a7c6c0420a95befbb5bfb103447cf423b531b6a,4432,Provisional technical; historical acceptance excluded,AuraProj terrain,ELEV-002; MAP-001; OSM-001; prototype contract; repository tooling,Project-authored; DTM CC BY 4.0; map public domain; OSM-derived overlay ODbL,UE 5.5.4 CL 40574608; pinned terrain Python environment
Content/__ExternalActors__/Canton/Provisional/Maps/L_Canton_WalledCity_PROVISIONAL/D/X9/KVZM1PF5KIYQJQWTQBHX44.uasset,3613e368e4a3d7b88b91c6487f8c9cbee83969c97c2a94145e77ed8388b49c69,4434,Provisional technical; historical acceptance excluded,AuraProj terrain,ELEV-002; MAP-001; OSM-001; prototype contract; repository tooling,Project-authored; DTM CC BY 4.0; map public domain; OSM-derived overlay ODbL,UE 5.5.4 CL 40574608; pinned terrain Python environment
Content/__ExternalActors__/Canton/Provisional/Maps/L_Canton_WalledCity_PROVISIONAL/D/Y8/9BYI70DVXVN9MFZG81CFTN.uasset,40233825bf60f57accd6aec6ff7d14b94ae0e337c6a4dcaa819f38e29b9c440b,4432,Provisional technical; historical acceptance excluded,AuraProj terrain,ELEV-002; MAP-001; OSM-001; prototype contract; repository tooling,Project-authored; DTM CC BY 4.0; map public domain; OSM-derived overlay ODbL,UE 5.5.4 CL 40574608; pinned terrain Python environment
Content/__ExternalActors__/Canton/Provisional/Maps/L_Canton_WalledCity_PROVISIONAL/D/YG/JVOIBR15PHIADCEWHJR4Z4.uasset,645ce547e07a5c592d5f1fd7a20cd7b2aad6acd90c4e701da6d54a46af4ca0f6,4436,Provisional technical; historical acceptance excluded,AuraProj terrain,ELEV-002; MAP-001; OSM-001; prototype contract; repository tooling,Project-authored; DTM CC BY 4.0; map public domain; OSM-derived overlay ODbL,UE 5.5.4 CL 40574608; pinned terrain Python environment
Content/__ExternalActors__/Canton/Provisional/Maps/L_Canton_WalledCity_PROVISIONAL/E/0A/3NX03DX8QDX0V5JT91NYKN.uasset,8020e1fafa0b470398400c2a2c28038fffeab74664af598b771d39916d8ea173,4434,Provisional technical; historical acceptance excluded,AuraProj terrain,ELEV-002; MAP-001; OSM-001; prototype contract; repository tooling,Project-authored; DTM CC BY 4.0; map public domain; OSM-derived overlay ODbL,UE 5.5.4 CL 40574608; pinned terrain Python environment
Content/__ExternalActors__/Canton/Provisional/Maps/L_Canton_WalledCity_PROVISIONAL/E/0E/16X2U9MTMP2TN74RO723KT.uasset,862c64a9aedd57f223bc61d241773347c67618ee13a854292541904177a2c6bb,4434,Provisional technical; historical acceptance excluded,AuraProj terrain,ELEV-002; MAP-001; OSM-001; prototype contract; repository tooling,Project-authored; DTM CC BY 4.0; map public domain; OSM-derived overlay ODbL,UE 5.5.4 CL 40574608; pinned terrain Python environment
Content/__ExternalActors__/Canton/Provisional/Maps/L_Canton_WalledCity_PROVISIONAL/E/2I/V47PAJCJ1V7HAPL0Z5O79U.uasset,801368359d5f54ba1dd90ab7fa5a2b2fa369aed02edb1b0d641abe91b85c48b1,4434,Provisional technical; historical acceptance excluded,AuraProj terrain,ELEV-002; MAP-001; OSM-001; prototype contract; repository tooling,Project-authored; DTM CC BY 4.0; map public domain; OSM-derived overlay ODbL,UE 5.5.4 CL 40574608; pinned terrain Python environment
Content/__ExternalActors__/Canton/Provisional/Maps/L_Canton_WalledCity_PROVISIONAL/E/34/S8FNP6H08GWUKLQW3MQASQ.uasset,5e7eeaea977aaa46c26d04274ac036b43c015d2cc5b01c95705b83dca836d956,4434,Provisional technical; historical acceptance excluded,AuraProj terrain,ELEV-002; MAP-001; OSM-001; prototype contract; repository tooling,Project-authored; DTM CC BY 4.0; map public domain; OSM-derived overlay ODbL,UE 5.5.4 CL 40574608; pinned terrain Python environment
Content/__ExternalActors__/Canton/Provisional/Maps/L_Canton_WalledCity_PROVISIONAL/E/3N/BUU09G5TG2J72ZSRZ22MW0.uasset,b5870081d12ba999ea40abfcb56d89951b7d249c11bfdefc10a06bbaae01734a,4434,Provisional technical; historical acceptance excluded,AuraProj terrain,ELEV-002; MAP-001; OSM-001; prototype contract; repository tooling,Project-authored; DTM CC BY 4.0; map public domain; OSM-derived overlay ODbL,UE 5.5.4 CL 40574608; pinned terrain Python environment
Content/__ExternalActors__/Canton/Provisional/Maps/L_Canton_WalledCity_PROVISIONAL/E/3U/YXQ0CY8WF44PDRF6J3GUKA.uasset,85e590651a9eba6dde37932484d5d065513de480591d402352393825969c5bd2,4434,Provisional technical; historical acceptance excluded,AuraProj terrain,ELEV-002; MAP-001; OSM-001; prototype contract; repository tooling,Project-authored; DTM CC BY 4.0; map public domain; OSM-derived overlay ODbL,UE 5.5.4 CL 40574608; pinned terrain Python environment
Content/__ExternalActors__/Canton/Provisional/Maps/L_Canton_WalledCity_PROVISIONAL/E/5I/7H0BCBGHBCGXPDL3YRY7BH.uasset,125663e7177d1995a89d217552b3922a68469c6079220268c5aea46b92173ed2,4434,Provisional technical; historical acceptance excluded,AuraProj terrain,ELEV-002; MAP-001; OSM-001; prototype contract; repository tooling,Project-authored; DTM CC BY 4.0; map public domain; OSM-derived overlay ODbL,UE 5.5.4 CL 40574608; pinned terrain Python environment
Content/__ExternalActors__/Canton/Provisional/Maps/L_Canton_WalledCity_PROVISIONAL/E/8I/2ZU08P1G7NBFDX32PBHL98.uasset,29c8eac7b6488d0b2ca211918eb79d35330413db34d8bf19a6efa87d8634c180,4432,Provisional technical; historical acceptance excluded,AuraProj terrain,ELEV-002; MAP-001; OSM-001; prototype contract; repository tooling,Project-authored; DTM CC BY 4.0; map public domain; OSM-derived overlay ODbL,UE 5.5.4 CL 40574608; pinned terrain Python environment
Content/__ExternalActors__/Canton/Provisional/Maps/L_Canton_WalledCity_PROVISIONAL/E/96/4RNMJX26GOFAJQ2UFRO2HM.uasset,b1ab49d14b369cefadd3a991500b79d764f7d4260d2a8d8c97b72e757d3a0a56,4432,Provisional technical; historical acceptance excluded,AuraProj terrain,ELEV-002; MAP-001; OSM-001; prototype contract; repository tooling,Project-authored; DTM CC BY 4.0; map public domain; OSM-derived overlay ODbL,UE 5.5.4 CL 40574608; pinned terrain Python environment
Content/__ExternalActors__/Canton/Provisional/Maps/L_Canton_WalledCity_PROVISIONAL/E/BI/GFREM3JPO237WWDO7F0XBL.uasset,9405f7f60dc29b9d72857d634961146bf6a5aaa406c6203b5e825fb581a13ebc,4432,Provisional technical; historical acceptance excluded,AuraProj terrain,ELEV-002; MAP-001; OSM-001; prototype contract; repository tooling,Project-authored; DTM CC BY 4.0; map public domain; OSM-derived overlay ODbL,UE 5.5.4 CL 40574608; pinned terrain Python environment
Content/__ExternalActors__/Canton/Provisional/Maps/L_Canton_WalledCity_PROVISIONAL/E/BM/0KB6G020TYSGT9YER75PYX.uasset,2930056d9e5441157416780f1c146d8ed64c81f5b718288ca242e57bfd1d3c11,4434,Provisional technical; historical acceptance excluded,AuraProj terrain,ELEV-002; MAP-001; OSM-001; prototype contract; repository tooling,Project-authored; DTM CC BY 4.0; map public domain; OSM-derived overlay ODbL,UE 5.5.4 CL 40574608; pinned terrain Python environment
Content/__ExternalActors__/Canton/Provisional/Maps/L_Canton_WalledCity_PROVISIONAL/E/DK/H1C1DI49NYT5XU40AD1IYS.uasset,b1c9d42c420039a8cf5b5309587d14251b2ada2ddc7e4b34eb5461dd4a65e887,4434,Provisional technical; historical acceptance excluded,AuraProj terrain,ELEV-002; MAP-001; OSM-001; prototype contract; repository tooling,Project-authored; DTM CC BY 4.0; map public domain; OSM-derived overlay ODbL,UE 5.5.4 CL 40574608; pinned terrain Python environment
Content/__ExternalActors__/Canton/Provisional/Maps/L_Canton_WalledCity_PROVISIONAL/E/EV/0BH4TIJW3Q40JLDYCUDFDG.uasset,36b1c07114a9ae82d978211d98628b8f42e643f82028b2e9d9917767395f5fce,4434,Provisional technical; historical acceptance excluded,AuraProj terrain,ELEV-002; MAP-001; OSM-001; prototype contract; repository tooling,Project-authored; DTM CC BY 4.0; map public domain; OSM-derived overlay ODbL,UE 5.5.4 CL 40574608; pinned terrain Python environment
Content/__ExternalActors__/Canton/Provisional/Maps/L_Canton_WalledCity_PROVISIONAL/E/FL/I0AT61DO4YP0MV732FZCGN.uasset,9289baa8280a0b246921990b4e2a0f0c62905a52d0f853a44a8101ee817ed3e2,4434,Provisional technical; historical acceptance excluded,AuraProj terrain,ELEV-002; MAP-001; OSM-001; prototype contract; repository tooling,Project-authored; DTM CC BY 4.0; map public domain; OSM-derived overlay ODbL,UE 5.5.4 CL 40574608; pinned terrain Python environment
Content/__ExternalActors__/Canton/Provisional/Maps/L_Canton_WalledCity_PROVISIONAL/E/GP/OS61BKN7RXP0P1ISE1S55L.uasset,3fd07c77edf35fd8dbdaf90922f40dcaddf2b8195ec4bf93fdb99c16657630ca,4434,Provisional technical; historical acceptance excluded,AuraProj terrain,ELEV-002; MAP-001; OSM-001; prototype contract; repository tooling,Project-authored; DTM CC BY 4.0; map public domain; OSM-derived overlay ODbL,UE 5.5.4 CL 40574608; pinned terrain Python environment
Content/__ExternalActors__/Canton/Provisional/Maps/L_Canton_WalledCity_PROVISIONAL/E/IR/R64GNEEAMX41HS2F6YUSGM.uasset,0658dc056221416e189ec84c96ccec938775cf03dbc0a4350c2b5ff2810a2675,4432,Provisional technical; historical acceptance excluded,AuraProj terrain,ELEV-002; MAP-001; OSM-001; prototype contract; repository tooling,Project-authored; DTM CC BY 4.0; map public domain; OSM-derived overlay ODbL,UE 5.5.4 CL 40574608; pinned terrain Python environment
Content/__ExternalActors__/Canton/Provisional/Maps/L_Canton_WalledCity_PROVISIONAL/E/KB/1HRM1C3LNIGXB7WNX7QFT5.uasset,84f27842b0bb505d547ea90627bb4700afc0980be9233cc95b44d03422de55fa,4432,Provisional technical; historical acceptance excluded,AuraProj terrain,ELEV-002; MAP-001; OSM-001; prototype contract; repository tooling,Project-authored; DTM CC BY 4.0; map public domain; OSM-derived overlay ODbL,UE 5.5.4 CL 40574608; pinned terrain Python environment
Content/__ExternalActors__/Canton/Provisional/Maps/L_Canton_WalledCity_PROVISIONAL/E/KW/DIG1NGM05N3JYB5RO3B71Q.uasset,6f0b9b17252080ce7361600883713e22216d9ad6f6917be48fc8caaeeb402f94,4432,Provisional technical; historical acceptance excluded,AuraProj terrain,ELEV-002; MAP-001; OSM-001; prototype contract; repository tooling,Project-authored; DTM CC BY 4.0; map public domain; OSM-derived overlay ODbL,UE 5.5.4 CL 40574608; pinned terrain Python environment
Content/__ExternalActors__/Canton/Provisional/Maps/L_Canton_WalledCity_PROVISIONAL/E/NZ/0PG80G4FVURBDGTMCJJBX1.uasset,226f0ee67bed086fe4837dff339371adb12b6e9da07cc7667df28241161f5a80,4434,Provisional technical; historical acceptance excluded,AuraProj terrain,ELEV-002; MAP-001; OSM-001; prototype contract; repository tooling,Project-authored; DTM CC BY 4.0; map public domain; OSM-derived overlay ODbL,UE 5.5.4 CL 40574608; pinned terrain Python environment
Content/__ExternalActors__/Canton/Provisional/Maps/L_Canton_WalledCity_PROVISIONAL/E/O6/FZYHU5LE5UUIOVTCMCGQ4P.uasset,8b357adb25ca1cdf5e48edfe64ca5b4adc6c40542044137ed230cd165b5c1206,4434,Provisional technical; historical acceptance excluded,AuraProj terrain,ELEV-002; MAP-001; OSM-001; prototype contract; repository tooling,Project-authored; DTM CC BY 4.0; map public domain; OSM-derived overlay ODbL,UE 5.5.4 CL 40574608; pinned terrain Python environment
Content/__ExternalActors__/Canton/Provisional/Maps/L_Canton_WalledCity_PROVISIONAL/E/QP/4XLJ4TCTVYN8EH71QO7CSR.uasset,8e1be8398086442de6f350a04ebe9b862b81fca5ae9579a68affb118b54d8cbf,1290326,Provisional technical; historical acceptance excluded,AuraProj terrain,ELEV-002; MAP-001; OSM-001; prototype contract; repository tooling,Project-authored; DTM CC BY 4.0; map public domain; OSM-derived overlay ODbL,UE 5.5.4 CL 40574608; pinned terrain Python environment
Content/__ExternalActors__/Canton/Provisional/Maps/L_Canton_WalledCity_PROVISIONAL/E/QR/TU81F985PM3C8A3JYW96TW.uasset,822029ac486d5d320551959024ad2bea711174ee7e938744c1e273c03a3fc91d,4434,Provisional technical; historical acceptance excluded,AuraProj terrain,ELEV-002; MAP-001; OSM-001; prototype contract; repository tooling,Project-authored; DTM CC BY 4.0; map public domain; OSM-derived overlay ODbL,UE 5.5.4 CL 40574608; pinned terrain Python environment
Content/__ExternalActors__/Canton/Provisional/Maps/L_Canton_WalledCity_PROVISIONAL/E/QV/YMPK7A1J5OGV22CDHFSOBR.uasset,b47ccc83f2fd2e92a5790edd94f4144276ad13540b3c0ace734f039fd2523a11,4434,Provisional technical; historical acceptance excluded,AuraProj terrain,ELEV-002; MAP-001; OSM-001; prototype contract; repository tooling,Project-authored; DTM CC BY 4.0; map public domain; OSM-derived overlay ODbL,UE 5.5.4 CL 40574608; pinned terrain Python environment
Content/__ExternalActors__/Canton/Provisional/Maps/L_Canton_WalledCity_PROVISIONAL/E/SE/EESBERT07ZVSWLIXO0UN0V.uasset,06c801f8f327e302d313dcbe5733beba51db8ce30057846f02eca0a4db6b1635,4434,Provisional technical; historical acceptance excluded,AuraProj terrain,ELEV-002; MAP-001; OSM-001; prototype contract; repository tooling,Project-authored; DTM CC BY 4.0; map public domain; OSM-derived overlay ODbL,UE 5.5.4 CL 40574608; pinned terrain Python environment
Content/__ExternalActors__/Canton/Provisional/Maps/L_Canton_WalledCity_PROVISIONAL/E/TN/5IJWO18K8LSWQTI5IZ4MAB.uasset,645e97d8082607e85bf852ef4b0968fb1ebb7165e2ba59db84664c588db0e4df,4434,Provisional technical; historical acceptance excluded,AuraProj terrain,ELEV-002; MAP-001; OSM-001; prototype contract; repository tooling,Project-authored; DTM CC BY 4.0; map public domain; OSM-derived overlay ODbL,UE 5.5.4 CL 40574608; pinned terrain Python environment
Content/__ExternalActors__/Canton/Provisional/Maps/L_Canton_WalledCity_PROVISIONAL/E/V3/57PS85G07OD1M8TWP7KYGF.uasset,b7508a739adc87c2f27af0a4b2be8a4f257b261106aab6c481e90990b5637bd8,4432,Provisional technical; historical acceptance excluded,AuraProj terrain,ELEV-002; MAP-001; OSM-001; prototype contract; repository tooling,Project-authored; DTM CC BY 4.0; map public domain; OSM-derived overlay ODbL,UE 5.5.4 CL 40574608; pinned terrain Python environment
Content/__ExternalActors__/Canton/Provisional/Maps/L_Canton_WalledCity_PROVISIONAL/E/VN/HNFEJ87VG4HZ4ZQH30S8PJ.uasset,9ba13eb81ea3e7040c5e7cb4423021c1b4cc6c344b24e4c28d7757ecf1e7e975,4432,Provisional technical; historical acceptance excluded,AuraProj terrain,ELEV-002; MAP-001; OSM-001; prototype contract; repository tooling,Project-authored; DTM CC BY 4.0; map public domain; OSM-derived overlay ODbL,UE 5.5.4 CL 40574608; pinned terrain Python environment
Content/__ExternalActors__/Canton/Provisional/Maps/L_Canton_WalledCity_PROVISIONAL/E/XV/65AQG9LQEE22I1MC0VOV7H.uasset,45fb8fa33e5b02aeb0d4a5109f6ddc69ad6908fb01111a2c5bec0857b6550b59,4434,Provisional technical; historical acceptance excluded,AuraProj terrain,ELEV-002; MAP-001; OSM-001; prototype contract; repository tooling,Project-authored; DTM CC BY 4.0; map public domain; OSM-derived overlay ODbL,UE 5.5.4 CL 40574608; pinned terrain Python environment
Content/__ExternalActors__/Canton/Provisional/Maps/L_Canton_WalledCity_PROVISIONAL/E/Y2/FEJ0UAPEUYTRFEKKH6K8RD.uasset,238af6bd7edcc3f26eba48b29c4e66e84d4131aae68546665ea2fe3ffe45656f,4434,Provisional technical; historical acceptance excluded,AuraProj terrain,ELEV-002; MAP-001; OSM-001; prototype contract; repository tooling,Project-authored; DTM CC BY 4.0; map public domain; OSM-derived overlay ODbL,UE 5.5.4 CL 40574608; pinned terrain Python environment
Content/__ExternalActors__/Canton/Provisional/Maps/L_Canton_WalledCity_PROVISIONAL/F/0X/TS28REYUCKS2SDAN14RUHN.uasset,908fedd8afbe9a41fb1c44d534db3e9134082f52e78c041e53c25c6b8d1813e0,4432,Provisional technical; historical acceptance excluded,AuraProj terrain,ELEV-002; MAP-001; OSM-001; prototype contract; repository tooling,Project-authored; DTM CC BY 4.0; map public domain; OSM-derived overlay ODbL,UE 5.5.4 CL 40574608; pinned terrain Python environment
Content/__ExternalActors__/Canton/Provisional/Maps/L_Canton_WalledCity_PROVISIONAL/F/18/XWK2C55BUHXZG3KFN2UJFR.uasset,b9b1e4b2f3ca0b2a6ebd1cf18f40f92fb96deacf9409a0eea4b4cbb31a624f4f,4436,Provisional technical; historical acceptance excluded,AuraProj terrain,ELEV-002; MAP-001; OSM-001; prototype contract; repository tooling,Project-authored; DTM CC BY 4.0; map public domain; OSM-derived overlay ODbL,UE 5.5.4 CL 40574608; pinned terrain Python environment
Content/__ExternalActors__/Canton/Provisional/Maps/L_Canton_WalledCity_PROVISIONAL/F/1M/PK0IBM30S9H6SZ4XZ45AMS.uasset,a1040bc3fac228eb014ce64f352bd23d7b8547ae5594c312ea9c159f49c60f2d,4434,Provisional technical; historical acceptance excluded,AuraProj terrain,ELEV-002; MAP-001; OSM-001; prototype contract; repository tooling,Project-authored; DTM CC BY 4.0; map public domain; OSM-derived overlay ODbL,UE 5.5.4 CL 40574608; pinned terrain Python environment
Content/__ExternalActors__/Canton/Provisional/Maps/L_Canton_WalledCity_PROVISIONAL/F/31/KX5LBOZQTWP85EOMYUJI60.uasset,08ee88f5519dcebd7d9eae091340c4592545b0023d572b11d3ff0dd0ae954db6,4434,Provisional technical; historical acceptance excluded,AuraProj terrain,ELEV-002; MAP-001; OSM-001; prototype contract; repository tooling,Project-authored; DTM CC BY 4.0; map public domain; OSM-derived overlay ODbL,UE 5.5.4 CL 40574608; pinned terrain Python environment
Content/__ExternalActors__/Canton/Provisional/Maps/L_Canton_WalledCity_PROVISIONAL/F/32/R553XGBHLMXJVWC8XAK4CA.uasset,91ff06d7c34bcd5cdf18ac68d7ca227db1ee909b59e7cf34b7ffd5be87ed5f0e,4432,Provisional technical; historical acceptance excluded,AuraProj terrain,ELEV-002; MAP-001; OSM-001; prototype contract; repository tooling,Project-authored; DTM CC BY 4.0; map public domain; OSM-derived overlay ODbL,UE 5.5.4 CL 40574608; pinned terrain Python environment
Content/__ExternalActors__/Canton/Provisional/Maps/L_Canton_WalledCity_PROVISIONAL/F/5A/7WGXP5E8KNU28VWZFWRNEG.uasset,3968745b69cd2ef6e573c162e0412ccb312ae29357f277abf348d1509b3faa77,4434,Provisional technical; historical acceptance excluded,AuraProj terrain,ELEV-002; MAP-001; OSM-001; prototype contract; repository tooling,Project-authored; DTM CC BY 4.0; map public domain; OSM-derived overlay ODbL,UE 5.5.4 CL 40574608; pinned terrain Python environment
Data/Artifact_Manifest.csv,9c00da18ed20d331fd08e4f45e47216a3015262634aaea95b22e2caafb81737d,15144,Provisional technical; historical acceptance excluded,AuraProj terrain,ELEV-002; MAP-001; OSM-001; prototype contract; repository tooling,Project-authored; DTM CC BY 4.0; map public domain; OSM-derived overlay ODbL,UE 5.5.4 CL 40574608; pinned terrain Python environment
Data/Canton_Prototype_Contract.json,7fd3210431c98d4370aac525913e9b8aab70718c50f7b3b589739113affa3038,1600,Provisional technical; historical acceptance excluded,AuraProj terrain,ELEV-002; MAP-001; OSM-001; prototype contract; repository tooling,Project-authored; DTM CC BY 4.0; map public domain; OSM-derived overlay ODbL,UE 5.5.4 CL 40574608; pinned terrain Python environment
Data/M01_Provisional_Artifacts.csv,54ef70521ef5a044502d70e793e5104d37692cf0363786265b432757e171c3a9,7589,Provisional technical; historical acceptance excluded,AuraProj terrain,ELEV-002; MAP-001; OSM-001; prototype contract; repository tooling,Project-authored; DTM CC BY 4.0; map public domain; OSM-derived overlay ODbL,UE 5.5.4 CL 40574608; pinned terrain Python environment
Docs/Reports/Change-Archive/2026-09-26-canton-native-terrain-validation.md,0ed3d74ab20f1687d95e423a1c02dcc4c5689e7fe96fb118a0b5d317799724d9,1800,Provisional technical; historical acceptance excluded,AuraProj terrain,ELEV-002; MAP-001; OSM-001; prototype contract; repository tooling,Project-authored; DTM CC BY 4.0; map public domain; OSM-derived overlay ODbL,UE 5.5.4 CL 40574608; pinned terrain Python environment
Docs/Reports/Change-Archive/2026-09-26-canton-native-terrain-validation.svg,13e023ecd0059258a65f8f57a5f9d8497107bdde346d18b8df87211f33e37f18,527754,Provisional technical; historical acceptance excluded,AuraProj terrain,ELEV-002; MAP-001; OSM-001; prototype contract; repository tooling,Project-authored; DTM CC BY 4.0; map public domain; OSM-derived overlay ODbL,UE 5.5.4 CL 40574608; pinned terrain Python environment
Export/Provisional/Canton_Modern_Context_SouthFirst.r16,ab89d3510e6ef6dfe34a69eb3df5b219d6fe953a9dd4de3d0095f6f150a55765,8136578,Provisional technical; historical acceptance excluded,AuraProj terrain,ELEV-002; MAP-001; OSM-001; prototype contract; repository tooling,Project-authored; DTM CC BY 4.0; map public domain; OSM-derived overlay ODbL,UE 5.5.4 CL 40574608; pinned terrain Python environment
Export/Provisional/UE_Overlay_Metres.json,e386480830926264dcf7b8aef0a8eb3e5ce711999daf935bd5231a328133d7ad,14369,Provisional technical; historical acceptance excluded,AuraProj terrain,ELEV-002; MAP-001; OSM-001; prototype contract; repository tooling,Project-authored; DTM CC BY 4.0; map public domain; OSM-derived overlay ODbL,UE 5.5.4 CL 40574608; pinned terrain Python environment
QA/Canton_Blocker_Research_2026_09_26.md,86d7e4d69a0e8ff0ce73b02a849a915a28ddfecd465a1f9b9da7becb4f0740ec,2211,Provisional technical; historical acceptance excluded,AuraProj terrain,ELEV-002; MAP-001; OSM-001; prototype contract; repository tooling,Project-authored; DTM CC BY 4.0; map public domain; OSM-derived overlay ODbL,UE 5.5.4 CL 40574608; pinned terrain Python environment
QA/Canton_Days_01_10_Execution.md,99efb46ad097579283954dc7b383c7208118dcd391ccf5996ca06ddea908991f,4106,Provisional technical; historical acceptance excluded,AuraProj terrain,ELEV-002; MAP-001; OSM-001; prototype contract; repository tooling,Project-authored; DTM CC BY 4.0; map public domain; OSM-derived overlay ODbL,UE 5.5.4 CL 40574608; pinned terrain Python environment
QA/UE_Import_Screenshots/Automation_Report.json,33a1e03e9228870e70f414e9413516d01af9637c646a924853e285947150ae79,997,Provisional technical; historical acceptance excluded,AuraProj terrain,ELEV-002; MAP-001; OSM-001; prototype contract; repository tooling,Project-authored; DTM CC BY 4.0; map public domain; OSM-derived overlay ODbL,UE 5.5.4 CL 40574608; pinned terrain Python environment
QA/UE_Import_Screenshots/Automation_Validation.json,c4ee774219f7235aef053369fa066950454a2bb5d90171211a730fee1e250be2,254,Provisional technical; historical acceptance excluded,AuraProj terrain,ELEV-002; MAP-001; OSM-001; prototype contract; repository tooling,Project-authored; DTM CC BY 4.0; map public domain; OSM-derived overlay ODbL,UE 5.5.4 CL 40574608; pinned terrain Python environment
QA/UE_Import_Screenshots/Capture_Settings.json,d4777c89d4df64c3ce1ad27934b28b9d90ab4c08bb897d0cb54d4bad6f148180,663,Provisional technical; historical acceptance excluded,AuraProj terrain,ELEV-002; MAP-001; OSM-001; prototype contract; repository tooling,Project-authored; DTM CC BY 4.0; map public domain; OSM-derived overlay ODbL,UE 5.5.4 CL 40574608; pinned terrain Python environment
QA/UE_Import_Screenshots/Creation_Validation.json,77a59bb8d4be4074bd03f88b6f2ed1f80ff056b8590f84b7d6d40ddcc5eac900,263,Provisional technical; historical acceptance excluded,AuraProj terrain,ELEV-002; MAP-001; OSM-001; prototype contract; repository tooling,Project-authored; DTM CC BY 4.0; map public domain; OSM-derived overlay ODbL,UE 5.5.4 CL 40574608; pinned terrain Python environment
QA/UE_Import_Screenshots/Import_Settings.json,7fd3210431c98d4370aac525913e9b8aab70718c50f7b3b589739113affa3038,1600,Provisional technical; historical acceptance excluded,AuraProj terrain,ELEV-002; MAP-001; OSM-001; prototype contract; repository tooling,Project-authored; DTM CC BY 4.0; map public domain; OSM-derived overlay ODbL,UE 5.5.4 CL 40574608; pinned terrain Python environment
QA/UE_Import_Screenshots/Reload_Validation.json,77a59bb8d4be4074bd03f88b6f2ed1f80ff056b8590f84b7d6d40ddcc5eac900,263,Provisional technical; historical acceptance excluded,AuraProj terrain,ELEV-002; MAP-001; OSM-001; prototype contract; repository tooling,Project-authored; DTM CC BY 4.0; map public domain; OSM-derived overlay ODbL,UE 5.5.4 CL 40574608; pinned terrain Python environment
QA/UE_Import_Screenshots/north-hills.png,3a24ef945d0a9be79aac128a3d57dd84390bf27fc824cbf603feefd6b476f5e6,631168,Provisional technical; historical acceptance excluded,AuraProj terrain,ELEV-002; MAP-001; OSM-001; prototype contract; repository tooling,Project-authored; DTM CC BY 4.0; map public domain; OSM-derived overlay ODbL,UE 5.5.4 CL 40574608; pinned terrain Python environment
QA/UE_Import_Screenshots/overview.png,c79425711eefb7f7c6606f233cce75afdd124e07c4e67715376522db45651e8c,393847,Provisional technical; historical acceptance excluded,AuraProj terrain,ELEV-002; MAP-001; OSM-001; prototype contract; repository tooling,Project-authored; DTM CC BY 4.0; map public domain; OSM-derived overlay ODbL,UE 5.5.4 CL 40574608; pinned terrain Python environment
QA/UE_Import_Screenshots/south-gate.png,e6644d732e8e1813dac566d5d85c82f0b37e7f2ffd70390b350da2d9d752b851,659710,Provisional technical; historical acceptance excluded,AuraProj terrain,ELEV-002; MAP-001; OSM-001; prototype contract; repository tooling,Project-authored; DTM CC BY 4.0; map public domain; OSM-derived overlay ODbL,UE 5.5.4 CL 40574608; pinned terrain Python environment
Scripts/ImportCantonProvisionalTerrain.py,0b21326315799646406908581a3273bcb9a3ec9d2498fcff57db99dabfba0eed,6363,Provisional technical; historical acceptance excluded,AuraProj terrain,ELEV-002; MAP-001; OSM-001; prototype contract; repository tooling,Project-authored; DTM CC BY 4.0; map public domain; OSM-derived overlay ODbL,UE 5.5.4 CL 40574608; pinned terrain Python environment
Scripts/ReviewCantonProvisionalTerrain.py,af7a89feb673ca92f8b2af961f890c61813e738ebaae48e448ef2be24f426c2d,3511,Provisional technical; historical acceptance excluded,AuraProj terrain,ELEV-002; MAP-001; OSM-001; prototype contract; repository tooling,Project-authored; DTM CC BY 4.0; map public domain; OSM-derived overlay ODbL,UE 5.5.4 CL 40574608; pinned terrain Python environment
Scripts/prepare_canton_ue_import.py,dcf224081c6c650e25dc96064c03a2a6fc0c57b98e6404e6702dad500238b8c8,3284,Provisional technical; historical acceptance excluded,AuraProj terrain,ELEV-002; MAP-001; OSM-001; prototype contract; repository tooling,Project-authored; DTM CC BY 4.0; map public domain; OSM-derived overlay ODbL,UE 5.5.4 CL 40574608; pinned terrain Python environment
Scripts/refresh_canton_native_manifest.py,e0520469408346854c266f7d339f1b2d7835bf0fc1e3d91d7f27e16164fd389e,2651,Provisional technical; historical acceptance excluded,AuraProj terrain,ELEV-002; MAP-001; OSM-001; prototype contract; repository tooling,Project-authored; DTM CC BY 4.0; map public domain; OSM-derived overlay ODbL,UE 5.5.4 CL 40574608; pinned terrain Python environment
Scripts/run_canton_provisional_review.sh,f4ca6c48df27ef1483d1043cef7139ae101cd7992a7928b4f131f63e9b194077,2302,Provisional technical; historical acceptance excluded,AuraProj terrain,ELEV-002; MAP-001; OSM-001; prototype contract; repository tooling,Project-authored; DTM CC BY 4.0; map public domain; OSM-derived overlay ODbL,UE 5.5.4 CL 40574608; pinned terrain Python environment
Scripts/test_canton_m01_readiness.py,faecc7c39cb79d8d71f108ed71f0f09cf03ea4351d974c1d0a303385db639812,2142,Provisional technical; historical acceptance excluded,AuraProj terrain,ELEV-002; MAP-001; OSM-001; prototype contract; repository tooling,Project-authored; DTM CC BY 4.0; map public domain; OSM-derived overlay ODbL,UE 5.5.4 CL 40574608; pinned terrain Python environment
Scripts/test_canton_ue_import_contract.py,4d244869353739fbcd323919b5fc02c9be1ec22088e7ae6cfd712ddc0820aea6,2679,Provisional technical; historical acceptance excluded,AuraProj terrain,ELEV-002; MAP-001; OSM-001; prototype contract; repository tooling,Project-authored; DTM CC BY 4.0; map public domain; OSM-derived overlay ODbL,UE 5.5.4 CL 40574608; pinned terrain Python environment
Source/AuraEditor/AuraEditor.Build.cs,fd9bbd7d2b7df13d26e0c4e544f1d36e1025833feb255018510379d82ca4a6fa,751,Provisional technical; historical acceptance excluded,AuraProj terrain,ELEV-002; MAP-001; OSM-001; prototype contract; repository tooling,Project-authored; DTM CC BY 4.0; map public domain; OSM-derived overlay ODbL,UE 5.5.4 CL 40574608; pinned terrain Python environment
Source/AuraEditor/Private/Terrain/CantonTerrainLibrary.cpp,e14961d750af29ab27d1c0ce9e2d6a6f5743cbebfcbcbb14b51a99a10e4bfe24,8566,Provisional technical; historical acceptance excluded,AuraProj terrain,ELEV-002; MAP-001; OSM-001; prototype contract; repository tooling,Project-authored; DTM CC BY 4.0; map public domain; OSM-derived overlay ODbL,UE 5.5.4 CL 40574608; pinned terrain Python environment
Source/AuraEditor/Private/Tests/CantonTerrainTests.cpp,5d9d3d01f5f6b4994dfcc467c8fa3f9e0a82494289e1153691b6b9da4975aa78,2138,Provisional technical; historical acceptance excluded,AuraProj terrain,ELEV-002; MAP-001; OSM-001; prototype contract; repository tooling,Project-authored; DTM CC BY 4.0; map public domain; OSM-derived overlay ODbL,UE 5.5.4 CL 40574608; pinned terrain Python environment
Source/AuraEditor/Public/Terrain/CantonTerrainLibrary.h,92074118ad72bd0c602606e3835ccabfbacefc73271c925ef9b23d004386cc4d,829,Provisional technical; historical acceptance excluded,AuraProj terrain,ELEV-002; MAP-001; OSM-001; prototype contract; repository tooling,Project-authored; DTM CC BY 4.0; map public domain; OSM-derived overlay ODbL,UE 5.5.4 CL 40574608; pinned terrain Python environment
