path,sha256,bytes,historical_status,engine
Build/Mac/AuraProj.PackageVersionCounter,1810181ea62f28dbde24bd7fcc1fc450730659dc99adf3fd18494f8c31b72807,5,D_PROVISIONAL_ENGINEERING_ONLY,UE 5.5.4 CL 40574608
Content/Assets/Environment/GuangzhouLandmarks/Wenmingmen/BP_Wenmingmen.uasset,c1207352493d5784c4289e26623d4a3643f19a1302668f0a35046a94bc9c06e4,42857,D_PROVISIONAL_ENGINEERING_ONLY,UE 5.5.4 CL 40574608
Content/Assets/Environment/GuangzhouLandmarks/Wenmingmen/Materials/M_foliage.uasset,d121b938bf75c66c7253125245dd20c6f8d7e100475b1894542829a88b84ec8b,6717,D_PROVISIONAL_ENGINEERING_ONLY,UE 5.5.4 CL 40574608
Content/Assets/Environment/GuangzhouLandmarks/Wenmingmen/Materials/M_inscription_decal.uasset,d17094a38b53ed90971541d41ccb4a00cc8663cb701fbdb5ecb870a1a16af7e2,5264,D_PROVISIONAL_ENGINEERING_ONLY,UE 5.5.4 CL 40574608
Content/Assets/Environment/GuangzhouLandmarks/Wenmingmen/Materials/M_iron.uasset,44eb72792a2759cc54440bb122f9b84d510f73c54b74adbd5631a052b5df8cb0,6691,D_PROVISIONAL_ENGINEERING_ONLY,UE 5.5.4 CL 40574608
Content/Assets/Environment/GuangzhouLandmarks/Wenmingmen/Materials/M_limestone.uasset,fca0889745217046917db4401dc6373b6e1ee64a8be7425311d183f2a5417cc6,6746,D_PROVISIONAL_ENGINEERING_ONLY,UE 5.5.4 CL 40574608
Content/Assets/Environment/GuangzhouLandmarks/Wenmingmen/Materials/M_roof.uasset,9fa78185d8ef2c1af76e7c26f532b2819dae084cc548f498ac3fbc28805fa9ba,6733,D_PROVISIONAL_ENGINEERING_ONLY,UE 5.5.4 CL 40574608
Content/Assets/Environment/GuangzhouLandmarks/Wenmingmen/Materials/M_stone.uasset,afc68baa9fecc2b5681d5f99f7adccffe35aade98b88cb04b8833eaa7ec93527,6702,D_PROVISIONAL_ENGINEERING_ONLY,UE 5.5.4 CL 40574608
Content/Assets/Environment/GuangzhouLandmarks/Wenmingmen/Materials/M_water.uasset,81fb25afa4a6c7e404ac44ccf7186b8aeb61283053b713df1ca126a835cdef26,6653,D_PROVISIONAL_ENGINEERING_ONLY,UE 5.5.4 CL 40574608
Content/Assets/Environment/GuangzhouLandmarks/Wenmingmen/Materials/M_wood.uasset,25b44917b2e7d17e701379822d02c61ee7b72669dbe1a310fb36480ddf2021cd,6691,D_PROVISIONAL_ENGINEERING_ONLY,UE 5.5.4 CL 40574608
Content/Assets/Environment/GuangzhouLandmarks/Wenmingmen/Meshes/SceneImport_Wenmingmen_HighDetail.uasset,c157512500ba7674296a96985cf95c7a2c887b2911dedfed81b02fd6eb40abd2,187598,D_PROVISIONAL_ENGINEERING_ONLY,UE 5.5.4 CL 40574608
Content/Assets/Environment/GuangzhouLandmarks/Wenmingmen/Meshes/WM_foliage.uasset,be0071779568d7aebbbda461162241bc23f493d2067e20f461970b38f4d7e7a3,99172,D_PROVISIONAL_ENGINEERING_ONLY,UE 5.5.4 CL 40574608
Content/Assets/Environment/GuangzhouLandmarks/Wenmingmen/Meshes/WM_iron.uasset,ca15d8f201790a8244a095cd5ee1c036c595aa351bf6bfc89421adaea2099dfa,54744,D_PROVISIONAL_ENGINEERING_ONLY,UE 5.5.4 CL 40574608
Content/Assets/Environment/GuangzhouLandmarks/Wenmingmen/Meshes/WM_limestone.uasset,581935924c455af43f756d08744fe63e51c57914d27352926d08820dd63dc821,4503312,D_PROVISIONAL_ENGINEERING_ONLY,UE 5.5.4 CL 40574608
Content/Assets/Environment/GuangzhouLandmarks/Wenmingmen/Meshes/WM_plaque_inscription.uasset,df5bfafbe365f804203e234339933abc0cb1722d9f14750a0c6b7ac8f65e0f54,44652,D_PROVISIONAL_ENGINEERING_ONLY,UE 5.5.4 CL 40574608
Content/Assets/Environment/GuangzhouLandmarks/Wenmingmen/Meshes/WM_roof.uasset,9165dd408e87caf0bca83e337a63bf05d81c140b1146482d165c840a9a5e0546,24667086,D_PROVISIONAL_ENGINEERING_ONLY,UE 5.5.4 CL 40574608
Content/Assets/Environment/GuangzhouLandmarks/Wenmingmen/Meshes/WM_stone.uasset,4f5dd41016af7ff3b5b9d6d6c6f0f1f0691b7a87b4600ca94260b1f6ee58bb42,9573551,D_PROVISIONAL_ENGINEERING_ONLY,UE 5.5.4 CL 40574608
Content/Assets/Environment/GuangzhouLandmarks/Wenmingmen/Meshes/WM_water.uasset,491f031d605fdaa6eac88b6eb31324e6fa386ad768bb1e5969cc89459826e91c,44733,D_PROVISIONAL_ENGINEERING_ONLY,UE 5.5.4 CL 40574608
Content/Assets/Environment/GuangzhouLandmarks/Wenmingmen/Meshes/WM_wood.uasset,7e93b450130f1902a0976392c5b85abf8245e7fedda3b138b50fff3f625630f0,196569,D_PROVISIONAL_ENGINEERING_ONLY,UE 5.5.4 CL 40574608
Content/Assets/Environment/GuangzhouLandmarks/Wenmingmen/Textures/foliage_BaseColor.uasset,7cbd2308bea3da46e31843472af970b5948bfa29a7d2532fa67fc447c5eec40b,234931,D_PROVISIONAL_ENGINEERING_ONLY,UE 5.5.4 CL 40574608
Content/Assets/Environment/GuangzhouLandmarks/Wenmingmen/Textures/foliage_Normal.uasset,af913af1a1a9ce83c56d5e58891d431a2c3130bf5fecf2803b5e8a80745826c7,1233730,D_PROVISIONAL_ENGINEERING_ONLY,UE 5.5.4 CL 40574608
Content/Assets/Environment/GuangzhouLandmarks/Wenmingmen/Textures/foliage_ORM.uasset,ac6ec98e27b826bedf1ed95570d59264f44603fed29d72cabaa95b1b144d4742,509339,D_PROVISIONAL_ENGINEERING_ONLY,UE 5.5.4 CL 40574608
Content/Assets/Environment/GuangzhouLandmarks/Wenmingmen/Textures/iron_BaseColor.uasset,0c1cea72f85f34153a2d3e5f7b73f62850988b6e13517eb38d0e3ef22ecebe5a,182233,D_PROVISIONAL_ENGINEERING_ONLY,UE 5.5.4 CL 40574608
Content/Assets/Environment/GuangzhouLandmarks/Wenmingmen/Textures/iron_Normal.uasset,26c22480b62f93ce90e9c716f6dba135df7af7dd52dda9fbce32c286b2a2ee4f,1224766,D_PROVISIONAL_ENGINEERING_ONLY,UE 5.5.4 CL 40574608
Content/Assets/Environment/GuangzhouLandmarks/Wenmingmen/Textures/iron_ORM.uasset,bbbad1d050de4ae4942a58168f8ee1ecad25400a2b6da663d04a9cb93286ca0c,513519,D_PROVISIONAL_ENGINEERING_ONLY,UE 5.5.4 CL 40574608
Content/Assets/Environment/GuangzhouLandmarks/Wenmingmen/Textures/limestone_BaseColor.uasset,9fffed5773335f83042e2a9c09f8a1c4927916d97469665b84a09d4a08695d4c,2350953,D_PROVISIONAL_ENGINEERING_ONLY,UE 5.5.4 CL 40574608
Content/Assets/Environment/GuangzhouLandmarks/Wenmingmen/Textures/limestone_Normal.uasset,3fa50aab877fadfb8d520f1e5e89a83b3542598a74bfef1fc37540138f2235b5,8817185,D_PROVISIONAL_ENGINEERING_ONLY,UE 5.5.4 CL 40574608
Content/Assets/Environment/GuangzhouLandmarks/Wenmingmen/Textures/limestone_ORM.uasset,0e1a4e3131cc8cd04e4bbb1565c3f73cfb506d7929cb8be096120b1cdb2ad35c,3885738,D_PROVISIONAL_ENGINEERING_ONLY,UE 5.5.4 CL 40574608
Content/Assets/Environment/GuangzhouLandmarks/Wenmingmen/Textures/plaque_inscription_BaseColor.uasset,2b2f6b4ea76e41ce2957a7445ae3a8c62de7cbe7ff96fc1c1fef03212c0dc364,96822,D_PROVISIONAL_ENGINEERING_ONLY,UE 5.5.4 CL 40574608
Content/Assets/Environment/GuangzhouLandmarks/Wenmingmen/Textures/plaster_BaseColor.uasset,b06c86dffe84d4f6bbe56a47fa39b831e3ee6b8915fe0429f595c5347c58c6d2,800519,D_PROVISIONAL_ENGINEERING_ONLY,UE 5.5.4 CL 40574608
Content/Assets/Environment/GuangzhouLandmarks/Wenmingmen/Textures/plaster_Normal.uasset,43f4906cf01271c5d9a95941f9da5335ccb97073e84a18e82ea8a29aa36a8310,3898051,D_PROVISIONAL_ENGINEERING_ONLY,UE 5.5.4 CL 40574608
Content/Assets/Environment/GuangzhouLandmarks/Wenmingmen/Textures/plaster_ORM.uasset,0ea243a4a149416a60c54d45589c6bd368542f0e880566567b7d6c1855a5a797,1643421,D_PROVISIONAL_ENGINEERING_ONLY,UE 5.5.4 CL 40574608
Content/Assets/Environment/GuangzhouLandmarks/Wenmingmen/Textures/roof_BaseColor.uasset,6abdc7d461b42e0e97699d0cf2c257f96befdfadcd20d3dbb37488c8dfd32764,2357149,D_PROVISIONAL_ENGINEERING_ONLY,UE 5.5.4 CL 40574608
Content/Assets/Environment/GuangzhouLandmarks/Wenmingmen/Textures/roof_Normal.uasset,932d27ce3064282d0ad5215e99443afd6d937dca96df7e72030774bfad7928ab,8888859,D_PROVISIONAL_ENGINEERING_ONLY,UE 5.5.4 CL 40574608
Content/Assets/Environment/GuangzhouLandmarks/Wenmingmen/Textures/roof_ORM.uasset,6a22823eba3128649a9ac85f62fefce14d95f602877d3c3243e5df86fb930166,3900415,D_PROVISIONAL_ENGINEERING_ONLY,UE 5.5.4 CL 40574608
Content/Assets/Environment/GuangzhouLandmarks/Wenmingmen/Textures/stone_BaseColor.uasset,eaf11a17503054bd642934ce825d1a732f852ce53d5d488a3d56acab6e2731cd,2695149,D_PROVISIONAL_ENGINEERING_ONLY,UE 5.5.4 CL 40574608
Content/Assets/Environment/GuangzhouLandmarks/Wenmingmen/Textures/stone_Normal.uasset,4d3b91c5641e6ee53f377baa38e4d2685d13812b721ebb4aad9f2b33dbceea68,9728741,D_PROVISIONAL_ENGINEERING_ONLY,UE 5.5.4 CL 40574608
Content/Assets/Environment/GuangzhouLandmarks/Wenmingmen/Textures/stone_ORM.uasset,d6eec63fde786e87d9aafb0924a56de247d208da99a296d650a5587b4c849f9b,4226804,D_PROVISIONAL_ENGINEERING_ONLY,UE 5.5.4 CL 40574608
Content/Assets/Environment/GuangzhouLandmarks/Wenmingmen/Textures/water_BaseColor.uasset,20c57cb9b9000f6fc55c5bd8f0b2b347d1b9bca74dfa2672c1a7848c521077a5,98142,D_PROVISIONAL_ENGINEERING_ONLY,UE 5.5.4 CL 40574608
Content/Assets/Environment/GuangzhouLandmarks/Wenmingmen/Textures/water_Normal.uasset,f6131f024a0ca10ed7b2d808fd6f1c969e89a5685f91ba9fc41a8cf283b101c7,1007173,D_PROVISIONAL_ENGINEERING_ONLY,UE 5.5.4 CL 40574608
Content/Assets/Environment/GuangzhouLandmarks/Wenmingmen/Textures/water_ORM.uasset,3ade7e353bf63252ba1359ae1ef91f4f8a45c49021aace13cab8aeb7e0098bcb,512706,D_PROVISIONAL_ENGINEERING_ONLY,UE 5.5.4 CL 40574608
Content/Assets/Environment/GuangzhouLandmarks/Wenmingmen/Textures/wood_BaseColor.uasset,8958c322b0f9f84e2683f1255315946a02bc18812916d8520764c82469a0c1d2,2091155,D_PROVISIONAL_ENGINEERING_ONLY,UE 5.5.4 CL 40574608
Content/Assets/Environment/GuangzhouLandmarks/Wenmingmen/Textures/wood_Normal.uasset,258b7155d624ab2dfa6c6e757f13c2b160d611f2e8f5bed27d90fff7526b8ca2,7638805,D_PROVISIONAL_ENGINEERING_ONLY,UE 5.5.4 CL 40574608
Content/Assets/Environment/GuangzhouLandmarks/Wenmingmen/Textures/wood_ORM.uasset,6d50636961a989e6c0f5dfc247de10ad505a6156278c66adc31c87200229d224,3231417,D_PROVISIONAL_ENGINEERING_ONLY,UE 5.5.4 CL 40574608
Content/Canton/DistrictPrototype/Completion/Materials/MI_Canton_Damp.uasset,fe129c32b9909b520d689ccfc3cddc07af754b488fc9ffc176109c735930380d,6008,D_PROVISIONAL_ENGINEERING_ONLY,UE 5.5.4 CL 40574608
Content/Canton/DistrictPrototype/Completion/Materials/MI_Canton_Earth.uasset,e62f621a8d9d15a6ac2ab305411f0592a1004ccf71f860faf8aae0af6a6ffe3c,6321,D_PROVISIONAL_ENGINEERING_ONLY,UE 5.5.4 CL 40574608
Content/Canton/DistrictPrototype/Completion/Materials/MI_Canton_Grass.uasset,7787dca112cac754918c703f29f0b8825aa52a88f7e64a7e862c5a183e9fea52,6313,D_PROVISIONAL_ENGINEERING_ONLY,UE 5.5.4 CL 40574608
Content/Canton/DistrictPrototype/Completion/Materials/MI_Canton_Leaf.uasset,5e3eb2ad88bdb63c0f2c88cd62286e33c03f32647d1377049cb8e142e761a928,6196,D_PROVISIONAL_ENGINEERING_ONLY,UE 5.5.4 CL 40574608
Content/Canton/DistrictPrototype/Completion/Materials/MI_Canton_Pebble.uasset,5bafa27077eec84b1d86b122288457e15732c6c2dcce8d1edf22fe8362e6ded0,6486,D_PROVISIONAL_ENGINEERING_ONLY,UE 5.5.4 CL 40574608
Content/Canton/DistrictPrototype/Completion/Materials/MI_Canton_Stone.uasset,5f6a18e5dd458d2e6a324515a2054ccf07afd52e9ee86cbda58908e4823ba186,6486,D_PROVISIONAL_ENGINEERING_ONLY,UE 5.5.4 CL 40574608
Content/Canton/DistrictPrototype/Completion/Materials/M_Canton_Damp.uasset,305db481c644e388efebe2557c1aead72f163d6897cc8f5a3b0b9acf1df66c6a,20442,D_PROVISIONAL_ENGINEERING_ONLY,UE 5.5.4 CL 40574608
Content/Canton/DistrictPrototype/Completion/Materials/M_Canton_Earth.uasset,d8e6a134c46af107a1c2b582af1061673e6759f0714a04af715f54d6949eff5a,21566,D_PROVISIONAL_ENGINEERING_ONLY,UE 5.5.4 CL 40574608
Content/Canton/DistrictPrototype/Completion/Materials/M_Canton_Grass.uasset,5435b2fd3ce96ed38596abe3f47be45ddb6e70411dda585c2d4414ed2c326229,19121,D_PROVISIONAL_ENGINEERING_ONLY,UE 5.5.4 CL 40574608
Content/Canton/DistrictPrototype/Completion/Materials/M_Canton_Leaf.uasset,4a0ac57999d199088f62562b412b482bb0b44e191188d8d839c62af9680cc383,18962,D_PROVISIONAL_ENGINEERING_ONLY,UE 5.5.4 CL 40574608
Content/Canton/DistrictPrototype/Completion/Materials/M_Canton_Pebble.uasset,5f55717858360171c92bf5cae25fed786a49dc142b9a3c16292556e0fd2ad8f7,22186,D_PROVISIONAL_ENGINEERING_ONLY,UE 5.5.4 CL 40574608
Content/Canton/DistrictPrototype/Completion/Materials/M_Canton_Stone.uasset,8b183abb3a79b777f95706dae44fb41ba2f0cceabe9825cfcd69e496926cac64,21843,D_PROVISIONAL_ENGINEERING_ONLY,UE 5.5.4 CL 40574608
Content/Canton/DistrictPrototype/Completion/Materials/M_LandscapeColorDetail_Applied.uasset,1b4bdf50c033e17f1179e024766df565cb2e7ce7f35cf0bf1bfbefa5870f3c2e,12914,D_PROVISIONAL_ENGINEERING_ONLY,UE 5.5.4 CL 40574608
Content/Canton/DistrictPrototype/Completion/Materials/M_LandscapeDetail_Applied.uasset,cdb4c16a5f8d95704525427ce5d2539aeb3706bb871f0a3e773f8aeab67964ad,11056,D_PROVISIONAL_ENGINEERING_ONLY,UE 5.5.4 CL 40574608
Content/Canton/DistrictPrototype/Completion/Materials/PM_Canton_Damp.uasset,dd31515b6eb025ccc36ec70301c6d6e0a89eb223e119cb7c82ec327cf3fbbef8,1488,D_PROVISIONAL_ENGINEERING_ONLY,UE 5.5.4 CL 40574608
Content/Canton/DistrictPrototype/Completion/Materials/PM_Canton_Earth.uasset,e891d335362c3330c48b5adf921ef9689903762c9ed498e6852738cb1b464ef3,1493,D_PROVISIONAL_ENGINEERING_ONLY,UE 5.5.4 CL 40574608
Content/Canton/DistrictPrototype/Completion/Materials/PM_Canton_Grass.uasset,fb8e9226fe50045e967d33191212cbcb58cf737bc636a33fe0af8267146ef68d,1493,D_PROVISIONAL_ENGINEERING_ONLY,UE 5.5.4 CL 40574608
Content/Canton/DistrictPrototype/Completion/Materials/PM_Canton_Leaf.uasset,5db7a13c62c5398883b5063039b66314e6133d3534c3ee20906f4a8e5a7c8169,1488,D_PROVISIONAL_ENGINEERING_ONLY,UE 5.5.4 CL 40574608
Content/Canton/DistrictPrototype/Completion/Materials/PM_Canton_Pebble.uasset,9cb6b8b0ac794d054abfd69cf520e21b84e10fd0a8cc03939cf85d8eb4e10213,1498,D_PROVISIONAL_ENGINEERING_ONLY,UE 5.5.4 CL 40574608
Content/Canton/DistrictPrototype/Completion/Materials/PM_Canton_Stone.uasset,d1fa85db29bb3d0d510223ff4f8d5b7e6f27ee9b424d8907f2cf56a482870ea5,1493,D_PROVISIONAL_ENGINEERING_ONLY,UE 5.5.4 CL 40574608
Content/Canton/DistrictPrototype/Completion/Meshes/SM_Canton_DampPatch.uasset,35311aa9541e238d5218500b731649fce28533928384191ce743f4c538fa3651,25219,D_PROVISIONAL_ENGINEERING_ONLY,UE 5.5.4 CL 40574608
Content/Canton/DistrictPrototype/Completion/Meshes/SM_Canton_GrassTuft.uasset,8ace8803f3db78a964919a96fff96e57ba5068eb4acb3e7685155e9354d64b40,30827,D_PROVISIONAL_ENGINEERING_ONLY,UE 5.5.4 CL 40574608
Content/Canton/DistrictPrototype/Completion/Meshes/SM_Canton_Leaf.uasset,9be0669a082ee2ecf3a3d595c41ffb243a7a503dce7e8609ad16ef99f44c05b8,24571,D_PROVISIONAL_ENGINEERING_ONLY,UE 5.5.4 CL 40574608
Content/Canton/DistrictPrototype/Completion/Meshes/SM_Canton_Paving.uasset,b934ae578c3751dea1eda06a012fa0f98cb24d6bb2537fcac70e688f2ea6f6c9,33554,D_PROVISIONAL_ENGINEERING_ONLY,UE 5.5.4 CL 40574608
Content/Canton/DistrictPrototype/Completion/Meshes/SceneImport_SM_Canton_DampPatch.uasset,80d9f59d552068b05ee525d9bb82c8362ebe05d40f95ac2377b7eafc69a99eee,21179,D_PROVISIONAL_ENGINEERING_ONLY,UE 5.5.4 CL 40574608
Content/Canton/DistrictPrototype/Completion/Meshes/SceneImport_SM_Canton_GrassTuft.uasset,68db2835ade5c7cf97c9b4f1cbc568fd015f62e20043d2b24ecc2815211c2138,21177,D_PROVISIONAL_ENGINEERING_ONLY,UE 5.5.4 CL 40574608
Content/Canton/DistrictPrototype/Completion/Meshes/SceneImport_SM_Canton_Leaf.uasset,b19f4746bc13fa9ecdfc5d0defd927567334d6f4be8db5f7619f2e9795240d74,20777,D_PROVISIONAL_ENGINEERING_ONLY,UE 5.5.4 CL 40574608
Content/Canton/DistrictPrototype/Completion/Meshes/SceneImport_SM_Canton_Paving.uasset,a16f0e2c04c1f6e9ff1b30c99a55fdd95769a109265494a61d371b6a8f033591,20937,D_PROVISIONAL_ENGINEERING_ONLY,UE 5.5.4 CL 40574608
Content/Canton/DistrictPrototype/Completion/Textures/Earth_BaseColor.uasset,7b77f9ccd2c3c2dfa3a998284637eafc0e80c526f0ddd5ff72fa529d9e8dd6df,192462,D_PROVISIONAL_ENGINEERING_ONLY,UE 5.5.4 CL 40574608
Content/Canton/DistrictPrototype/Completion/Textures/Earth_Normal.uasset,9409114ca510cb377d39a6435e6556f8d9bf16e3892e44aaf4dd3be43ad667fa,470918,D_PROVISIONAL_ENGINEERING_ONLY,UE 5.5.4 CL 40574608
Content/Canton/DistrictPrototype/Completion/Textures/Earth_Roughness.uasset,e067e61faf93752f9e677ccfac3d7307f8589b897aafdb3436e7ffb669c9b3e0,68892,D_PROVISIONAL_ENGINEERING_ONLY,UE 5.5.4 CL 40574608
Content/Canton/DistrictPrototype/Completion/Textures/Pebble_BaseColor.uasset,2f62b4033ecf12875f5e118a3f1cdb44e6cd48098e37278d745c41477fb32d8f,194044,D_PROVISIONAL_ENGINEERING_ONLY,UE 5.5.4 CL 40574608
Content/Canton/DistrictPrototype/Completion/Textures/Pebble_Normal.uasset,a08ba0884dd6157fbc23abbb4b78316a5290bc5c94f798f6ac6e521c7ed8af3e,475468,D_PROVISIONAL_ENGINEERING_ONLY,UE 5.5.4 CL 40574608
Content/Canton/DistrictPrototype/Completion/Textures/Pebble_Roughness.uasset,0ff614f7eb9bca8871841007405afb7732b0c3f6fc0d2d86163fc2a6f8e451d1,68990,D_PROVISIONAL_ENGINEERING_ONLY,UE 5.5.4 CL 40574608
Content/Canton/DistrictPrototype/Completion/Textures/Stone_BaseColor.uasset,b194a6c72b3f651586674702bdb0bf17bc37900c6858f2e12272d32965847daa,192302,D_PROVISIONAL_ENGINEERING_ONLY,UE 5.5.4 CL 40574608
Content/Canton/DistrictPrototype/Completion/Textures/Stone_Normal.uasset,18cc3be80785638da84d926d517394a8b8cb15556a900b6f851d605191120f00,470572,D_PROVISIONAL_ENGINEERING_ONLY,UE 5.5.4 CL 40574608
Content/Canton/DistrictPrototype/Completion/Textures/Stone_Roughness.uasset,f550acd240f5613e6b82b6857008fd8b27d2b3072e7f9e633fbcbd2d33d91cb6,69095,D_PROVISIONAL_ENGINEERING_ONLY,UE 5.5.4 CL 40574608
Content/Canton/DistrictPrototype/Maps/L_Canton_District_PROVISIONAL.umap,70d0bbcb4675048265f7fdc532268c60a08a8d304c853c646bb6299c771079a7,13904,D_PROVISIONAL_ENGINEERING_ONLY,UE 5.5.4 CL 40574608
Content/Canton/DistrictPrototype/Maps/L_Canton_District_PROVISIONAL_HLODLayer_Instanced.uasset,35a8be762501fce9847a1fa8b67b9d328c1b776d7f6b92037ddf6351df97f936,2206,D_PROVISIONAL_ENGINEERING_ONLY,UE 5.5.4 CL 40574608
Content/Canton/DistrictPrototype/Maps/L_Canton_District_PROVISIONAL_HLODLayer_Merged.uasset,3043b215bda92137e1e742b7614a424107e134c12f2a267969e72ca07fa87f92,3461,D_PROVISIONAL_ENGINEERING_ONLY,UE 5.5.4 CL 40574608
Content/Canton/DistrictPrototype/Maps/L_Canton_District_PROVISIONAL_sharedassets/Damp_LayerInfo.uasset,c43f72e8e738e69d211682dd121355a38a309bf71eaf142f3ccb3c2e94cba632,1690,D_PROVISIONAL_ENGINEERING_ONLY,UE 5.5.4 CL 40574608
Content/Canton/DistrictPrototype/Maps/L_Canton_District_PROVISIONAL_sharedassets/Earth_LayerInfo.uasset,ddc359a58ddb3afd935c8d4a9c21ce7a073a804bddb45ccb2067338c7be557d9,1697,D_PROVISIONAL_ENGINEERING_ONLY,UE 5.5.4 CL 40574608
Content/Canton/DistrictPrototype/Maps/L_Canton_District_PROVISIONAL_sharedassets/Grass_LayerInfo.uasset,0daeafe65b5ca98138564394ee3cc7bb1967ed8b50140f40eec74cca4d3f1e73,1697,D_PROVISIONAL_ENGINEERING_ONLY,UE 5.5.4 CL 40574608
Content/Canton/DistrictPrototype/Maps/L_Canton_District_PROVISIONAL_sharedassets/Pebble_LayerInfo.uasset,8c608160228016b0888d4c6185cde1b0c492103d6e40b0ffcd25e093124e7e67,1704,D_PROVISIONAL_ENGINEERING_ONLY,UE 5.5.4 CL 40574608
Content/Canton/DistrictPrototype/Maps/L_Canton_District_PROVISIONAL_sharedassets/Soil_LayerInfo.uasset,084cdd02f0c9de1da002db0ba3c4bce08f6f7ffa4ca7174bd58157bae2ca79d7,1690,D_PROVISIONAL_ENGINEERING_ONLY,UE 5.5.4 CL 40574608
Content/Canton/DistrictPrototype/Maps/L_Canton_District_PROVISIONAL_sharedassets/Stone_LayerInfo.uasset,a9c6fe10b5aaea3fcbbbbe75cd8800a169c644046ed63ac7b1227b10db36f382,1697,D_PROVISIONAL_ENGINEERING_ONLY,UE 5.5.4 CL 40574608
Content/Canton/DistrictPrototype/Materials/M_District_Damp.uasset,88dbaee1a89cbd9b06d11a67aca011da33946222f7f48ddee7bab9d1229d9bb3,8656,D_PROVISIONAL_ENGINEERING_ONLY,UE 5.5.4 CL 40574608
Content/Canton/DistrictPrototype/Materials/M_District_Drain.uasset,cdcfdf8ee86f1281ceee42cbbe0d404f13a599ae64fdea14e15ecfb0d4645f9e,8932,D_PROVISIONAL_ENGINEERING_ONLY,UE 5.5.4 CL 40574608
Content/Canton/DistrictPrototype/Materials/M_District_Earth.uasset,3bd35b5c18bf179b95671028a1e27c8fc341461f8e6500a68dd6872582a22631,8989,D_PROVISIONAL_ENGINEERING_ONLY,UE 5.5.4 CL 40574608
Content/Canton/DistrictPrototype/Materials/M_District_Grass.uasset,35021786c9f9eb7c84403357d1ca87be52d5d3e2bffa2dcca510ab5730a8ba9e,9002,D_PROVISIONAL_ENGINEERING_ONLY,UE 5.5.4 CL 40574608
Content/Canton/DistrictPrototype/Materials/M_District_Pebble.uasset,6581bd0652ee6ae28c75da210d3ffaa68e27675b15960f110f12f038b785b468,9056,D_PROVISIONAL_ENGINEERING_ONLY,UE 5.5.4 CL 40574608
Content/Canton/DistrictPrototype/Materials/M_District_Plot.uasset,f8e699163ea532b361ab41c641b07143a91e843692f1cae8e47315931f2c0855,9075,D_PROVISIONAL_ENGINEERING_ONLY,UE 5.5.4 CL 40574608
Content/Canton/DistrictPrototype/Materials/M_District_Soil.uasset,4ee9b01e0284f4c66f93fb524211e0fd4476fd72a46185b3dfe01fb38a1a7365,8932,D_PROVISIONAL_ENGINEERING_ONLY,UE 5.5.4 CL 40574608
Content/Canton/DistrictPrototype/Materials/M_District_Stone.uasset,066bb39d5659d51d22db2d1f279c30535dc24c73dd6040797513625b491a01c2,8748,D_PROVISIONAL_ENGINEERING_ONLY,UE 5.5.4 CL 40574608
Content/Canton/DistrictPrototype/Terrain/M_Canton_Landscape_PROVISIONAL.uasset,fba7fd71524216a60caf017e0c1faeba5ac7bd8d0ba5f985bf40ccc7d7088719,37167,D_PROVISIONAL_ENGINEERING_ONLY,UE 5.5.4 CL 40574608
Content/Canton/Provisional/Maps/L_Canton_WalledCity_PROVISIONAL.umap,7690fa9b2021a0a1d4e1df7a500b11e004fa54bb260477d234fe7b5e2bcf9d94,13892,D_PROVISIONAL_ENGINEERING_ONLY,UE 5.5.4 CL 40574608
Content/Canton/Provisional/Maps/L_Canton_WalledCity_PROVISIONAL_HLODLayer_Instanced.uasset,7b75762b46ea746fcd3ce4e8f81d01f6be313c208226887fa173aedad5ec975a,2202,D_PROVISIONAL_ENGINEERING_ONLY,UE 5.5.4 CL 40574608
Content/Canton/Provisional/Maps/L_Canton_WalledCity_PROVISIONAL_HLODLayer_Merged.uasset,9ab8b68edb23f3b4a8cd7d75909a16b5d39903688406411d11d32dc13aa9c131,3459,D_PROVISIONAL_ENGINEERING_ONLY,UE 5.5.4 CL 40574608
Content/Canton/Provisional/Terrain/MI_Diagnostic_PROVISIONAL.uasset,7922900a0727d2ecf22bdb0e5bc1cefea8c8fe1d0b4e07684545076289dcbe73,6318,D_PROVISIONAL_ENGINEERING_ONLY,UE 5.5.4 CL 40574608
Content/Canton/Provisional/Terrain/M_Diagnostic_PROVISIONAL.uasset,f8b7c954f398794a3b761752c875a7301bde8e597c340f8b437b7c5c18a535c3,8823,D_PROVISIONAL_ENGINEERING_ONLY,UE 5.5.4 CL 40574608
Content/Canton/Provisional/Terrain/M_GateMarkers_PROVISIONAL.uasset,a544114cd8d5f5b8611e382e606ce41565bc7981a05b337a4181a0563db455cf,9586,D_PROVISIONAL_ENGINEERING_ONLY,UE 5.5.4 CL 40574608
Content/Canton/Provisional/Terrain/M_WallMarkers_PROVISIONAL.uasset,30b93e1a73e0f8ec0b580f88a88779bfb50dbe9eaeade596d6cb4ecdeb9f7c3f,9446,D_PROVISIONAL_ENGINEERING_ONLY,UE 5.5.4 CL 40574608
Content/__ExternalActors__/Canton/DistrictPrototype/Maps/L_Canton_District_PROVISIONAL/0/04/B2K2MJZUCU4GMOTJE3ZF2P.uasset,7a79df4fb09ea00025a498e5c79ecbe4b8d1d66c5558902818fcc2d6b3636d52,4461,D_PROVISIONAL_ENGINEERING_ONLY,UE 5.5.4 CL 40574608
Content/__ExternalActors__/Canton/DistrictPrototype/Maps/L_Canton_District_PROVISIONAL/0/1A/VHCZKN2NOIZDDEDHZTER1S.uasset,80970b8665e6e2df3ac6c188f2b3c484ae5e1587ce3b91516ada1d7e5725970f,4315,D_PROVISIONAL_ENGINEERING_ONLY,UE 5.5.4 CL 40574608
Content/__ExternalActors__/Canton/DistrictPrototype/Maps/L_Canton_District_PROVISIONAL/0/1K/YEBT1AAFT68KYN6ZEK0CVC.uasset,f460532357322b9a15bdc4ab984054fcf0ee6f47531a66b75bab92fb273289a6,4433,D_PROVISIONAL_ENGINEERING_ONLY,UE 5.5.4 CL 40574608
Content/__ExternalActors__/Canton/DistrictPrototype/Maps/L_Canton_District_PROVISIONAL/0/1O/1NFLKR6PT0FNX817VJ7U8C.uasset,532749327110f7fc6b511031ee9691fba7f020e853e0801fc395d5a0815de62a,4455,D_PROVISIONAL_ENGINEERING_ONLY,UE 5.5.4 CL 40574608
Content/__ExternalActors__/Canton/DistrictPrototype/Maps/L_Canton_District_PROVISIONAL/0/1Q/LAIHUXUNV27K3C4ND15MMZ.uasset,6ddb0038b143dd7c218c70e78b32222c8c702f48cf40e558e577f2ff9c6f0db4,4457,D_PROVISIONAL_ENGINEERING_ONLY,UE 5.5.4 CL 40574608
Content/__ExternalActors__/Canton/DistrictPrototype/Maps/L_Canton_District_PROVISIONAL/0/23/HPH2WF7LNL6T3T7RKRC2CA.uasset,1e63e001daf117726b8c9c834829399ef0c7b39ef88748f0c9272d6e4c419454,4315,D_PROVISIONAL_ENGINEERING_ONLY,UE 5.5.4 CL 40574608
Content/__ExternalActors__/Canton/DistrictPrototype/Maps/L_Canton_District_PROVISIONAL/0/3N/REQA35I73KUW5II1QXFUSK.uasset,56635d48c10ac27def96535eb589f84beadb0e66bf98932327be737b488d9d90,4216,D_PROVISIONAL_ENGINEERING_ONLY,UE 5.5.4 CL 40574608
Content/__ExternalActors__/Canton/DistrictPrototype/Maps/L_Canton_District_PROVISIONAL/0/56/TDRVR6V01C1X38OEIVOOKW.uasset,27ad1369de541701462d8367c5051482e4b4a54248d9edf7e88e89a649dffd22,4459,D_PROVISIONAL_ENGINEERING_ONLY,UE 5.5.4 CL 40574608
Content/__ExternalActors__/Canton/DistrictPrototype/Maps/L_Canton_District_PROVISIONAL/0/63/94KF6GR9WDSF5KH2MVAKFR.uasset,f98ff38129b24cc585c27c49f35c5975798b3ddbe4e6bd6474e518eb8ca81166,4433,D_PROVISIONAL_ENGINEERING_ONLY,UE 5.5.4 CL 40574608
Content/__ExternalActors__/Canton/DistrictPrototype/Maps/L_Canton_District_PROVISIONAL/0/69/FPE60EXAI9NQ3IVNRYAS4H.uasset,de3e204a13c3ad2c691e8e5c401cee0da418be0e6d91332be87d5622b12f69cc,4423,D_PROVISIONAL_ENGINEERING_ONLY,UE 5.5.4 CL 40574608
Content/__ExternalActors__/Canton/DistrictPrototype/Maps/L_Canton_District_PROVISIONAL/0/6G/HCIZSXWERNLCTVNWT7CEBQ.uasset,b3906aecb4660eaec40b5a38193cfe6432409e7905f1965138cc98fb40cd47b8,4457,D_PROVISIONAL_ENGINEERING_ONLY,UE 5.5.4 CL 40574608
Content/__ExternalActors__/Canton/DistrictPrototype/Maps/L_Canton_District_PROVISIONAL/0/71/R5VP33H8B7QGTSEQVPNHS2.uasset,499656e405301b42d382145e4d49dfc5e4bfa6212a51920ca59bbcde2103f510,4461,D_PROVISIONAL_ENGINEERING_ONLY,UE 5.5.4 CL 40574608
Content/__ExternalActors__/Canton/DistrictPrototype/Maps/L_Canton_District_PROVISIONAL/0/7C/JZDW5PHZK1P7FZ1M3NSX0Q.uasset,f0ff1dcc115a9d98562514d3c6c67833cedbb470b0995d1187c10ed3439d4840,4455,D_PROVISIONAL_ENGINEERING_ONLY,UE 5.5.4 CL 40574608
Content/__ExternalActors__/Canton/DistrictPrototype/Maps/L_Canton_District_PROVISIONAL/0/8Q/6IYPV0GODW95FGDDCU697J.uasset,b0f583a983b7a9456c9f72726243c987452512f9d40161481fc3f50238ba0d06,4216,D_PROVISIONAL_ENGINEERING_ONLY,UE 5.5.4 CL 40574608
Content/__ExternalActors__/Canton/DistrictPrototype/Maps/L_Canton_District_PROVISIONAL/0/8X/XJSZ15FJ2XSJX8MTB56R7D.uasset,c9b2fc44f7b850a509c2ab2f6eebf516ab6818bd8eba45d1bf9606e5d33ad10f,4476,D_PROVISIONAL_ENGINEERING_ONLY,UE 5.5.4 CL 40574608
Content/__ExternalActors__/Canton/DistrictPrototype/Maps/L_Canton_District_PROVISIONAL/0/90/PIVX6OI77953OYZK11JROH.uasset,4268fa32633aebd324253105e7a57da9471c0fce627340b24ada1f4574e41e6c,4423,D_PROVISIONAL_ENGINEERING_ONLY,UE 5.5.4 CL 40574608
Content/__ExternalActors__/Canton/DistrictPrototype/Maps/L_Canton_District_PROVISIONAL/0/AC/QHGYZ8D7J7LGX1JEPX0C75.uasset,c2e1d3692dee584543d470a80a27371cc5bdf9f891b3a641cc850959330d8b13,4461,D_PROVISIONAL_ENGINEERING_ONLY,UE 5.5.4 CL 40574608
Content/__ExternalActors__/Canton/DistrictPrototype/Maps/L_Canton_District_PROVISIONAL/0/AG/L4IKQZVQDCZ8N1R4KEGGFL.uasset,f12c020ab819deef614024cde6af0d3f4ff7802967e8db07b0fbe16072fef76d,4457,D_PROVISIONAL_ENGINEERING_ONLY,UE 5.5.4 CL 40574608
Content/__ExternalActors__/Canton/DistrictPrototype/Maps/L_Canton_District_PROVISIONAL/0/C4/PUTT6N8DVFUWPTNTMHP74A.uasset,1234b118c7e9fe53aabe48abbd4e98a0da7b71df9ad2a84b4d535872fd99ca30,4461,D_PROVISIONAL_ENGINEERING_ONLY,UE 5.5.4 CL 40574608
Content/__ExternalActors__/Canton/DistrictPrototype/Maps/L_Canton_District_PROVISIONAL/0/CO/K07Z3653XEH5J5F8P8C0D5.uasset,f9feb22bf8b409640c9a7523d3fce8a3a6785c5fd720acd1e8cddbda5ba72a2c,4459,D_PROVISIONAL_ENGINEERING_ONLY,UE 5.5.4 CL 40574608
Content/__ExternalActors__/Canton/DistrictPrototype/Maps/L_Canton_District_PROVISIONAL/0/D8/6U3PE7IFV2Y1K1WF2X4BS2.uasset,bba15b9cbfdc47121fbd14bafdbb7d4f560d5e0016636e63fefb994d99896304,4476,D_PROVISIONAL_ENGINEERING_ONLY,UE 5.5.4 CL 40574608
Content/__ExternalActors__/Canton/DistrictPrototype/Maps/L_Canton_District_PROVISIONAL/0/DF/7STFOREQ7XKDL6R0TBIE01.uasset,48721880da750a0abfe21bca9007ca5fc69cad60a7bf91c7cb840cc7caca0789,4461,D_PROVISIONAL_ENGINEERING_ONLY,UE 5.5.4 CL 40574608
Content/__ExternalActors__/Canton/DistrictPrototype/Maps/L_Canton_District_PROVISIONAL/0/DH/UR22A0S2Z3ZUGO8UU3LDOU.uasset,d342576a8f91502dd3191db2a8cd41c2159752b0d6104782219cf05bd1dd6528,4455,D_PROVISIONAL_ENGINEERING_ONLY,UE 5.5.4 CL 40574608
Content/__ExternalActors__/Canton/DistrictPrototype/Maps/L_Canton_District_PROVISIONAL/0/DP/3YGPL543XVBX5HVTT5HI71.uasset,fb57956c108b90b1dba3be6b14be6f5953b85a9b6ebe0199f419ea61eb5141ac,4423,D_PROVISIONAL_ENGINEERING_ONLY,UE 5.5.4 CL 40574608
Content/__ExternalActors__/Canton/DistrictPrototype/Maps/L_Canton_District_PROVISIONAL/0/DX/HEFI2DHHHI6UZLSTBEJ5FN.uasset,02a8972bb5cf82bbd360b7012736dd0061916dc777b92adc8173ec8bcbbdeabe,4476,D_PROVISIONAL_ENGINEERING_ONLY,UE 5.5.4 CL 40574608
Content/__ExternalActors__/Canton/DistrictPrototype/Maps/L_Canton_District_PROVISIONAL/0/DY/521KY30Q5NM3FZOHQCM05B.uasset,bf2528f94eeaaed164f1e87e6f999f75d58b16b3776fb2fa1f852d720ecf2ea0,4476,D_PROVISIONAL_ENGINEERING_ONLY,UE 5.5.4 CL 40574608
Content/__ExternalActors__/Canton/DistrictPrototype/Maps/L_Canton_District_PROVISIONAL/0/EO/ZOH4300IKBMB6A9NPDY929.uasset,3d5d6ddedd2e4c39c9d4538bb6f872a0f8e69fb18bb6294f9d21db700764b656,4461,D_PROVISIONAL_ENGINEERING_ONLY,UE 5.5.4 CL 40574608
Content/__ExternalActors__/Canton/DistrictPrototype/Maps/L_Canton_District_PROVISIONAL/0/F1/1KD9MDS0H55E7Y23E4KFTE.uasset,b625cd810a959dfb86f890feb9b10cb75fe1bcff0f96256153963388baa911c2,4253,D_PROVISIONAL_ENGINEERING_ONLY,UE 5.5.4 CL 40574608
Content/__ExternalActors__/Canton/DistrictPrototype/Maps/L_Canton_District_PROVISIONAL/0/F8/RP3DXMYEXLF99Z2BJUUAUG.uasset,f0d6e95af1721088211f4761288f4a14cb340f59df4061cee58c870a2e55deed,4476,D_PROVISIONAL_ENGINEERING_ONLY,UE 5.5.4 CL 40574608
Content/__ExternalActors__/Canton/DistrictPrototype/Maps/L_Canton_District_PROVISIONAL/0/FA/6LU41A27UP9SW41YMIXP7N.uasset,1d43240127cca7f2a597cd1b7993ec7661229c4142ee9ff6992ec5e61e5431a5,1319108,D_PROVISIONAL_ENGINEERING_ONLY,UE 5.5.4 CL 40574608
Content/__ExternalActors__/Canton/DistrictPrototype/Maps/L_Canton_District_PROVISIONAL/0/FG/44GH9JTZ5J0QDI2WMPD3TZ.uasset,e36ed5182f8b774a9ea487e8b28b6e02823dbca3586a287b2f44e0aae8f7bdeb,4459,D_PROVISIONAL_ENGINEERING_ONLY,UE 5.5.4 CL 40574608
Content/__ExternalActors__/Canton/DistrictPrototype/Maps/L_Canton_District_PROVISIONAL/0/FX/BD2UVZG7C4YT3LI2UBD73A.uasset,ff4d0e8165b72228629a9e1c35ac833644a946c418cc5231dcb0c9b0a9ed6aab,4455,D_PROVISIONAL_ENGINEERING_ONLY,UE 5.5.4 CL 40574608
Content/__ExternalActors__/Canton/DistrictPrototype/Maps/L_Canton_District_PROVISIONAL/0/GI/N3SF0Z9FCID849UUJIASYV.uasset,51e1783453fc6ae138778464956278543451c9a003cb90c912ba39381f176652,4423,D_PROVISIONAL_ENGINEERING_ONLY,UE 5.5.4 CL 40574608
Content/__ExternalActors__/Canton/DistrictPrototype/Maps/L_Canton_District_PROVISIONAL/0/GV/D3VG50BPX7ZZLCUSWUUW3C.uasset,f68ca1c32d5752443dab916dfd033a16948cfa64b787810886b4718101122e3c,4457,D_PROVISIONAL_ENGINEERING_ONLY,UE 5.5.4 CL 40574608
Content/__ExternalActors__/Canton/DistrictPrototype/Maps/L_Canton_District_PROVISIONAL/0/HB/97O76PTFR010ILBF3P9NXF.uasset,aceaaad3572f35df76c9cf2198e827687c11002ba13636206e4162fc853e380d,4476,D_PROVISIONAL_ENGINEERING_ONLY,UE 5.5.4 CL 40574608
Content/__ExternalActors__/Canton/DistrictPrototype/Maps/L_Canton_District_PROVISIONAL/0/HO/2TNFTQS4YCNEHG88G04OQ0.uasset,a4599767e3f42a070e70cb230402dd7c36f709a8afb16b4cf9929b24333537ab,4423,D_PROVISIONAL_ENGINEERING_ONLY,UE 5.5.4 CL 40574608
Content/__ExternalActors__/Canton/DistrictPrototype/Maps/L_Canton_District_PROVISIONAL/0/HP/QYH6SDX7RD6L2KOR4C0VG8.uasset,e59758f926f669bbe1903706118dc640d69cd325f9c9b370a59245c629fd8e78,4102,D_PROVISIONAL_ENGINEERING_ONLY,UE 5.5.4 CL 40574608
Content/__ExternalActors__/Canton/DistrictPrototype/Maps/L_Canton_District_PROVISIONAL/0/IF/8RCALIE3WRKIRNCO6XADQQ.uasset,53d09f346486ec11541025c89085d9e4fbefa06278ec5ea8d99f63bf9824f8b6,4433,D_PROVISIONAL_ENGINEERING_ONLY,UE 5.5.4 CL 40574608
Content/__ExternalActors__/Canton/DistrictPrototype/Maps/L_Canton_District_PROVISIONAL/0/LQ/13V9CI2LGUMXM087KBXF8B.uasset,4c75942e608b23c60c73fe335f1e5acf5ce6f40df4c81593c752c9597bf5cf42,4423,D_PROVISIONAL_ENGINEERING_ONLY,UE 5.5.4 CL 40574608
Content/__ExternalActors__/Canton/DistrictPrototype/Maps/L_Canton_District_PROVISIONAL/0/LZ/8TJZD7YRX5B6AWH60PVCY8.uasset,7bc8623168f5253b96aa3a4a8e40da8841ccb37b40bd24b9f60b8f474113045d,4315,D_PROVISIONAL_ENGINEERING_ONLY,UE 5.5.4 CL 40574608
Content/__ExternalActors__/Canton/DistrictPrototype/Maps/L_Canton_District_PROVISIONAL/0/M3/K93DYHOYEBH0O7I3O932OV.uasset,a1f034f9375e5d082fcd6ac612ef5bd551ad8ce343cdd4f439c02331056c71fb,4459,D_PROVISIONAL_ENGINEERING_ONLY,UE 5.5.4 CL 40574608
Content/__ExternalActors__/Canton/DistrictPrototype/Maps/L_Canton_District_PROVISIONAL/0/M6/BA46C0ZN6TV3U0PRQ4MXU9.uasset,a6dfb591229337fd669a41905d3173a36a8c9aa8fb2de2a02ed8a3db9b38c947,4455,D_PROVISIONAL_ENGINEERING_ONLY,UE 5.5.4 CL 40574608
Content/__ExternalActors__/Canton/DistrictPrototype/Maps/L_Canton_District_PROVISIONAL/0/N9/82NCPDX8D63OMT5OCO3Q2D.uasset,4d69a079176ed34bcf9c11be9e42432ad092e9b903dca7498004a6ac2a7a942d,4461,D_PROVISIONAL_ENGINEERING_ONLY,UE 5.5.4 CL 40574608
Content/__ExternalActors__/Canton/DistrictPrototype/Maps/L_Canton_District_PROVISIONAL/0/NH/YLJ9DQXC8JYU4M8N4810O1.uasset,d7cc979809fd8fe52b88c30fdc7a4f47697a79a0f5e2cbda1690d67005e70de8,4476,D_PROVISIONAL_ENGINEERING_ONLY,UE 5.5.4 CL 40574608
Content/__ExternalActors__/Canton/DistrictPrototype/Maps/L_Canton_District_PROVISIONAL/0/QG/0V8EK2OMKPUD1OM6CW0WX3.uasset,bcd2c0181c2fce33af17df2f8bc4f33eecdb71cf0accc4121509ebc828e32aed,4455,D_PROVISIONAL_ENGINEERING_ONLY,UE 5.5.4 CL 40574608
Content/__ExternalActors__/Canton/DistrictPrototype/Maps/L_Canton_District_PROVISIONAL/0/QM/DWE467XWK1MVO6I63L8X92.uasset,89153e71ad045a67fb4cf262f14ccd05bdd81e4d11a3ba892f71476ba0bc8c6c,4212,D_PROVISIONAL_ENGINEERING_ONLY,UE 5.5.4 CL 40574608
Content/__ExternalActors__/Canton/DistrictPrototype/Maps/L_Canton_District_PROVISIONAL/0/QS/R30THM452Y7309Z7HV0ZIN.uasset,cd819db67f42f19665dab1f6f9ab839f864f465ff9aca4e8c08ba840732717c5,4253,D_PROVISIONAL_ENGINEERING_ONLY,UE 5.5.4 CL 40574608
Content/__ExternalActors__/Canton/DistrictPrototype/Maps/L_Canton_District_PROVISIONAL/0/QX/QAO4Z8YVV38O31RFXQR5NB.uasset,441bcdc8b7654c6ceaa25f0ffaf54ff04a737637926fb0ddced5c7ffcb682f7a,4315,D_PROVISIONAL_ENGINEERING_ONLY,UE 5.5.4 CL 40574608
Content/__ExternalActors__/Canton/DistrictPrototype/Maps/L_Canton_District_PROVISIONAL/0/S1/M66TVEGBFM255FQON6QZOG.uasset,f07d710e4b995ed77512560f7f0810ff654e3be0bee16a74640eaf7574ef6674,4433,D_PROVISIONAL_ENGINEERING_ONLY,UE 5.5.4 CL 40574608
Content/__ExternalActors__/Canton/DistrictPrototype/Maps/L_Canton_District_PROVISIONAL/0/SB/1HMR7YY42AE1JV4P3YOBRA.uasset,9854b44ba1c57e2989216d9e8ee26686ff434280fe878abd6a284419e973be57,4459,D_PROVISIONAL_ENGINEERING_ONLY,UE 5.5.4 CL 40574608
Content/__ExternalActors__/Canton/DistrictPrototype/Maps/L_Canton_District_PROVISIONAL/0/SV/Q712V6NA39AHIRHV1B4QII.uasset,94e6a6e64a2d0338d91f303d5989996a99099c5d08ef269ec677acd7ab385d30,4455,D_PROVISIONAL_ENGINEERING_ONLY,UE 5.5.4 CL 40574608
Content/__ExternalActors__/Canton/DistrictPrototype/Maps/L_Canton_District_PROVISIONAL/0/TH/FSWHP3BZRDTHY2632PTGZN.uasset,be271c8a534db0fff65fab9e7de9a7c377d3ecbaf45297864ede7f5f12e9d654,4455,D_PROVISIONAL_ENGINEERING_ONLY,UE 5.5.4 CL 40574608
Content/__ExternalActors__/Canton/DistrictPrototype/Maps/L_Canton_District_PROVISIONAL/0/TS/AFWHA6Z756UCR94KI20EB4.uasset,fae51ae6113c85e758576434feac78edf4c4db160a3ce69063c598aa8101436a,4216,D_PROVISIONAL_ENGINEERING_ONLY,UE 5.5.4 CL 40574608
Content/__ExternalActors__/Canton/DistrictPrototype/Maps/L_Canton_District_PROVISIONAL/0/TZ/Y9XT3VV28MBUP3D7L2MN28.uasset,38510108c4a202d51a4973e47498d6ab43f4f2b954f38cb88cc7a566c0d2da80,4455,D_PROVISIONAL_ENGINEERING_ONLY,UE 5.5.4 CL 40574608
Content/__ExternalActors__/Canton/DistrictPrototype/Maps/L_Canton_District_PROVISIONAL/0/UC/L10X2L358JU5V4LMDFJR9J.uasset,a5d3c130fc90495d76636a3e28f9ca37387efaa550487ff805535e5920bcdff8,4455,D_PROVISIONAL_ENGINEERING_ONLY,UE 5.5.4 CL 40574608
Content/__ExternalActors__/Canton/DistrictPrototype/Maps/L_Canton_District_PROVISIONAL/0/WQ/ISFNVEBCZWSTDQH8X1N64B.uasset,cd65637633afc09810c4450743f95c9ab2a09270e128f6eabb5effe4ada3b727,4457,D_PROVISIONAL_ENGINEERING_ONLY,UE 5.5.4 CL 40574608
Content/__ExternalActors__/Canton/DistrictPrototype/Maps/L_Canton_District_PROVISIONAL/0/WZ/8Z57Z01G9YDQXVLKRLKHCW.uasset,a07a1a125f873f11b13ab15b5d865a3fe188ad6361b10f4e71cd6be8e4bce2c9,4459,D_PROVISIONAL_ENGINEERING_ONLY,UE 5.5.4 CL 40574608
Content/__ExternalActors__/Canton/DistrictPrototype/Maps/L_Canton_District_PROVISIONAL/0/X3/9CITP971QJH7ITT0KKTNEP.uasset,500a3b1cb4ffb3af6573f5ea1de86cacc587dcf53a27b381e6b6ab72ae643c60,4457,D_PROVISIONAL_ENGINEERING_ONLY,UE 5.5.4 CL 40574608
Content/__ExternalActors__/Canton/DistrictPrototype/Maps/L_Canton_District_PROVISIONAL/0/XP/FRHXQ924GM562PVZX0EXKE.uasset,6c3cd6b3671e0741d18222a1073337d56ca3b30b78432b2919800863a01a2efa,2752,D_PROVISIONAL_ENGINEERING_ONLY,UE 5.5.4 CL 40574608
Content/__ExternalActors__/Canton/DistrictPrototype/Maps/L_Canton_District_PROVISIONAL/0/Y1/R31DI3Y4HV5CF3NEA1764G.uasset,8875e76b0afc66da93b1717fce15e60df185195b3b1428f9dc9c5e3c31478fd1,4457,D_PROVISIONAL_ENGINEERING_ONLY,UE 5.5.4 CL 40574608
Content/__ExternalActors__/Canton/DistrictPrototype/Maps/L_Canton_District_PROVISIONAL/0/YO/JJA5HZLDBHW7OXYC77BY8L.uasset,1b0950b39f77f1fc30e560711d76384f96c983f3e3fc4bfde2d2146619a8b23f,4455,D_PROVISIONAL_ENGINEERING_ONLY,UE 5.5.4 CL 40574608
Content/__ExternalActors__/Canton/DistrictPrototype/Maps/L_Canton_District_PROVISIONAL/0/YP/V8RZ8RJS3T52WQBHCM4VLR.uasset,a2e37c2d4da54dc610925fce81feddbf96e413c3f3cc8b0792fd2a42990c9ed6,4423,D_PROVISIONAL_ENGINEERING_ONLY,UE 5.5.4 CL 40574608
Content/__ExternalActors__/Canton/DistrictPrototype/Maps/L_Canton_District_PROVISIONAL/0/ZB/CDSSPMJNS35D1TA487JD53.uasset,c5a7beb86cca1edad1fa61dc01a22f05f5d8483ce21f578aadcf7a795c3d24d7,4253,D_PROVISIONAL_ENGINEERING_ONLY,UE 5.5.4 CL 40574608
Content/__ExternalActors__/Canton/DistrictPrototype/Maps/L_Canton_District_PROVISIONAL/1/13/EFJVGA3HZP4IN4NW5TOP03.uasset,91e62d49f708cc88c3447de146af8a2b03fd53d7940c24b80346cd4e3a4a52d2,4212,D_PROVISIONAL_ENGINEERING_ONLY,UE 5.5.4 CL 40574608
Content/__ExternalActors__/Canton/DistrictPrototype/Maps/L_Canton_District_PROVISIONAL/1/2C/44Z33P382DO2T7QRXILJU4.uasset,942825f39b0fbb36230bd448dd3460e5319bc6db745d71e412bc923d228f9a5f,4455,D_PROVISIONAL_ENGINEERING_ONLY,UE 5.5.4 CL 40574608
Content/__ExternalActors__/Canton/DistrictPrototype/Maps/L_Canton_District_PROVISIONAL/1/2Q/EGAP14LY8XF7X2JJILNMJR.uasset,7d8348e6e3d8f0c5e667c68b859b04ca2a1aeaa0e9d74b8c880bda607f731555,4433,D_PROVISIONAL_ENGINEERING_ONLY,UE 5.5.4 CL 40574608
Content/__ExternalActors__/Canton/DistrictPrototype/Maps/L_Canton_District_PROVISIONAL/1/3L/Z5D62MNZSQPZ7XJUHI5GM9.uasset,8b216eea9f764c86a7df96988f48cccb737edf2e0824ea0f9ac474d82e35b5e5,4423,D_PROVISIONAL_ENGINEERING_ONLY,UE 5.5.4 CL 40574608
Content/__ExternalActors__/Canton/DistrictPrototype/Maps/L_Canton_District_PROVISIONAL/1/3M/QSELMGZ6NS8NOKNXNQYT84.uasset,fc95c4ba03070b1753ebec0c34d2bed18e7e8ff3725ef16fdffe3be5a8d89dc8,4216,D_PROVISIONAL_ENGINEERING_ONLY,UE 5.5.4 CL 40574608
Content/__ExternalActors__/Canton/DistrictPrototype/Maps/L_Canton_District_PROVISIONAL/1/3S/80ITC6GEQ1RQQ07GQ9GOF8.uasset,b45f1618c2d355e64d2833fed06917291048632013daaf488d6ffbe4cb562023,4461,D_PROVISIONAL_ENGINEERING_ONLY,UE 5.5.4 CL 40574608
Content/__ExternalActors__/Canton/DistrictPrototype/Maps/L_Canton_District_PROVISIONAL/1/5G/D71ZGDINNA7P5DTMXOL2RG.uasset,f24a31548c3c1b7c41f6278e1bfe8478302dbfd58f6b0da7498c4a47d3368fc9,4216,D_PROVISIONAL_ENGINEERING_ONLY,UE 5.5.4 CL 40574608
Content/__ExternalActors__/Canton/DistrictPrototype/Maps/L_Canton_District_PROVISIONAL/1/6N/D2QZU2NYDR0ACYYYOHPWI3.uasset,d159c21465b95f515c41824ebde8c2128e473dd293acc75ba1c70da0e4d2f4b9,4423,D_PROVISIONAL_ENGINEERING_ONLY,UE 5.5.4 CL 40574608
Content/__ExternalActors__/Canton/DistrictPrototype/Maps/L_Canton_District_PROVISIONAL/1/70/DQVKHS990G16C93W1DX0FZ.uasset,cb6f0170962d8860ba529284c55417b6765fd1e73ccc3cbb9abb8c5af8f6da91,4423,D_PROVISIONAL_ENGINEERING_ONLY,UE 5.5.4 CL 40574608
Content/__ExternalActors__/Canton/DistrictPrototype/Maps/L_Canton_District_PROVISIONAL/1/70/R9GKBH7H8YNIQOCMGRMXKV.uasset,5714fe767c7c2d4118e9dfed96b7cac7bbad3106339b85d2b3bd4532d1295cb8,4476,D_PROVISIONAL_ENGINEERING_ONLY,UE 5.5.4 CL 40574608
Content/__ExternalActors__/Canton/DistrictPrototype/Maps/L_Canton_District_PROVISIONAL/1/76/ANTFMM8CPGMJCMW514V3RT.uasset,d2f78060c7e38fd98c205679b3a082a7b1a01b4254869dc6a8015319deb0c982,4476,D_PROVISIONAL_ENGINEERING_ONLY,UE 5.5.4 CL 40574608
Content/__ExternalActors__/Canton/DistrictPrototype/Maps/L_Canton_District_PROVISIONAL/1/8S/HU9ESPDD4S76E0QAIXRG3A.uasset,6123ec23bdbe330766feb01553f5ff6c5d353176c7bc9f44a3ca23894d38d55c,4476,D_PROVISIONAL_ENGINEERING_ONLY,UE 5.5.4 CL 40574608
Content/__ExternalActors__/Canton/DistrictPrototype/Maps/L_Canton_District_PROVISIONAL/1/8T/F5L64HDK2AAEH4YRWQUO31.uasset,4693c6de70f95e8f45bde7444dfb4406df68f65ee51909689bec037879f6f369,4457,D_PROVISIONAL_ENGINEERING_ONLY,UE 5.5.4 CL 40574608
Content/__ExternalActors__/Canton/DistrictPrototype/Maps/L_Canton_District_PROVISIONAL/1/8V/G7EIRQPB0CSCPHAQZUEQ45.uasset,e42c94a80747afcb66bc7c208b19fcbc3a8c5cf47b6a72ea3ac530b9e8e9aba8,4253,D_PROVISIONAL_ENGINEERING_ONLY,UE 5.5.4 CL 40574608
Content/__ExternalActors__/Canton/DistrictPrototype/Maps/L_Canton_District_PROVISIONAL/1/9J/4EA6JWLVDR8L37JJS1CSMO.uasset,07036aae2a3190b8d31215d3e394e48f60b4aacda099276d29932198f0b0c983,4459,D_PROVISIONAL_ENGINEERING_ONLY,UE 5.5.4 CL 40574608
Content/__ExternalActors__/Canton/DistrictPrototype/Maps/L_Canton_District_PROVISIONAL/1/9K/OTDFY10SFZUTR5Y7ZBW8FR.uasset,cd29c7c6f916884f8fe92f43999805fdc947a85443c0a765dc4e31093b97ef1a,4423,D_PROVISIONAL_ENGINEERING_ONLY,UE 5.5.4 CL 40574608
Content/__ExternalActors__/Canton/DistrictPrototype/Maps/L_Canton_District_PROVISIONAL/1/9R/MC1CQARQFF8B23WB1YI0EU.uasset,4f7829df2b0f4c2a2f443ef5ba752bb86e31afafe35f2d622ed42009f8cc5ae1,26079526,D_PROVISIONAL_ENGINEERING_ONLY,UE 5.5.4 CL 40574608
Content/__ExternalActors__/Canton/DistrictPrototype/Maps/L_Canton_District_PROVISIONAL/1/A8/CBIWOFY1U8CIC96SQK0L53.uasset,975064c66e5faf61b097122b08f5ef72ab4b9d2bee940ef0d62a7e362df01be0,4253,D_PROVISIONAL_ENGINEERING_ONLY,UE 5.5.4 CL 40574608
Content/__ExternalActors__/Canton/DistrictPrototype/Maps/L_Canton_District_PROVISIONAL/1/AV/DSCPPN8NZRQ74X00Y3O87R.uasset,8c6c764d824cf7d36c2a830f70510684af11dae216886ef12dcecd9b2ff12350,4459,D_PROVISIONAL_ENGINEERING_ONLY,UE 5.5.4 CL 40574608
Content/__ExternalActors__/Canton/DistrictPrototype/Maps/L_Canton_District_PROVISIONAL/1/B4/ZHESZ0WPCKAT4KJE8628CT.uasset,7f31be5e6b9e5f8a352323ea20d369012aa931cb0678f4e4ad7757050d4afe85,4216,D_PROVISIONAL_ENGINEERING_ONLY,UE 5.5.4 CL 40574608
Content/__ExternalActors__/Canton/DistrictPrototype/Maps/L_Canton_District_PROVISIONAL/1/CD/WWBVC7LRN92KGRXMCKO3MD.uasset,242e843ae0e461e838c171a0fb61c6993f17f6e0104e478ceb0acf9c5fa89f29,4461,D_PROVISIONAL_ENGINEERING_ONLY,UE 5.5.4 CL 40574608
Content/__ExternalActors__/Canton/DistrictPrototype/Maps/L_Canton_District_PROVISIONAL/1/CS/HAUUVJX5LFU1QMQU9EZGK3.uasset,8715823eac6d14dc0c73f766530cf4e0add8143f5b567090a2a8132303907a77,4457,D_PROVISIONAL_ENGINEERING_ONLY,UE 5.5.4 CL 40574608
Content/__ExternalActors__/Canton/DistrictPrototype/Maps/L_Canton_District_PROVISIONAL/1/EK/OJM14GPXMNNB6CYXO991VP.uasset,113ec11ca5da30ded7c8e83048c7d69eea3ce87441bc7565b448fbbf9aaf68cf,4253,D_PROVISIONAL_ENGINEERING_ONLY,UE 5.5.4 CL 40574608
Content/__ExternalActors__/Canton/DistrictPrototype/Maps/L_Canton_District_PROVISIONAL/1/GN/310UHTDSO5XET9YUX6JIAK.uasset,f6aaf1695cdfa7f7669052c413f649a0f96ce5f95ffde1a2551bb4a95676b912,4461,D_PROVISIONAL_ENGINEERING_ONLY,UE 5.5.4 CL 40574608
Content/__ExternalActors__/Canton/DistrictPrototype/Maps/L_Canton_District_PROVISIONAL/1/GS/J1WKVQYJ40BZO0ZRDHR222.uasset,ec55be2f93ce67ccd624aa6f13b35f284d5ba567f5db6781ba2f75b363491898,4457,D_PROVISIONAL_ENGINEERING_ONLY,UE 5.5.4 CL 40574608
Content/__ExternalActors__/Canton/DistrictPrototype/Maps/L_Canton_District_PROVISIONAL/1/IB/BCHVK9AT07EMCAC1PFG095.uasset,d289ecbedf33f0b9f73646c53a0817146ffc0fda68f328821778d92ce8f4a9c0,4476,D_PROVISIONAL_ENGINEERING_ONLY,UE 5.5.4 CL 40574608
Content/__ExternalActors__/Canton/DistrictPrototype/Maps/L_Canton_District_PROVISIONAL/1/ID/RV40GPV6VV15AH4KLQO5WX.uasset,311eb248d320af272800ebd8e7eef357f4e07b063f056a7ebafa7552c026415d,4457,D_PROVISIONAL_ENGINEERING_ONLY,UE 5.5.4 CL 40574608
Content/__ExternalActors__/Canton/DistrictPrototype/Maps/L_Canton_District_PROVISIONAL/1/JA/UQ9W5SA7O7O1RSEI163XXC.uasset,b68e1de79405ed23f105d41c483cf36dbc6e9f022a97593d4396950d5f6fdce8,4455,D_PROVISIONAL_ENGINEERING_ONLY,UE 5.5.4 CL 40574608
Content/__ExternalActors__/Canton/DistrictPrototype/Maps/L_Canton_District_PROVISIONAL/1/JJ/YWXI2AJT96R7FGN5BAOQ77.uasset,c0af1225ebdd05ecd9f45e57a0ee02f03335a773995c9b783cebe461d7ece27d,4457,D_PROVISIONAL_ENGINEERING_ONLY,UE 5.5.4 CL 40574608
Content/__ExternalActors__/Canton/DistrictPrototype/Maps/L_Canton_District_PROVISIONAL/1/JM/NJ2CHH7OICC63JHDDK9O9P.uasset,4170959d0137edc902d61fe83fb26423750ea4e07b0ae4a971d93521a296581f,4461,D_PROVISIONAL_ENGINEERING_ONLY,UE 5.5.4 CL 40574608
Content/__ExternalActors__/Canton/DistrictPrototype/Maps/L_Canton_District_PROVISIONAL/1/LC/IWVO5SBLTCE46AIAHCMDLH.uasset,7f0c2334eb9916d479d3a5019fdec324ded84b4486e86d2189a0b6dee875c8e8,4457,D_PROVISIONAL_ENGINEERING_ONLY,UE 5.5.4 CL 40574608
Content/__ExternalActors__/Canton/DistrictPrototype/Maps/L_Canton_District_PROVISIONAL/1/M0/PK4OH5HWJJXL8G2C1JH5KB.uasset,b0b4673f89b9640ea11726ca00ba1a6ceca5552aa732ab605b3ed4699c7c509e,4461,D_PROVISIONAL_ENGINEERING_ONLY,UE 5.5.4 CL 40574608
Content/__ExternalActors__/Canton/DistrictPrototype/Maps/L_Canton_District_PROVISIONAL/1/MS/OTIBZE34TOBJLQYL44IZTW.uasset,a7ec4dbacd74491e5013afbb306633d258b3ab268f6c7821e6c1094c708504a6,4476,D_PROVISIONAL_ENGINEERING_ONLY,UE 5.5.4 CL 40574608
Content/__ExternalActors__/Canton/DistrictPrototype/Maps/L_Canton_District_PROVISIONAL/1/ND/788EEXJB7Q5W2Z336E5MCR.uasset,ca119cdcc21fddd6d3fee13c377ff9a8172c23ccac03389fb06d1e90e1df5659,4457,D_PROVISIONAL_ENGINEERING_ONLY,UE 5.5.4 CL 40574608
Content/__ExternalActors__/Canton/DistrictPrototype/Maps/L_Canton_District_PROVISIONAL/1/NE/4XUA9UHSELC05RLRCCSTS0.uasset,6c4204a1cf500fc29beea1e1c22f631382750c0d40f7c4d773c93476b5aba9c2,4216,D_PROVISIONAL_ENGINEERING_ONLY,UE 5.5.4 CL 40574608
Content/__ExternalActors__/Canton/DistrictPrototype/Maps/L_Canton_District_PROVISIONAL/1/O3/Z5GUNAEWAYLTM3BEBBE5QP.uasset,ad0bf7180e4337e969e2410289f70a73f7cf136f63405f6eb0c5f43f83f3bd7f,4455,D_PROVISIONAL_ENGINEERING_ONLY,UE 5.5.4 CL 40574608
Content/__ExternalActors__/Canton/DistrictPrototype/Maps/L_Canton_District_PROVISIONAL/1/OL/GWZU8V3UW2H0WGR617HJMO.uasset,747e6cd3aeda946f2dec9e2f82553f56c7ef6970231912b4d9d89bd6b8f491b3,4216,D_PROVISIONAL_ENGINEERING_ONLY,UE 5.5.4 CL 40574608
Content/__ExternalActors__/Canton/DistrictPrototype/Maps/L_Canton_District_PROVISIONAL/1/PG/XML2RJZW5RMIGOCQFMODFN.uasset,82c79875231d1140e42f95b6d7cac9a4c699c4af54bc623445c9e9de1c1d2cf5,4457,D_PROVISIONAL_ENGINEERING_ONLY,UE 5.5.4 CL 40574608
Content/__ExternalActors__/Canton/DistrictPrototype/Maps/L_Canton_District_PROVISIONAL/1/QD/QGGQTWV1N1JW6P1NFIZGBB.uasset,d68e0364163dec8faab786a9e92844ee747d95b86452ee4773fc156f94f5dbfc,4455,D_PROVISIONAL_ENGINEERING_ONLY,UE 5.5.4 CL 40574608
Content/__ExternalActors__/Canton/DistrictPrototype/Maps/L_Canton_District_PROVISIONAL/1/RB/KGZT2LEJTQMT9C1TTO8FHO.uasset,25b7b93f0eed214c928755913188edf47c9f91ba749411f360b7b8544defacd6,4433,D_PROVISIONAL_ENGINEERING_ONLY,UE 5.5.4 CL 40574608
Content/__ExternalActors__/Canton/DistrictPrototype/Maps/L_Canton_District_PROVISIONAL/1/SC/X81QK9M5CIU1PMCEQSSGVO.uasset,f59644c91e26aa8c4027325fec73be1961b326f45a383bb138105d26e3620fe8,1339266,D_PROVISIONAL_ENGINEERING_ONLY,UE 5.5.4 CL 40574608
Content/__ExternalActors__/Canton/DistrictPrototype/Maps/L_Canton_District_PROVISIONAL/1/SR/H76HNUFY2E5RU03MFM6P3D.uasset,717404328fbc7c99047b6075f0d97d872b3371365bb9bacd37202f5e12d02808,4476,D_PROVISIONAL_ENGINEERING_ONLY,UE 5.5.4 CL 40574608
Content/__ExternalActors__/Canton/DistrictPrototype/Maps/L_Canton_District_PROVISIONAL/1/SY/C6U3IQZNPGELIHG5M2EJ4Q.uasset,f81576274448fde1b6b7b533511153d6800a11628fc1c20c71b31f50871d419a,4423,D_PROVISIONAL_ENGINEERING_ONLY,UE 5.5.4 CL 40574608
Content/__ExternalActors__/Canton/DistrictPrototype/Maps/L_Canton_District_PROVISIONAL/1/TV/RF1XHH1YO25WSLWBWP3E2G.uasset,9a58d4e1a657dd5921f70e9304f204dd54df1f38a7718d245c3b754b76482ca4,4476,D_PROVISIONAL_ENGINEERING_ONLY,UE 5.5.4 CL 40574608
Content/__ExternalActors__/Canton/DistrictPrototype/Maps/L_Canton_District_PROVISIONAL/1/US/MRWFMH0JLFALBEM4XSOR2B.uasset,45140a32e75cc8e1e98d86613db1815858fa94eb5ca1b8886da173645a711fba,9650,D_PROVISIONAL_ENGINEERING_ONLY,UE 5.5.4 CL 40574608
Content/__ExternalActors__/Canton/DistrictPrototype/Maps/L_Canton_District_PROVISIONAL/1/UU/FRTD2S4HT0E67KZNLLZA9L.uasset,0252f11040f2ae6d18e0c2e013eae3b44703a8b1f8ed7cf5619250f5c631f4ce,4455,D_PROVISIONAL_ENGINEERING_ONLY,UE 5.5.4 CL 40574608
Content/__ExternalActors__/Canton/DistrictPrototype/Maps/L_Canton_District_PROVISIONAL/1/UX/XUW7DB3KI1JSJWOIBM1OEI.uasset,8a7f5b1496448819a7623ec41748ae02a2d57627104454e6d8781c968fc3a75a,4253,D_PROVISIONAL_ENGINEERING_ONLY,UE 5.5.4 CL 40574608
Content/__ExternalActors__/Canton/DistrictPrototype/Maps/L_Canton_District_PROVISIONAL/1/VC/UNJSB2NCAZZ17MSQ96ASPN.uasset,a0113657335518cfa860f66d6b45e5e55c1919dbad0d57d197f876d3484e6587,4423,D_PROVISIONAL_ENGINEERING_ONLY,UE 5.5.4 CL 40574608
Content/__ExternalActors__/Canton/DistrictPrototype/Maps/L_Canton_District_PROVISIONAL/1/VD/GBLM9D93H4IRRBT5F0W9ZK.uasset,ec5f811c1706bfc9046297632cf8f1763f573e1c2cc2d9677c789f65d4a684ca,4167,D_PROVISIONAL_ENGINEERING_ONLY,UE 5.5.4 CL 40574608
Content/__ExternalActors__/Canton/DistrictPrototype/Maps/L_Canton_District_PROVISIONAL/1/ZW/SM1BK9FK9FE2VMFH4F2DTJ.uasset,62a5bccf9461f69aad5806ea9391c3522b0fd13c3a902dfa002ee839362c7d49,4455,D_PROVISIONAL_ENGINEERING_ONLY,UE 5.5.4 CL 40574608
Content/__ExternalActors__/Canton/DistrictPrototype/Maps/L_Canton_District_PROVISIONAL/2/01/WQ0W9KS674I9OE27NV3PEA.uasset,170217ff33cbe9aa04a4c9e3784b9c817a80dddd82d892086758178554ee687f,4457,D_PROVISIONAL_ENGINEERING_ONLY,UE 5.5.4 CL 40574608
Content/__ExternalActors__/Canton/DistrictPrototype/Maps/L_Canton_District_PROVISIONAL/2/03/VBD0MKOTUMXP4ZXCBZMN00.uasset,1ceecec51a6d0b9f1e11e68e952cf1ec433086610bdd4afb4803ffa6f026122f,4216,D_PROVISIONAL_ENGINEERING_ONLY,UE 5.5.4 CL 40574608
Content/__ExternalActors__/Canton/DistrictPrototype/Maps/L_Canton_District_PROVISIONAL/2/0U/4Q8UZPXPRWJBKBBGWY17SI.uasset,8644dbd849f631211e7de99f133f50e0149170fa56ee9231c45f85f49d7a07b0,4476,D_PROVISIONAL_ENGINEERING_ONLY,UE 5.5.4 CL 40574608
Content/__ExternalActors__/Canton/DistrictPrototype/Maps/L_Canton_District_PROVISIONAL/2/1L/WKLHWTRLB41ZEQ2A9M4XQS.uasset,af8f65f5069e3a4ed961aa96d77e141ce0590427c9dc1a94f381846f338f3a14,4476,D_PROVISIONAL_ENGINEERING_ONLY,UE 5.5.4 CL 40574608
Content/__ExternalActors__/Canton/DistrictPrototype/Maps/L_Canton_District_PROVISIONAL/2/2S/002H0IWO3Y65LZY9CHX975.uasset,c6a39938ba105102026cad09417a6268bf49e4c84566e230cafdff82842bbcf0,4455,D_PROVISIONAL_ENGINEERING_ONLY,UE 5.5.4 CL 40574608
Content/__ExternalActors__/Canton/DistrictPrototype/Maps/L_Canton_District_PROVISIONAL/2/2Y/2I0J8E1SV8QYSTURYIOFQ7.uasset,1390156fc0277bf47d93f0bea15246357e1ba8ff0aa5b5eedbade8916521310c,4461,D_PROVISIONAL_ENGINEERING_ONLY,UE 5.5.4 CL 40574608
Content/__ExternalActors__/Canton/DistrictPrototype/Maps/L_Canton_District_PROVISIONAL/2/42/WW2B61D3EW3GWC2GEGGS5M.uasset,0ef9fcc656aba425c54e4c257410523fbe9874f9625231d0a63eb07a6c9a346b,4455,D_PROVISIONAL_ENGINEERING_ONLY,UE 5.5.4 CL 40574608
Content/__ExternalActors__/Canton/DistrictPrototype/Maps/L_Canton_District_PROVISIONAL/2/4O/T76E5MYXXW3UKYBD4MM9SC.uasset,d47f814afcfde67558f39b282cdd1dae6fec1245d0ff26ecc7f79dcfa5c55d15,4455,D_PROVISIONAL_ENGINEERING_ONLY,UE 5.5.4 CL 40574608
Content/__ExternalActors__/Canton/DistrictPrototype/Maps/L_Canton_District_PROVISIONAL/2/7X/OOR59NTWED9T9HU7QO1EYV.uasset,52009b8cd6cc2fba2d114dd87b7ede9b640a07d0d1faf35760d0fb43cac8b995,1413152,D_PROVISIONAL_ENGINEERING_ONLY,UE 5.5.4 CL 40574608
Content/__ExternalActors__/Canton/DistrictPrototype/Maps/L_Canton_District_PROVISIONAL/2/AZ/EDJ51ZYI57DVVABDI4IHP2.uasset,ed523e4e8bcf262fc8a9c276e9f149c4e8e968273063ec41f6f23ff39c77bd57,4457,D_PROVISIONAL_ENGINEERING_ONLY,UE 5.5.4 CL 40574608
Content/__ExternalActors__/Canton/DistrictPrototype/Maps/L_Canton_District_PROVISIONAL/2/CI/HBOII0O6UNFSW29TOH5H4E.uasset,1940e25ef62b78b642ad994a28ca512f63d82805ae32d426e36b50610d5c7f7f,4423,D_PROVISIONAL_ENGINEERING_ONLY,UE 5.5.4 CL 40574608
Content/__ExternalActors__/Canton/DistrictPrototype/Maps/L_Canton_District_PROVISIONAL/2/DK/TQ9ULN7X1ISQN0TFH5GXS0.uasset,ca7f933f3decb999374583d711de727c3f61be5b773206673ddcacce950c6e17,4476,D_PROVISIONAL_ENGINEERING_ONLY,UE 5.5.4 CL 40574608
Content/__ExternalActors__/Canton/DistrictPrototype/Maps/L_Canton_District_PROVISIONAL/2/EM/C5PUDF2A7MZKIVYCSM01ZO.uasset,7ebecddb73f726505f45578cfd806d14c083b2ee8f5df249d0c8b9612cfa9d12,4461,D_PROVISIONAL_ENGINEERING_ONLY,UE 5.5.4 CL 40574608
Content/__ExternalActors__/Canton/DistrictPrototype/Maps/L_Canton_District_PROVISIONAL/2/EU/XQK5BNPOF451ARKXH08OTV.uasset,604188c910b6824be74fe53139e6a7f872f8352c2f96df2281beeb4a93fc2d18,4457,D_PROVISIONAL_ENGINEERING_ONLY,UE 5.5.4 CL 40574608
Content/__ExternalActors__/Canton/DistrictPrototype/Maps/L_Canton_District_PROVISIONAL/2/FE/UVF5KL7L64S56746U7XIIA.uasset,446793d9d85978dbc9f0eac1efde50c81b981eb9c0a552b318dfd2dcee6d776f,4423,D_PROVISIONAL_ENGINEERING_ONLY,UE 5.5.4 CL 40574608
Content/__ExternalActors__/Canton/DistrictPrototype/Maps/L_Canton_District_PROVISIONAL/2/H2/8XU2VRGNO4NCJYX9NFI70F.uasset,11e6d113013b16059abe616ab0bfc2ecb56c9ec6adebcc797d0c023660b1b385,4459,D_PROVISIONAL_ENGINEERING_ONLY,UE 5.5.4 CL 40574608
Content/__ExternalActors__/Canton/DistrictPrototype/Maps/L_Canton_District_PROVISIONAL/2/H8/IV1G2KSH6Y59BP10G6BNPK.uasset,4d408755771f90ac379c9cf567793dfac24e4884ed6c6ca9473243b70558f8c4,4461,D_PROVISIONAL_ENGINEERING_ONLY,UE 5.5.4 CL 40574608
Content/__ExternalActors__/Canton/DistrictPrototype/Maps/L_Canton_District_PROVISIONAL/2/H9/LH22RJXB7CZBE85IOOL03W.uasset,0127bd66d9506e88234cc8f2225566b49a1775cf316bcfc48ccb07aeea15e8fe,4476,D_PROVISIONAL_ENGINEERING_ONLY,UE 5.5.4 CL 40574608
Content/__ExternalActors__/Canton/DistrictPrototype/Maps/L_Canton_District_PROVISIONAL/2/HH/IJ6L6ZVXNLH77PYA7QI9Q1.uasset,a6d6154bca15d6fc8db135a51e208927ed1ed34839b23d0cafb0e934e6b979f9,4476,D_PROVISIONAL_ENGINEERING_ONLY,UE 5.5.4 CL 40574608
Content/__ExternalActors__/Canton/DistrictPrototype/Maps/L_Canton_District_PROVISIONAL/2/HY/Q1MFJPQ2PJVGUP0E2RYYSR.uasset,62eb74f6015c2426c5719fe3e92f2783900def708538af8613febdc731d97f21,4433,D_PROVISIONAL_ENGINEERING_ONLY,UE 5.5.4 CL 40574608
Content/__ExternalActors__/Canton/DistrictPrototype/Maps/L_Canton_District_PROVISIONAL/2/HZ/X2H5DMLC5I5LC7NZMPSSC0.uasset,687d34e20f3d03b015655da22f440f28388eefe628745f8a6940b900a0d264a2,4457,D_PROVISIONAL_ENGINEERING_ONLY,UE 5.5.4 CL 40574608
Content/__ExternalActors__/Canton/DistrictPrototype/Maps/L_Canton_District_PROVISIONAL/2/IK/ULKP0M9VZ48C8JLB8H3HD2.uasset,26f564fabb742eb9b564f8328704891eca8eeea72fe081c287c1e996ddad8ed0,4461,D_PROVISIONAL_ENGINEERING_ONLY,UE 5.5.4 CL 40574608
Content/__ExternalActors__/Canton/DistrictPrototype/Maps/L_Canton_District_PROVISIONAL/2/JD/E9K6JQPBBBI6AOFHWVUDTV.uasset,ed30f188d82f1e0b9efddce820da5914900afc53474c6d2b6594a2c253c3abfa,4476,D_PROVISIONAL_ENGINEERING_ONLY,UE 5.5.4 CL 40574608
Content/__ExternalActors__/Canton/DistrictPrototype/Maps/L_Canton_District_PROVISIONAL/2/JI/G3972PDM8B726UOWF3YBS7.uasset,117733f3f6f4b51cabeeaf93ac5bf135a4bdcd80e4d7940247bbfe17be14fc38,4459,D_PROVISIONAL_ENGINEERING_ONLY,UE 5.5.4 CL 40574608
Content/__ExternalActors__/Canton/DistrictPrototype/Maps/L_Canton_District_PROVISIONAL/2/JT/C9OUXRGV57WAFP12GFOEQV.uasset,badfd4d9941c7f05e26a4d7afdc3372389ac551b1ea231b497e34c2d78dd95ba,4216,D_PROVISIONAL_ENGINEERING_ONLY,UE 5.5.4 CL 40574608
Content/__ExternalActors__/Canton/DistrictPrototype/Maps/L_Canton_District_PROVISIONAL/2/JU/WSPSV3YUTF77NZIUM5ZKX3.uasset,b75bfca9eda747968c7ea9927899c730af1d64428d57cfd9b09d18f336cf3879,4315,D_PROVISIONAL_ENGINEERING_ONLY,UE 5.5.4 CL 40574608
Content/__ExternalActors__/Canton/DistrictPrototype/Maps/L_Canton_District_PROVISIONAL/2/K1/AIK9W3411E6X8UKYBGDI2X.uasset,03d7705fa05f2283cc5cd0ea0ac3017618aa2964bb85b68e113e3cd13c2b079e,4423,D_PROVISIONAL_ENGINEERING_ONLY,UE 5.5.4 CL 40574608
Content/__ExternalActors__/Canton/DistrictPrototype/Maps/L_Canton_District_PROVISIONAL/2/K4/37115QHLS5T8MATO6TS2GM.uasset,1bb110b99760921f8a5089887b26b82c6b7aa8bc5ebb8031ce9647ddd5687a88,4459,D_PROVISIONAL_ENGINEERING_ONLY,UE 5.5.4 CL 40574608
Content/__ExternalActors__/Canton/DistrictPrototype/Maps/L_Canton_District_PROVISIONAL/2/KD/V75J50GCUG9VCOSE5JXI7N.uasset,2f62e90d99d16f363c9e5809f5ac7da58f3433c3b42ea481b53ba581b31be8aa,1409130,D_PROVISIONAL_ENGINEERING_ONLY,UE 5.5.4 CL 40574608
Content/__ExternalActors__/Canton/DistrictPrototype/Maps/L_Canton_District_PROVISIONAL/2/KH/PT3IT2BAE31RN54K6MBYCZ.uasset,a4d32a5ee6bd60135a887f183deea885b68e817ab9b6f3d525caf780e8cfb321,4433,D_PROVISIONAL_ENGINEERING_ONLY,UE 5.5.4 CL 40574608
Content/__ExternalActors__/Canton/DistrictPrototype/Maps/L_Canton_District_PROVISIONAL/2/KL/FT4O3HVI34HWJN3OMC5ZLM.uasset,f9a778e09b499dc4f3be14f2149c4100e4eb2736a48bb375cd2652d3de99ced9,4423,D_PROVISIONAL_ENGINEERING_ONLY,UE 5.5.4 CL 40574608
Content/__ExternalActors__/Canton/DistrictPrototype/Maps/L_Canton_District_PROVISIONAL/2/L5/6M17Y7GZTJ87J9WI3BAOO3.uasset,92bb8be86af4267f6fc8b7434d1453d3d9bf8036d74a6e761ac49fd09ca30712,4457,D_PROVISIONAL_ENGINEERING_ONLY,UE 5.5.4 CL 40574608
Content/__ExternalActors__/Canton/DistrictPrototype/Maps/L_Canton_District_PROVISIONAL/2/LR/MGCD1TYIZA0LY9KI26IAA8.uasset,dc83524bfa3ba21edf730458e65efd76aef2030fb5929c7bb940de30afb7d430,4457,D_PROVISIONAL_ENGINEERING_ONLY,UE 5.5.4 CL 40574608
Content/__ExternalActors__/Canton/DistrictPrototype/Maps/L_Canton_District_PROVISIONAL/2/M2/0R5WZYWY44R7ZQAUDMOTQ7.uasset,161fc721d7d67627bb69c7aa3b031a434188fe9ad825e91d3503c4c8e2a885eb,4455,D_PROVISIONAL_ENGINEERING_ONLY,UE 5.5.4 CL 40574608
Content/__ExternalActors__/Canton/DistrictPrototype/Maps/L_Canton_District_PROVISIONAL/2/MN/ZYVJY5IA5EYL20M6W4CZN4.uasset,87daef54f7c9902aa4dd0c6d3b683d183e42237a4c2da79cbc23e86ffd893f07,4457,D_PROVISIONAL_ENGINEERING_ONLY,UE 5.5.4 CL 40574608
Content/__ExternalActors__/Canton/DistrictPrototype/Maps/L_Canton_District_PROVISIONAL/2/MV/I3QJ5JH9XB3ZXQWNB6W1VJ.uasset,f88b29ac7133351fd9a22f0741c01b63729171f13fa86a18aa3e7ccec3d699e9,4476,D_PROVISIONAL_ENGINEERING_ONLY,UE 5.5.4 CL 40574608
Content/__ExternalActors__/Canton/DistrictPrototype/Maps/L_Canton_District_PROVISIONAL/2/MX/4XIACKOJDKJH0GAZX9JN06.uasset,b5a46519e759f577b0991b0881bf94ab4cfbdfe9260a39bae77600545b0db519,4423,D_PROVISIONAL_ENGINEERING_ONLY,UE 5.5.4 CL 40574608
Content/__ExternalActors__/Canton/DistrictPrototype/Maps/L_Canton_District_PROVISIONAL/2/NM/7QCNKI8OE4XQPWI6XA7O4J.uasset,e99a77f1a7f92bb6106abe5a2ad646775db030516a3893d49770f7182455d6e0,4423,D_PROVISIONAL_ENGINEERING_ONLY,UE 5.5.4 CL 40574608
Content/__ExternalActors__/Canton/DistrictPrototype/Maps/L_Canton_District_PROVISIONAL/2/NS/6S754R6PYKTS9V2AJJ274K.uasset,e314bd797b42460a5d30f9bf9686eec613c1f62f02220fbb689170cb95ca8cdf,1380171,D_PROVISIONAL_ENGINEERING_ONLY,UE 5.5.4 CL 40574608
Content/__ExternalActors__/Canton/DistrictPrototype/Maps/L_Canton_District_PROVISIONAL/2/PA/R4P835SVBAMRU439GAZRHX.uasset,6a014fca6683858d7e19b4bfeee64e80d98e281f10b8311004213389b7acf927,4457,D_PROVISIONAL_ENGINEERING_ONLY,UE 5.5.4 CL 40574608
Content/__ExternalActors__/Canton/DistrictPrototype/Maps/L_Canton_District_PROVISIONAL/2/PY/FHY41UUYPD4V77X2466KWE.uasset,bc12a6b0b4edf217b9eabf96ad515d6787b8fbcab38fdb4a6425bd4d01dcbe00,4457,D_PROVISIONAL_ENGINEERING_ONLY,UE 5.5.4 CL 40574608
Content/__ExternalActors__/Canton/DistrictPrototype/Maps/L_Canton_District_PROVISIONAL/2/R5/LGTPK870QIOPM5WYFSBB7D.uasset,bcb2e65a9eaf232f9b66abde708fddc6334047a6301d9b41c988720ef3a6e4d1,4433,D_PROVISIONAL_ENGINEERING_ONLY,UE 5.5.4 CL 40574608
Content/__ExternalActors__/Canton/DistrictPrototype/Maps/L_Canton_District_PROVISIONAL/2/S2/HZCUCUGGD47SLUHFR5YLFL.uasset,4d33ea850d8b40d77ba1e90144172b00aa68b7fc2c451bea8cfcb678da4e5388,4457,D_PROVISIONAL_ENGINEERING_ONLY,UE 5.5.4 CL 40574608
Content/__ExternalActors__/Canton/DistrictPrototype/Maps/L_Canton_District_PROVISIONAL/2/SK/CHUQHM3GTF4QHOY5E0G2JP.uasset,021d39d4a25eeb339bc6ec403a282c9d00b8cf84bf6af801406e4d0e9ed3f106,4457,D_PROVISIONAL_ENGINEERING_ONLY,UE 5.5.4 CL 40574608
Content/__ExternalActors__/Canton/DistrictPrototype/Maps/L_Canton_District_PROVISIONAL/2/SO/W1QRH1VI2ODU20RQI8D0ZJ.uasset,48842751493c4b28f14ac275cac593fe1eb80e16785c44260ccd317657712808,4315,D_PROVISIONAL_ENGINEERING_ONLY,UE 5.5.4 CL 40574608
Content/__ExternalActors__/Canton/DistrictPrototype/Maps/L_Canton_District_PROVISIONAL/2/SP/408OF23YF4HB7HNY3988FU.uasset,f1b3012dfaddcf2db9fb2c36c14ba67caab49669deff9cbd53830321e5e75dc0,4423,D_PROVISIONAL_ENGINEERING_ONLY,UE 5.5.4 CL 40574608
Content/__ExternalActors__/Canton/DistrictPrototype/Maps/L_Canton_District_PROVISIONAL/2/UB/TCQG4DVJNVITWLVM3OWHUC.uasset,c4b625929e4fa3e4fd4eb69168420cba6b588f1068a5ecf58270bf73fad35c2b,4423,D_PROVISIONAL_ENGINEERING_ONLY,UE 5.5.4 CL 40574608
Content/__ExternalActors__/Canton/DistrictPrototype/Maps/L_Canton_District_PROVISIONAL/2/UQ/UB054MXJFI0GY7S2EAP1HM.uasset,459c3a2597abe2b5d8431ac77a395615c85237f700a573c1508c05731c62dc77,4459,D_PROVISIONAL_ENGINEERING_ONLY,UE 5.5.4 CL 40574608
Content/__ExternalActors__/Canton/DistrictPrototype/Maps/L_Canton_District_PROVISIONAL/2/UU/W0EV5Q93TVI3T75O784Z1D.uasset,db82758ab26c287126e48f990abd2d6f4df624f2a81f9fedb264217232301203,4423,D_PROVISIONAL_ENGINEERING_ONLY,UE 5.5.4 CL 40574608
Content/__ExternalActors__/Canton/DistrictPrototype/Maps/L_Canton_District_PROVISIONAL/2/X8/20UEJHN676T48UGBZDVRG1.uasset,719407b286ec5a1b9252339dacc771cb6af11f11988d8268e7847bbfec5d4aaa,4459,D_PROVISIONAL_ENGINEERING_ONLY,UE 5.5.4 CL 40574608
Content/__ExternalActors__/Canton/DistrictPrototype/Maps/L_Canton_District_PROVISIONAL/2/XC/3YBG5K6QPIL34IU62ML9VJ.uasset,ae485eb590054418aacb42a8709146dd37213e95f6c418c7fbb983ed8392df61,4216,D_PROVISIONAL_ENGINEERING_ONLY,UE 5.5.4 CL 40574608
Content/__ExternalActors__/Canton/DistrictPrototype/Maps/L_Canton_District_PROVISIONAL/2/Y9/CZTJQV499XA5Z2N7DWPNC2.uasset,cdc55a05372799be9275ea22c153d191bf0f8a76ff3650ccfaa271e6f9f5d379,4315,D_PROVISIONAL_ENGINEERING_ONLY,UE 5.5.4 CL 40574608
Content/__ExternalActors__/Canton/DistrictPrototype/Maps/L_Canton_District_PROVISIONAL/2/Y9/O58ML7NBVC8CLMXX9IZ8W0.uasset,d95f293efc63e079058818b6fd927f9d60c470a9e34ce108cb59553baeb57a7f,4455,D_PROVISIONAL_ENGINEERING_ONLY,UE 5.5.4 CL 40574608
Content/__ExternalActors__/Canton/DistrictPrototype/Maps/L_Canton_District_PROVISIONAL/2/YS/YY1HAL8FE05DNWQTTQGWTS.uasset,52e75a0845d995a09cb627a22bc725fca23bdb9479b8153458a87c9c6f5993c6,4461,D_PROVISIONAL_ENGINEERING_ONLY,UE 5.5.4 CL 40574608
Content/__ExternalActors__/Canton/DistrictPrototype/Maps/L_Canton_District_PROVISIONAL/2/Z7/ANP1WKHFQDZJP62EAWI1SS.uasset,ab041d4402aeb45163fb83928b04207f69f562c3a9872e44cc4487cda7156e2c,4423,D_PROVISIONAL_ENGINEERING_ONLY,UE 5.5.4 CL 40574608
Content/__ExternalActors__/Canton/DistrictPrototype/Maps/L_Canton_District_PROVISIONAL/3/0K/X94FPJWKSYHTIF2XJ7WWUH.uasset,9401b77bd872fd9bf945ed8bf54b61c73ebb8fceea784e577758c3e50d373ed0,4476,D_PROVISIONAL_ENGINEERING_ONLY,UE 5.5.4 CL 40574608
Content/__ExternalActors__/Canton/DistrictPrototype/Maps/L_Canton_District_PROVISIONAL/3/1P/IBKZPN0SPI97EGQNFMYJCO.uasset,47fca76038257e331873fa43ee3e3c47c6bcb67c24a1fe67c7888070720e7078,4423,D_PROVISIONAL_ENGINEERING_ONLY,UE 5.5.4 CL 40574608
Content/__ExternalActors__/Canton/DistrictPrototype/Maps/L_Canton_District_PROVISIONAL/3/2C/1LVYK1IBPKPSRYKLQSD0HY.uasset,edaee23460909ab65cf426179a36eff1fe6c134d38029992f3e85fd010c215a8,4476,D_PROVISIONAL_ENGINEERING_ONLY,UE 5.5.4 CL 40574608
Content/__ExternalActors__/Canton/DistrictPrototype/Maps/L_Canton_District_PROVISIONAL/3/3F/09B1Y5VM03QGZ4XNJHMDUC.uasset,05b39010f7020b3cd0521a5202f55ae68eb4d1162620dc526c8b5a7a3aa66aa1,4315,D_PROVISIONAL_ENGINEERING_ONLY,UE 5.5.4 CL 40574608
Content/__ExternalActors__/Canton/DistrictPrototype/Maps/L_Canton_District_PROVISIONAL/3/43/28046AC4MADC3GZV2SM94P.uasset,2e9810d89991e70e9f5928de41f9723e9cd778772f1fab0add649a1769f88fce,4423,D_PROVISIONAL_ENGINEERING_ONLY,UE 5.5.4 CL 40574608
Content/__ExternalActors__/Canton/DistrictPrototype/Maps/L_Canton_District_PROVISIONAL/3/4B/WV6Q12K12NK1QNHUG42JCT.uasset,d14bd99a9c0964d61b5f698b540639e516d6ebeac57e7bbd81a1a93b25459976,11008,D_PROVISIONAL_ENGINEERING_ONLY,UE 5.5.4 CL 40574608
Content/__ExternalActors__/Canton/DistrictPrototype/Maps/L_Canton_District_PROVISIONAL/3/65/0HR2F5L9XL15B0P6ORWJNF.uasset,b252baa7f4b80937aaa515f876d5c0eceee4f8266156e3c584749e7ff54abccf,4212,D_PROVISIONAL_ENGINEERING_ONLY,UE 5.5.4 CL 40574608
Content/__ExternalActors__/Canton/DistrictPrototype/Maps/L_Canton_District_PROVISIONAL/3/6W/U351ZEEZ3FWOWV45H8GY25.uasset,fcdead6ceb83fb0eb193a998316317144ae6a9217cec864bddad391a80a840a6,4457,D_PROVISIONAL_ENGINEERING_ONLY,UE 5.5.4 CL 40574608
Content/__ExternalActors__/Canton/DistrictPrototype/Maps/L_Canton_District_PROVISIONAL/3/78/EVI7V03B12SFRZ7SZPJC8W.uasset,83f737a573cd928748cec3cf141688b307c34a483dc42cef126a0e271c0a260e,4212,D_PROVISIONAL_ENGINEERING_ONLY,UE 5.5.4 CL 40574608
Content/__ExternalActors__/Canton/DistrictPrototype/Maps/L_Canton_District_PROVISIONAL/3/7R/NWJL93YFYGNF8LLG384QA1.uasset,efdd817a9303d9ca1dcb65074604516a4a4743bfcc2a3bb73bb7a757c4a1ab0e,4476,D_PROVISIONAL_ENGINEERING_ONLY,UE 5.5.4 CL 40574608
Content/__ExternalActors__/Canton/DistrictPrototype/Maps/L_Canton_District_PROVISIONAL/3/8C/UV7M2EQ7K2D2Q93AQPTOK5.uasset,3342a80aa7f7d36cb9444fcc74a0ecaec90fa3a56caedded13f1c24ed4baad6e,4216,D_PROVISIONAL_ENGINEERING_ONLY,UE 5.5.4 CL 40574608
Content/__ExternalActors__/Canton/DistrictPrototype/Maps/L_Canton_District_PROVISIONAL/3/8G/YEJBBGT0IWR4EVHTKAQZWS.uasset,64233c271e9c171c6518af0b3ddf8d70d24cc0ee6faa65083d93274f2592ea91,4461,D_PROVISIONAL_ENGINEERING_ONLY,UE 5.5.4 CL 40574608
Content/__ExternalActors__/Canton/DistrictPrototype/Maps/L_Canton_District_PROVISIONAL/3/AI/K2GS3JW2XLMR3Z8KUMGP9Q.uasset,9099828857932117db82ba663d928614ba0ef83a2c0161bc758338f32e946ef6,4459,D_PROVISIONAL_ENGINEERING_ONLY,UE 5.5.4 CL 40574608
Content/__ExternalActors__/Canton/DistrictPrototype/Maps/L_Canton_District_PROVISIONAL/3/AS/YLEWSAXC09CW5GJE7M2YAT.uasset,7aafda347c92a7231254a5327e1152999807e87da3796b6a2f4c43b12ce32013,4455,D_PROVISIONAL_ENGINEERING_ONLY,UE 5.5.4 CL 40574608
Content/__ExternalActors__/Canton/DistrictPrototype/Maps/L_Canton_District_PROVISIONAL/3/C1/QLWDBRHJOI0G4GM5URBOK2.uasset,8d2016febeddc0c7e771cdb11e7f2403f67be389894424ae5253c5d6f9144039,4459,D_PROVISIONAL_ENGINEERING_ONLY,UE 5.5.4 CL 40574608
Content/__ExternalActors__/Canton/DistrictPrototype/Maps/L_Canton_District_PROVISIONAL/3/CT/1WHYJZALJEG2RZ6XIVVAZJ.uasset,553bbc02e4b859665eb0a1f3e1240ddee5f8908102f66bf77cee3368fa56ac80,4216,D_PROVISIONAL_ENGINEERING_ONLY,UE 5.5.4 CL 40574608
Content/__ExternalActors__/Canton/DistrictPrototype/Maps/L_Canton_District_PROVISIONAL/3/CV/WKF9PAUP2KHHKYA4BIWV29.uasset,7e9529aeeeb835bdc6adfdab43f2becdbf24f10c7a0e498e2dc85ac37d3117b2,4216,D_PROVISIONAL_ENGINEERING_ONLY,UE 5.5.4 CL 40574608
Content/__ExternalActors__/Canton/DistrictPrototype/Maps/L_Canton_District_PROVISIONAL/3/DM/48X5LZ33N8878Y0K5KHSCS.uasset,93ae694cc255f9681ceebfcf6bf0cc8ee8ecb0e0df302bfe8bc65d5688a32542,4455,D_PROVISIONAL_ENGINEERING_ONLY,UE 5.5.4 CL 40574608
Content/__ExternalActors__/Canton/DistrictPrototype/Maps/L_Canton_District_PROVISIONAL/3/E1/10R40CS5RYX0GUQOBU1HTS.uasset,6b36de07d9e25994394a72b19748dfb07a9d137b87da0dfe22e44ef15ce19088,4476,D_PROVISIONAL_ENGINEERING_ONLY,UE 5.5.4 CL 40574608
Content/__ExternalActors__/Canton/DistrictPrototype/Maps/L_Canton_District_PROVISIONAL/3/EJ/7FNY80D5AO4P5EBZXAURXB.uasset,4db31180a3652e19560432e5d00bf9e29201ddfca78ec68b3449d20ccd57c447,4459,D_PROVISIONAL_ENGINEERING_ONLY,UE 5.5.4 CL 40574608
Content/__ExternalActors__/Canton/DistrictPrototype/Maps/L_Canton_District_PROVISIONAL/3/EJ/N35X5X6TTBA4Z7RJIC48RU.uasset,70886cf32d8e50c114c9f44c26cfae6cd80002f0ea76d9c1150338656c41d743,4253,D_PROVISIONAL_ENGINEERING_ONLY,UE 5.5.4 CL 40574608
Content/__ExternalActors__/Canton/DistrictPrototype/Maps/L_Canton_District_PROVISIONAL/3/EM/3SCCSGK7DOKIAZSF9IWBFP.uasset,506c16cb134b81a4c619fdd3518e92cce8560dc13a53d5ad54a3d6ce8efe9b37,4212,D_PROVISIONAL_ENGINEERING_ONLY,UE 5.5.4 CL 40574608
Content/__ExternalActors__/Canton/DistrictPrototype/Maps/L_Canton_District_PROVISIONAL/3/EP/0GY9A3JI9ZVXT1OGYCZ8ZD.uasset,87dc678fd482fa62c07bb84c1ef75e601091500e1b3b6fe89d1a60e0e2c1407d,4461,D_PROVISIONAL_ENGINEERING_ONLY,UE 5.5.4 CL 40574608
Content/__ExternalActors__/Canton/DistrictPrototype/Maps/L_Canton_District_PROVISIONAL/3/ER/3VF88HXQA24SXG5UMJHEC5.uasset,506407ee96b5e9ae2ae662eb86cc3062e441aadaf3414a9af4b899d2c7d014b3,4461,D_PROVISIONAL_ENGINEERING_ONLY,UE 5.5.4 CL 40574608
Content/__ExternalActors__/Canton/DistrictPrototype/Maps/L_Canton_District_PROVISIONAL/3/F1/IDF4DYQYDIADEC07TGM74L.uasset,ba7a5544e195b6b00aa3bf0ad345ab6d15bcc88f9f0b72eea75f81fc12f3fef9,4433,D_PROVISIONAL_ENGINEERING_ONLY,UE 5.5.4 CL 40574608
Content/__ExternalActors__/Canton/DistrictPrototype/Maps/L_Canton_District_PROVISIONAL/3/FE/ZGDNWMV4LTZ2745H6G3XRS.uasset,c90d0a129c6f3748ba70d5417233643ab98918ed5bcb145644bf813b8048433a,4461,D_PROVISIONAL_ENGINEERING_ONLY,UE 5.5.4 CL 40574608
Content/__ExternalActors__/Canton/DistrictPrototype/Maps/L_Canton_District_PROVISIONAL/3/G9/CDPUH9WGBYU88CUMSTNQLM.uasset,b997c0e88de8760acee13b6a7f28c23892d5e210a8025722b0ac29baac2e2d72,4461,D_PROVISIONAL_ENGINEERING_ONLY,UE 5.5.4 CL 40574608
Content/__ExternalActors__/Canton/DistrictPrototype/Maps/L_Canton_District_PROVISIONAL/3/GZ/1FV452JH7VY62ODTE7TL51.uasset,12bc34200351dc7d1ad54a5fbe4d6d9836023db2a020b8e115a8e36809e45f8f,4433,D_PROVISIONAL_ENGINEERING_ONLY,UE 5.5.4 CL 40574608
Content/__ExternalActors__/Canton/DistrictPrototype/Maps/L_Canton_District_PROVISIONAL/3/GZ/FSL6BS7PC18LJTI0FZJ4FU.uasset,c158864c19b3e2fe72344e9b73bde890118e6b95c77ce9b6d588495b47b81181,4253,D_PROVISIONAL_ENGINEERING_ONLY,UE 5.5.4 CL 40574608
Content/__ExternalActors__/Canton/DistrictPrototype/Maps/L_Canton_District_PROVISIONAL/3/H1/U4I1BBJDNRMGPQAJDLHXJD.uasset,a1910bf00e27973ce004bd9ec5ebfef660b3c4cca5258b143ba272afa4bfb53e,4423,D_PROVISIONAL_ENGINEERING_ONLY,UE 5.5.4 CL 40574608
Content/__ExternalActors__/Canton/DistrictPrototype/Maps/L_Canton_District_PROVISIONAL/3/HH/CZ7YDSDSFUCOPBW7ZDJ6J9.uasset,6085cd501731b21d1d20588b4cc3755601fef1eba8536f7f4554bc17dae1c38c,4216,D_PROVISIONAL_ENGINEERING_ONLY,UE 5.5.4 CL 40574608
Content/__ExternalActors__/Canton/DistrictPrototype/Maps/L_Canton_District_PROVISIONAL/3/HM/XD9Q8CEC3JD2AWN3L46PUS.uasset,1995f3da7eb5305f43f3d81dc4e9fd68338ca3b90c46b45e5c0bd23b4cbefe67,4423,D_PROVISIONAL_ENGINEERING_ONLY,UE 5.5.4 CL 40574608
Content/__ExternalActors__/Canton/DistrictPrototype/Maps/L_Canton_District_PROVISIONAL/3/IA/IYC64UL85KRYGICQXESZCV.uasset,7a141f621383a733484dadd3b57ad9e488967af0a4a62a324652faae8bc99cb5,4476,D_PROVISIONAL_ENGINEERING_ONLY,UE 5.5.4 CL 40574608
Content/__ExternalActors__/Canton/DistrictPrototype/Maps/L_Canton_District_PROVISIONAL/3/JO/QX9FFUJD0OGKXPW3A97PX0.uasset,2f8c356734f887a71c0da8e8fbcab9ce0e714c2a4e56c8a083064864f5273ed8,4459,D_PROVISIONAL_ENGINEERING_ONLY,UE 5.5.4 CL 40574608
Content/__ExternalActors__/Canton/DistrictPrototype/Maps/L_Canton_District_PROVISIONAL/3/JR/HM8AP9PKF5UK5XNTBDTBXP.uasset,654428c5d23b89fc6d7d5a66298408f37723eb8af0a24e0ffa50d4183f4765d4,4457,D_PROVISIONAL_ENGINEERING_ONLY,UE 5.5.4 CL 40574608
Content/__ExternalActors__/Canton/DistrictPrototype/Maps/L_Canton_District_PROVISIONAL/3/L5/U7RR3C22QFF2C41E5DMXGJ.uasset,d27ec9b8b7d556544f7a16571d668403b8bd180ac43739e5da1f6f580969b14a,1404790,D_PROVISIONAL_ENGINEERING_ONLY,UE 5.5.4 CL 40574608
Content/__ExternalActors__/Canton/DistrictPrototype/Maps/L_Canton_District_PROVISIONAL/3/LF/PWP96WT4AU2I4CLVL6X2AD.uasset,b2ec6fe6cd81f3876f9c9112676699a2f96235bdb94069529b5cea6f61de0059,4315,D_PROVISIONAL_ENGINEERING_ONLY,UE 5.5.4 CL 40574608
Content/__ExternalActors__/Canton/DistrictPrototype/Maps/L_Canton_District_PROVISIONAL/3/NL/N0V38JI1MNO0J3ZR1I9ET0.uasset,3ac91749dbf5facb2c79c5722d3223a4c4477b73102e45925497a41213f51965,4476,D_PROVISIONAL_ENGINEERING_ONLY,UE 5.5.4 CL 40574608
Content/__ExternalActors__/Canton/DistrictPrototype/Maps/L_Canton_District_PROVISIONAL/3/OA/AQZI1CB1MRCF6TWEGVN9TF.uasset,e3fdf1533140f4e1ac06f12e44ad34f88de406a864d3f5d7cd4d8d765a7800d5,4476,D_PROVISIONAL_ENGINEERING_ONLY,UE 5.5.4 CL 40574608
Content/__ExternalActors__/Canton/DistrictPrototype/Maps/L_Canton_District_PROVISIONAL/3/OJ/WBNYDENYMRNE0NZKNGDXMZ.uasset,1068475f7cf3c5d384ffc2182ad2f6560a64da315673cc8d777a605f8dbc075f,4423,D_PROVISIONAL_ENGINEERING_ONLY,UE 5.5.4 CL 40574608
Content/__ExternalActors__/Canton/DistrictPrototype/Maps/L_Canton_District_PROVISIONAL/3/P6/SBEFPKIHIVFLW50V0KCFJM.uasset,802696a2ca82c927edf1dbb7bdef26254b3bf4647b4a1fa7bf4a333c3b7599dc,4216,D_PROVISIONAL_ENGINEERING_ONLY,UE 5.5.4 CL 40574608
Content/__ExternalActors__/Canton/DistrictPrototype/Maps/L_Canton_District_PROVISIONAL/3/PJ/FC549MF3CNHEQRFE8TGAZP.uasset,d8abbce5b7ff8ba956b7349a3dc873bc4405515b8505fecae6c21abe99ad7c1c,4455,D_PROVISIONAL_ENGINEERING_ONLY,UE 5.5.4 CL 40574608
Content/__ExternalActors__/Canton/DistrictPrototype/Maps/L_Canton_District_PROVISIONAL/3/QC/DKLAHIUQF9MY8G3AE59R27.uasset,8616bf0bd9f4019aa1203062fdafa927076e6d80bc26abce9d55f2ff480de3fb,4457,D_PROVISIONAL_ENGINEERING_ONLY,UE 5.5.4 CL 40574608
Content/__ExternalActors__/Canton/DistrictPrototype/Maps/L_Canton_District_PROVISIONAL/3/QK/F4HE1I18Q2JME2HI9ASMBQ.uasset,f618a0ba2188d319bad83499763490a54300d714290a114d1cc59cca293688cb,4457,D_PROVISIONAL_ENGINEERING_ONLY,UE 5.5.4 CL 40574608
Content/__ExternalActors__/Canton/DistrictPrototype/Maps/L_Canton_District_PROVISIONAL/3/SD/7CFE7XKR7HFY43RPJLJXAU.uasset,c51c3b00b3295493e8483ed908186595d6c6abefd74d6082ca6ec19657fc8b69,4461,D_PROVISIONAL_ENGINEERING_ONLY,UE 5.5.4 CL 40574608
Content/__ExternalActors__/Canton/DistrictPrototype/Maps/L_Canton_District_PROVISIONAL/3/TL/5OX4PS6A00GEJHFZQB360W.uasset,a4670e84046214c24dda35abbc261154471878834078b2e767277194f82a0bcb,4159,D_PROVISIONAL_ENGINEERING_ONLY,UE 5.5.4 CL 40574608
Content/__ExternalActors__/Canton/DistrictPrototype/Maps/L_Canton_District_PROVISIONAL/3/U2/XCPPK2P5F1UL7V1POLTM5K.uasset,807f8a6569b36d0839fcf3006c943204b8ff92e294e8625de40c98bc541ac70e,4476,D_PROVISIONAL_ENGINEERING_ONLY,UE 5.5.4 CL 40574608
Content/__ExternalActors__/Canton/DistrictPrototype/Maps/L_Canton_District_PROVISIONAL/3/UG/BBQ2FAWAOVF5X235NLXA43.uasset,b0f24e267e8b98480cf94ee4a5e60b0d387290772fa47f6d6574afe66a00630d,4461,D_PROVISIONAL_ENGINEERING_ONLY,UE 5.5.4 CL 40574608
Content/__ExternalActors__/Canton/DistrictPrototype/Maps/L_Canton_District_PROVISIONAL/3/V9/GE9C69D5ZDJYX56Z0PNHQX.uasset,2c684d29f04f4e0b6cc3b4d1c82c4cf482416c62d1d889014570d88822f355a7,4476,D_PROVISIONAL_ENGINEERING_ONLY,UE 5.5.4 CL 40574608
Content/__ExternalActors__/Canton/DistrictPrototype/Maps/L_Canton_District_PROVISIONAL/3/W3/Q97PN40MWC4TGSWECAK9Q8.uasset,9846bbfb5e937585141a7f644eae57fadf0060bd2edb8fd76abb9a3c53e63a26,4253,D_PROVISIONAL_ENGINEERING_ONLY,UE 5.5.4 CL 40574608
Content/__ExternalActors__/Canton/DistrictPrototype/Maps/L_Canton_District_PROVISIONAL/3/WA/TPWBTAHDSI6JW8DKDOUWFD.uasset,12b45d272d8c58433739c3d3cfe01cb62720e77705b45360d08a9a713a2ec456,4457,D_PROVISIONAL_ENGINEERING_ONLY,UE 5.5.4 CL 40574608
Content/__ExternalActors__/Canton/DistrictPrototype/Maps/L_Canton_District_PROVISIONAL/3/WH/YMOYPWJMBYDXHQWYSGXLU4.uasset,5b028d6a5fafe1a3110bb9cfc9c1445e9c1fddffe430c84d9948a5622a0f286a,4315,D_PROVISIONAL_ENGINEERING_ONLY,UE 5.5.4 CL 40574608
Content/__ExternalActors__/Canton/DistrictPrototype/Maps/L_Canton_District_PROVISIONAL/3/WJ/HUPIQIS0FR2I06WXX1WIKE.uasset,738cd6332b0ad2694ad8951f69fa9f0b81ebdacb176486349cec5d799a943277,4455,D_PROVISIONAL_ENGINEERING_ONLY,UE 5.5.4 CL 40574608
Content/__ExternalActors__/Canton/DistrictPrototype/Maps/L_Canton_District_PROVISIONAL/3/WW/RM0ML03HD89R3G82P99N9C.uasset,5fdbcc7c45c29dec8ae58fba9ebe3229b5da9cab53e7cf076373e5eae06ea9c7,4461,D_PROVISIONAL_ENGINEERING_ONLY,UE 5.5.4 CL 40574608
Content/__ExternalActors__/Canton/DistrictPrototype/Maps/L_Canton_District_PROVISIONAL/3/XJ/IEM9XUIAP1S9V9Y989SVZD.uasset,44ea44920c6df08bb3e45b138303b8323257c44954f7c29a90283edc512930df,4476,D_PROVISIONAL_ENGINEERING_ONLY,UE 5.5.4 CL 40574608
Content/__ExternalActors__/Canton/DistrictPrototype/Maps/L_Canton_District_PROVISIONAL/3/YG/NN94BSPNGJDR3CV9W9XUMS.uasset,c6a46998b677f9b48f74eb5b560fcdff25a9b00cb2d66ffa894c6e81869d2aaa,4457,D_PROVISIONAL_ENGINEERING_ONLY,UE 5.5.4 CL 40574608
Content/__ExternalActors__/Canton/DistrictPrototype/Maps/L_Canton_District_PROVISIONAL/3/YI/7CCVAZ2NODDO5E31A1KMJF.uasset,52d93ab9c406343e540272fe74f448a1b0c71963fcf94a8c51db329fad472cb9,4433,D_PROVISIONAL_ENGINEERING_ONLY,UE 5.5.4 CL 40574608
Content/__ExternalActors__/Canton/DistrictPrototype/Maps/L_Canton_District_PROVISIONAL/3/Z0/9W9KJ6B028JY8S221X6LCZ.uasset,5be21d0259cacc2ace66a8715464f5854195145960cc15de2e414c57fe0d9a21,4423,D_PROVISIONAL_ENGINEERING_ONLY,UE 5.5.4 CL 40574608
Content/__ExternalActors__/Canton/DistrictPrototype/Maps/L_Canton_District_PROVISIONAL/3/Z1/ZQUE385RINXACCR4UHA5CQ.uasset,1e2033fa8d59fbddd4bf6bd8ec1c3c5687d02e08fb1352b0bce4e5a4f46f7026,4461,D_PROVISIONAL_ENGINEERING_ONLY,UE 5.5.4 CL 40574608
Content/__ExternalActors__/Canton/DistrictPrototype/Maps/L_Canton_District_PROVISIONAL/4/04/JSGTSI8DYMLMDZEVJLT7MF.uasset,24f32706bf8fc6311e8ba2eeec24f94b758b03a830dbb6383e313e3e4a62d8b9,4423,D_PROVISIONAL_ENGINEERING_ONLY,UE 5.5.4 CL 40574608
Content/__ExternalActors__/Canton/DistrictPrototype/Maps/L_Canton_District_PROVISIONAL/4/18/94S6CQB2I9MWG3ODS0199V.uasset,b38d2bb40118505101940125ec33c891ff9b75a6115952c2a6ef41ebf886b5e9,4423,D_PROVISIONAL_ENGINEERING_ONLY,UE 5.5.4 CL 40574608
Content/__ExternalActors__/Canton/DistrictPrototype/Maps/L_Canton_District_PROVISIONAL/4/23/5J2UAWLBH7DNTBD3M2QGAV.uasset,0cc59645de56298e1785ce7faf754a286f10cd657059b3724d851184693f2178,4455,D_PROVISIONAL_ENGINEERING_ONLY,UE 5.5.4 CL 40574608
Content/__ExternalActors__/Canton/DistrictPrototype/Maps/L_Canton_District_PROVISIONAL/4/2U/GUGVJ6OOASENWV32NZTY44.uasset,669261c1a89e7730fb3865c1631fcea0ee3624baa635d2af10e1458913c3a7c6,4423,D_PROVISIONAL_ENGINEERING_ONLY,UE 5.5.4 CL 40574608
Content/__ExternalActors__/Canton/DistrictPrototype/Maps/L_Canton_District_PROVISIONAL/4/3Y/V1QZI94TQLN7XJWMX5CDWY.uasset,f963b6ba2ef4cb0df202eae33f63f2bb70ee0a8cfe33ee6670a82e3f8df71929,4216,D_PROVISIONAL_ENGINEERING_ONLY,UE 5.5.4 CL 40574608
Content/__ExternalActors__/Canton/DistrictPrototype/Maps/L_Canton_District_PROVISIONAL/4/47/0GOB5NZIDU7519A4HV08OV.uasset,6a1c840f776126c6719e419023f5c4940736465a8decb8b6ff3199d4995f38e0,4476,D_PROVISIONAL_ENGINEERING_ONLY,UE 5.5.4 CL 40574608
Content/__ExternalActors__/Canton/DistrictPrototype/Maps/L_Canton_District_PROVISIONAL/4/4Y/Z3X763R2AXJCPO9PLT1IIV.uasset,fabfde8552bd77fec699f09f80649ec500290ba42a9b5f37d947829b32139f27,4461,D_PROVISIONAL_ENGINEERING_ONLY,UE 5.5.4 CL 40574608
Content/__ExternalActors__/Canton/DistrictPrototype/Maps/L_Canton_District_PROVISIONAL/4/4Z/83N89QFUU3ERNX8M7NJJ67.uasset,9cf6429e31c04baeff2f1b0bae0136acb1a441968b153ad1cbf671e3dbef5bc1,4455,D_PROVISIONAL_ENGINEERING_ONLY,UE 5.5.4 CL 40574608
Content/__ExternalActors__/Canton/DistrictPrototype/Maps/L_Canton_District_PROVISIONAL/4/57/JI2G2F7KBO55OAWV0QB5NK.uasset,028723232697470542fdf8a6f8ffd3fa6937239a988ac41e2ec80abcb96fad3c,4433,D_PROVISIONAL_ENGINEERING_ONLY,UE 5.5.4 CL 40574608
Content/__ExternalActors__/Canton/DistrictPrototype/Maps/L_Canton_District_PROVISIONAL/4/5B/0OA8F7MOHZCNTFJK4L3TY9.uasset,c1c32bb8154b3c47fb40fb209150cb334dbce72c02f925111c03a25e690f734b,4253,D_PROVISIONAL_ENGINEERING_ONLY,UE 5.5.4 CL 40574608
Content/__ExternalActors__/Canton/DistrictPrototype/Maps/L_Canton_District_PROVISIONAL/4/5G/MK42KS5XJH0LS1ZZIYU8RB.uasset,887c44b972d872f38cbd7bbfd3cc9692f2cc15a65b2c4b65bc8ea87800655e6e,4476,D_PROVISIONAL_ENGINEERING_ONLY,UE 5.5.4 CL 40574608
Content/__ExternalActors__/Canton/DistrictPrototype/Maps/L_Canton_District_PROVISIONAL/4/60/24DGLFZLCFIBDB8CIWRT13.uasset,c1c2d39b6aa79c5f13a65603656dbbf3d8c1cc1b8be07ef96080e9eda31102f0,4461,D_PROVISIONAL_ENGINEERING_ONLY,UE 5.5.4 CL 40574608
Content/__ExternalActors__/Canton/DistrictPrototype/Maps/L_Canton_District_PROVISIONAL/4/6S/CML7KMC4FFIGTDASGYD7YM.uasset,32ec99f00c7cd2dcc480f7c2b2efa3bec1c4d98040a582475d5f6c341af2ebcc,4476,D_PROVISIONAL_ENGINEERING_ONLY,UE 5.5.4 CL 40574608
Content/__ExternalActors__/Canton/DistrictPrototype/Maps/L_Canton_District_PROVISIONAL/4/79/G7BKSYQMXOUKJU8URGLC3W.uasset,a3e061de5aa3f4f583ab856988a5c9f495fe40732fee98dbe689c660dcda241f,4253,D_PROVISIONAL_ENGINEERING_ONLY,UE 5.5.4 CL 40574608
Content/__ExternalActors__/Canton/DistrictPrototype/Maps/L_Canton_District_PROVISIONAL/4/7N/5MSJ7C5LN984JXEIHI16LJ.uasset,56763a4a43da131b5cab229b2d43c9360460a6486bd6d62a0753c1520518ab0c,4423,D_PROVISIONAL_ENGINEERING_ONLY,UE 5.5.4 CL 40574608
Content/__ExternalActors__/Canton/DistrictPrototype/Maps/L_Canton_District_PROVISIONAL/4/82/W29WA6SM7WIEZNR2QWDH0W.uasset,5ebc99ff1e122285169fb45f3fe949ecfdaed49ac6247231a246929193b785bc,4461,D_PROVISIONAL_ENGINEERING_ONLY,UE 5.5.4 CL 40574608
Content/__ExternalActors__/Canton/DistrictPrototype/Maps/L_Canton_District_PROVISIONAL/4/86/CRHO4BU5FC7A9KMVIW5FUA.uasset,acebb8c6ac743a76d6e50ffc08e56b57347c309500c93b9c6acff5eda12ac2a4,4461,D_PROVISIONAL_ENGINEERING_ONLY,UE 5.5.4 CL 40574608
Content/__ExternalActors__/Canton/DistrictPrototype/Maps/L_Canton_District_PROVISIONAL/4/8A/PJN8WIS21IQWWUBZZGTQ9L.uasset,90c4617577acc5f6e2091922dcf0d40d4f60df2a2e68e8cab27768a962ce99a6,4476,D_PROVISIONAL_ENGINEERING_ONLY,UE 5.5.4 CL 40574608
Content/__ExternalActors__/Canton/DistrictPrototype/Maps/L_Canton_District_PROVISIONAL/4/8Q/02AHFRNZELTAVEB0OXAW8N.uasset,07079188624d740fa95ac36c6b65e86a53d28c8fd28bed5ddbd0e62557bcf633,4433,D_PROVISIONAL_ENGINEERING_ONLY,UE 5.5.4 CL 40574608
Content/__ExternalActors__/Canton/DistrictPrototype/Maps/L_Canton_District_PROVISIONAL/4/92/80QLSPC44G22DF6TQZ7MIW.uasset,ae2bc97e1ca81d7b4a44b333edc29c2d2287d01dc302dad4f8ccdbfd95db8d43,4216,D_PROVISIONAL_ENGINEERING_ONLY,UE 5.5.4 CL 40574608
Content/__ExternalActors__/Canton/DistrictPrototype/Maps/L_Canton_District_PROVISIONAL/4/9Y/85XH6WT65OB6IHSM1QDR1N.uasset,8d838ac9e1c038920f9a945a935389d553ddd68b05cb027e7321dddc1658b05c,4212,D_PROVISIONAL_ENGINEERING_ONLY,UE 5.5.4 CL 40574608
Content/__ExternalActors__/Canton/DistrictPrototype/Maps/L_Canton_District_PROVISIONAL/4/9Z/IFIWVER2GT6IB5AAF3L7PD.uasset,bb742fc40dd806335447cd651fd54bdff5e42250622c7df2c5c547bf097838a2,4433,D_PROVISIONAL_ENGINEERING_ONLY,UE 5.5.4 CL 40574608
Content/__ExternalActors__/Canton/DistrictPrototype/Maps/L_Canton_District_PROVISIONAL/4/AT/ABKBRVDKMJG2EENEKNL71J.uasset,ad7da50e0a4f025dba58ff05d52407b124b0e29b3e21432d08e30341d9488ded,4461,D_PROVISIONAL_ENGINEERING_ONLY,UE 5.5.4 CL 40574608
Content/__ExternalActors__/Canton/DistrictPrototype/Maps/L_Canton_District_PROVISIONAL/4/BQ/R1X6CI8EFSCCLV9HYN1Y2E.uasset,718f55afc535cd3c1e9e92efef8f686fc205595316406f17b01ba3191b284f9e,4315,D_PROVISIONAL_ENGINEERING_ONLY,UE 5.5.4 CL 40574608
Content/__ExternalActors__/Canton/DistrictPrototype/Maps/L_Canton_District_PROVISIONAL/4/CS/FRCNMRZYCYXJI26KWH8RC8.uasset,3b3c298867aee33e299d5c03c8f035c47bb34ed10db1bcf82da3ae64191f872b,4455,D_PROVISIONAL_ENGINEERING_ONLY,UE 5.5.4 CL 40574608
Content/__ExternalActors__/Canton/DistrictPrototype/Maps/L_Canton_District_PROVISIONAL/4/D4/U3L4VB477IAUPM4PDC9UBH.uasset,c8935517db078d3d9a99f35ed495663497e5973bade16317dedc386bfff64cd2,4455,D_PROVISIONAL_ENGINEERING_ONLY,UE 5.5.4 CL 40574608
Content/__ExternalActors__/Canton/DistrictPrototype/Maps/L_Canton_District_PROVISIONAL/4/DB/WHCTT4I1TJYDIB06CW595J.uasset,f29168c591069e884cbb02af9445862268a1f69154de3720ae14439e85e12d97,4459,D_PROVISIONAL_ENGINEERING_ONLY,UE 5.5.4 CL 40574608
Content/__ExternalActors__/Canton/DistrictPrototype/Maps/L_Canton_District_PROVISIONAL/4/EI/RUJG02RBUCRHM7FMNYWZGQ.uasset,828abdb1bb281c7e87471004676e0d4de7a571b6544fef344b0897e2a7790a4b,4459,D_PROVISIONAL_ENGINEERING_ONLY,UE 5.5.4 CL 40574608
Content/__ExternalActors__/Canton/DistrictPrototype/Maps/L_Canton_District_PROVISIONAL/4/GJ/XO54ZN0P7UMJU6UZ5RP1HI.uasset,28b519e7785301f6d0b41120ab6845a2844d4cf8feee786113f1c387e7a8472d,4212,D_PROVISIONAL_ENGINEERING_ONLY,UE 5.5.4 CL 40574608
Content/__ExternalActors__/Canton/DistrictPrototype/Maps/L_Canton_District_PROVISIONAL/4/GP/UKYIN5JHKDFU8OZYRS4CF3.uasset,8dfbe26c6e2c660d7cfc48396a8a667b0051273c8761d3608616234eb51e4736,4461,D_PROVISIONAL_ENGINEERING_ONLY,UE 5.5.4 CL 40574608
Content/__ExternalActors__/Canton/DistrictPrototype/Maps/L_Canton_District_PROVISIONAL/4/IF/ZXPC6LZG3LFLD1BCHJA4X8.uasset,63098fdfdfd57a542b0637b418fe1803182e02da05ab167a8512239a5843c634,4455,D_PROVISIONAL_ENGINEERING_ONLY,UE 5.5.4 CL 40574608
Content/__ExternalActors__/Canton/DistrictPrototype/Maps/L_Canton_District_PROVISIONAL/4/JL/0HLCIBKQ99L5U5IT3IQH3D.uasset,8030725fedffdebd46a6654f4253befa7dc0042a981950a3c7df50f74bd8a3f1,4433,D_PROVISIONAL_ENGINEERING_ONLY,UE 5.5.4 CL 40574608
Content/__ExternalActors__/Canton/DistrictPrototype/Maps/L_Canton_District_PROVISIONAL/4/JQ/9IP6MQCVFKE1I9F7X6VJ2D.uasset,8670950e69379a8197f8100fcb8441b8fb3cc8e55952ddda85e3c6e7c693802f,4461,D_PROVISIONAL_ENGINEERING_ONLY,UE 5.5.4 CL 40574608
Content/__ExternalActors__/Canton/DistrictPrototype/Maps/L_Canton_District_PROVISIONAL/4/JY/CDPJ9CB99IWOV1RZB9P24W.uasset,2bd43607d74961ab9bd4db2ffcaba42b157909ff6e602bbcc30b85a076f07713,4145,D_PROVISIONAL_ENGINEERING_ONLY,UE 5.5.4 CL 40574608
Content/__ExternalActors__/Canton/DistrictPrototype/Maps/L_Canton_District_PROVISIONAL/4/KJ/CF7PVHFS2YAFIA8QI6HC48.uasset,6d4bcbf82a37ffb9a112ced56f21beab6e4d0e50dc7e454a8cfd4bd49d60ea51,4455,D_PROVISIONAL_ENGINEERING_ONLY,UE 5.5.4 CL 40574608
Content/__ExternalActors__/Canton/DistrictPrototype/Maps/L_Canton_District_PROVISIONAL/4/MC/N48S5M01I6YZDMA3VR2ZDI.uasset,b3151642b31f09044c84511d80e14f128b990e618f2a9c65124c7b0f8ad1bbd7,4461,D_PROVISIONAL_ENGINEERING_ONLY,UE 5.5.4 CL 40574608
Content/__ExternalActors__/Canton/DistrictPrototype/Maps/L_Canton_District_PROVISIONAL/4/MH/KPUFD0ZWW44UI6B2TUHP0G.uasset,c848d5b322cb16349b28bc482f84327692070cdf0433ecd42f8a6fedf9123983,4457,D_PROVISIONAL_ENGINEERING_ONLY,UE 5.5.4 CL 40574608
Content/__ExternalActors__/Canton/DistrictPrototype/Maps/L_Canton_District_PROVISIONAL/4/MQ/15JPGHA79X9IDOFA0S8IIL.uasset,5179cdaf32ff0722d38ca8eb0883256dcc3c6b3e5251b90cab0cf8de2682f2af,4459,D_PROVISIONAL_ENGINEERING_ONLY,UE 5.5.4 CL 40574608
Content/__ExternalActors__/Canton/DistrictPrototype/Maps/L_Canton_District_PROVISIONAL/4/PV/EK3P620U1A7GXB9UXC4DLS.uasset,34c53ec88d7cc13101d191153e142c20226174aa484108fd8b9d158b36e9ea8b,4423,D_PROVISIONAL_ENGINEERING_ONLY,UE 5.5.4 CL 40574608
Content/__ExternalActors__/Canton/DistrictPrototype/Maps/L_Canton_District_PROVISIONAL/4/R2/4E2PD34LTFH8PGLP7GYAEH.uasset,5edaaff4b01b64e3e551c39a7358a1b055afa8ab3153f47e040ced895b1393bc,4461,D_PROVISIONAL_ENGINEERING_ONLY,UE 5.5.4 CL 40574608
Content/__ExternalActors__/Canton/DistrictPrototype/Maps/L_Canton_District_PROVISIONAL/4/R4/WP53N5ERQL2KHPGLZEXOIP.uasset,5a13a513397c33ee8f09544211c9f4339dd78a850ee34fe25cf524d15dcd55a3,4459,D_PROVISIONAL_ENGINEERING_ONLY,UE 5.5.4 CL 40574608
Content/__ExternalActors__/Canton/DistrictPrototype/Maps/L_Canton_District_PROVISIONAL/4/RD/LG1NFTUBFX3R03HZ9U08QU.uasset,accd6d51d066595f64fdadd77f4c0940a463250f452251fb6cab74c842f494a0,4461,D_PROVISIONAL_ENGINEERING_ONLY,UE 5.5.4 CL 40574608
Content/__ExternalActors__/Canton/DistrictPrototype/Maps/L_Canton_District_PROVISIONAL/4/RT/4VJWOVQ5A4MDJR6LT1FLOI.uasset,6be075a2b7478b35a83c88cb056ec23c6b7b03b16f374df00cb01cffb02e5993,4461,D_PROVISIONAL_ENGINEERING_ONLY,UE 5.5.4 CL 40574608
Content/__ExternalActors__/Canton/DistrictPrototype/Maps/L_Canton_District_PROVISIONAL/4/TB/WKNESOWLRO1O3ANOWSZOYV.uasset,6e778e90121504a90a56ef3402cb422eb89883cdc7f1d60db1db734c56cd233a,1283545,D_PROVISIONAL_ENGINEERING_ONLY,UE 5.5.4 CL 40574608
Content/__ExternalActors__/Canton/DistrictPrototype/Maps/L_Canton_District_PROVISIONAL/4/TK/EN0NKJIKT0LCZ84E6ZTVET.uasset,9f722f5f43cf4fc080e51cba462750ab5ec9ccbf5ba7ef78dd1ba5dcc3abc400,1409197,D_PROVISIONAL_ENGINEERING_ONLY,UE 5.5.4 CL 40574608
Content/__ExternalActors__/Canton/DistrictPrototype/Maps/L_Canton_District_PROVISIONAL/4/TY/BV3CGPOBB21GPT1M6HFABA.uasset,3d9f73d229796f815bb28737ed86a83932b93da460921ab293c143b33f24a35a,4476,D_PROVISIONAL_ENGINEERING_ONLY,UE 5.5.4 CL 40574608
Content/__ExternalActors__/Canton/DistrictPrototype/Maps/L_Canton_District_PROVISIONAL/4/VA/99X5XTGN63DHNDWV92LA27.uasset,487025182965bad3627e464d19270e6750d1cceb1f0b009bf31e359b520441ed,4459,D_PROVISIONAL_ENGINEERING_ONLY,UE 5.5.4 CL 40574608
Content/__ExternalActors__/Canton/DistrictPrototype/Maps/L_Canton_District_PROVISIONAL/4/VK/VGBMSGX83A8KUISTCTQRT8.uasset,7847340ac6544d96e919f7a678df3eb01fc987c381cc5537c0e04e1d4bb4cc2a,4212,D_PROVISIONAL_ENGINEERING_ONLY,UE 5.5.4 CL 40574608
Content/__ExternalActors__/Canton/DistrictPrototype/Maps/L_Canton_District_PROVISIONAL/4/VY/3UHIKTM412O6BW9OJ3CQUT.uasset,9dea4d3427852843a067c3d8a993f445d8e78bce7a026574c4804c9f89073e80,4135,D_PROVISIONAL_ENGINEERING_ONLY,UE 5.5.4 CL 40574608
Content/__ExternalActors__/Canton/DistrictPrototype/Maps/L_Canton_District_PROVISIONAL/4/WM/1JSOW4J5ZOLVD9V05DJP90.uasset,e8eb790ed3c0ff7b31931718b8f1687478b942303ebb964d347f5b29dddadd5c,4476,D_PROVISIONAL_ENGINEERING_ONLY,UE 5.5.4 CL 40574608
Content/__ExternalActors__/Canton/DistrictPrototype/Maps/L_Canton_District_PROVISIONAL/4/WR/DQUZXCD2OPEX34YWL7DC8F.uasset,47dca42da65fba23f9a0dc5cf8956b633925655c3398aaa92c7458b6ed886a04,4455,D_PROVISIONAL_ENGINEERING_ONLY,UE 5.5.4 CL 40574608
Content/__ExternalActors__/Canton/DistrictPrototype/Maps/L_Canton_District_PROVISIONAL/4/XR/FE7PB1ZD5CKYEFDYS2MNDV.uasset,3a3ab3e9845638bd80ea7f2183ca5060e1c3a5d4df542eb70bde2f9a7bd3372c,4459,D_PROVISIONAL_ENGINEERING_ONLY,UE 5.5.4 CL 40574608
Content/__ExternalActors__/Canton/DistrictPrototype/Maps/L_Canton_District_PROVISIONAL/4/YF/G9598ELRKX27571GXAWZJB.uasset,266adb26008231df65e54543a7997b5868b253337f4efbb86a8018d3c4d01f71,4457,D_PROVISIONAL_ENGINEERING_ONLY,UE 5.5.4 CL 40574608
Content/__ExternalActors__/Canton/DistrictPrototype/Maps/L_Canton_District_PROVISIONAL/4/YN/IJKVFLS0XGNY7IMBJGK8X5.uasset,e9e62714b61db3473d89fa5e25151742bd504e6e3e98cf89bbf76c8562112a4a,4423,D_PROVISIONAL_ENGINEERING_ONLY,UE 5.5.4 CL 40574608
Content/__ExternalActors__/Canton/DistrictPrototype/Maps/L_Canton_District_PROVISIONAL/4/ZV/7JFN089HMO8VGE9RP00ZD0.uasset,6fd8ef8bbba6ec4983d7c18d98fa6da5798442ec321d3d1dd31c4241fd20b435,4455,D_PROVISIONAL_ENGINEERING_ONLY,UE 5.5.4 CL 40574608
Content/__ExternalActors__/Canton/DistrictPrototype/Maps/L_Canton_District_PROVISIONAL/5/0I/BTF5YW0PUAOVBAOZVJU6Z3.uasset,b58477584ca59e68c899b785f3fbdf53c6559bab99ca3cebdb52df86da4028a0,4423,D_PROVISIONAL_ENGINEERING_ONLY,UE 5.5.4 CL 40574608
Content/__ExternalActors__/Canton/DistrictPrototype/Maps/L_Canton_District_PROVISIONAL/5/1F/E5OCPH79QNJR309320MZ4X.uasset,9a55788e197f63866a84a2f9590845e03b8450d01e28f0cd0010c937b82f9934,4459,D_PROVISIONAL_ENGINEERING_ONLY,UE 5.5.4 CL 40574608
Content/__ExternalActors__/Canton/DistrictPrototype/Maps/L_Canton_District_PROVISIONAL/5/25/FA8HQZIYY4BKERMZL9RPEO.uasset,59e7d6334798643b4f2749ec987e232c101c8d95663fb4ef040a1f5b8197415f,4457,D_PROVISIONAL_ENGINEERING_ONLY,UE 5.5.4 CL 40574608
Content/__ExternalActors__/Canton/DistrictPrototype/Maps/L_Canton_District_PROVISIONAL/5/2D/0L87V9M6LPN2G39GXKZP8D.uasset,0437e1f71e3adcd51360cba706e2ee3b0c27566168b13813e0f20cb7d3162869,4455,D_PROVISIONAL_ENGINEERING_ONLY,UE 5.5.4 CL 40574608
Content/__ExternalActors__/Canton/DistrictPrototype/Maps/L_Canton_District_PROVISIONAL/5/2O/IEENEQ85F1SCGBNBA4QJG5.uasset,bbba08610f3dc3cf236865a7d15b73c21cd1cab60773bdfe06992311b094de2f,1364694,D_PROVISIONAL_ENGINEERING_ONLY,UE 5.5.4 CL 40574608
Content/__ExternalActors__/Canton/DistrictPrototype/Maps/L_Canton_District_PROVISIONAL/5/2T/6R9KMY0A5DS04EO3V53J4D.uasset,6f90c4c471631130ebd2a2320e4200b897777498b06e3229143572016dd45a57,4459,D_PROVISIONAL_ENGINEERING_ONLY,UE 5.5.4 CL 40574608
Content/__ExternalActors__/Canton/DistrictPrototype/Maps/L_Canton_District_PROVISIONAL/5/37/MRJIKD4XVQ6BK0B41ABAYP.uasset,38cacdddbec3c69ef44afd5cc32ae06cb795fd2f666e0909b83e800fd783369a,4459,D_PROVISIONAL_ENGINEERING_ONLY,UE 5.5.4 CL 40574608
Content/__ExternalActors__/Canton/DistrictPrototype/Maps/L_Canton_District_PROVISIONAL/5/3U/L873SE76XH8WKB50O2VH1R.uasset,5a67a93875169c73c8a8ce52039f0e1793b3164e5049be27c18e670a5e4dae77,4476,D_PROVISIONAL_ENGINEERING_ONLY,UE 5.5.4 CL 40574608
Content/__ExternalActors__/Canton/DistrictPrototype/Maps/L_Canton_District_PROVISIONAL/5/4F/KDQCHQ1AJRZX3YS7GISRBV.uasset,93df279dbb71b56b8f74762c66ec8b915c32b894196cfa1e9718ee7360bc4e75,4461,D_PROVISIONAL_ENGINEERING_ONLY,UE 5.5.4 CL 40574608
Content/__ExternalActors__/Canton/DistrictPrototype/Maps/L_Canton_District_PROVISIONAL/5/4H/Y1BKXIZVOZ7W3GF3SQY0C9.uasset,9561bbfb55b0c26fbd5608594b7fe93cc0cc0fce065740a6bafc76306c4b6a5d,4455,D_PROVISIONAL_ENGINEERING_ONLY,UE 5.5.4 CL 40574608
Content/__ExternalActors__/Canton/DistrictPrototype/Maps/L_Canton_District_PROVISIONAL/5/4I/ID3CDI2YN9ZEQ6MBTRGSO7.uasset,7f62ca055349b6e70d7bdcf9d8044225483f5d5123331e83e47250d67fa4a354,4461,D_PROVISIONAL_ENGINEERING_ONLY,UE 5.5.4 CL 40574608
Content/__ExternalActors__/Canton/DistrictPrototype/Maps/L_Canton_District_PROVISIONAL/5/6K/SRD9E7PQWN2O23GK6G60C9.uasset,299f46afed6c1e184900248caafb7d8d7f97e9e2adfcedbc03e4f03f4c704a7b,4423,D_PROVISIONAL_ENGINEERING_ONLY,UE 5.5.4 CL 40574608
Content/__ExternalActors__/Canton/DistrictPrototype/Maps/L_Canton_District_PROVISIONAL/5/8U/W9N6TVZCWX27ST3TGPB970.uasset,9a2acea99925945dd6cde4468ca8b21e80a99c43659083f50beab77a3cdf3ec0,4129,D_PROVISIONAL_ENGINEERING_ONLY,UE 5.5.4 CL 40574608
Content/__ExternalActors__/Canton/DistrictPrototype/Maps/L_Canton_District_PROVISIONAL/5/CP/PQS2TY7KJ25YGIZTF6I5EP.uasset,67c7ee87c37d5b531a4ce0c4b1b896297dbec17c3dc69dfadf50228c27df71a2,4476,D_PROVISIONAL_ENGINEERING_ONLY,UE 5.5.4 CL 40574608
Content/__ExternalActors__/Canton/DistrictPrototype/Maps/L_Canton_District_PROVISIONAL/5/EN/8FA1FXO4781GXCX251M98I.uasset,33ff3f499e1e588447d08bd2b04f579f4743951eba0cc80a3b7774a8d85a40fc,4423,D_PROVISIONAL_ENGINEERING_ONLY,UE 5.5.4 CL 40574608
Content/__ExternalActors__/Canton/DistrictPrototype/Maps/L_Canton_District_PROVISIONAL/5/EU/N6JV5QJ6TKOOXP3A0QY6AO.uasset,939113ef5471ccf00af58afea8d1e6ca109ae66c62510a850618e2dab300c652,4459,D_PROVISIONAL_ENGINEERING_ONLY,UE 5.5.4 CL 40574608
Content/__ExternalActors__/Canton/DistrictPrototype/Maps/L_Canton_District_PROVISIONAL/5/G9/PBRY75GB5YZ1ZAGFRNR4F3.uasset,c6e0d550daeafc00626bd2b302f341f35782fa7501619fe77e7f661db82cbf97,4461,D_PROVISIONAL_ENGINEERING_ONLY,UE 5.5.4 CL 40574608
Content/__ExternalActors__/Canton/DistrictPrototype/Maps/L_Canton_District_PROVISIONAL/5/GV/Z5BN63JJZJ0XR6DYI573BP.uasset,4abad7d5387b684b9c078aa14f95d8f883b235319f335ebec7191ca61aa83698,4457,D_PROVISIONAL_ENGINEERING_ONLY,UE 5.5.4 CL 40574608
Content/__ExternalActors__/Canton/DistrictPrototype/Maps/L_Canton_District_PROVISIONAL/5/J7/ZZNJ185GSTBK3Y6KUSG4LK.uasset,9bc7fd508e15904a8e006add2a7d54bb103498a9557f0045b80356738c22f9a9,8838,D_PROVISIONAL_ENGINEERING_ONLY,UE 5.5.4 CL 40574608
Content/__ExternalActors__/Canton/DistrictPrototype/Maps/L_Canton_District_PROVISIONAL/5/JZ/1DIN2XC1NCT0401MTLE0V9.uasset,66666f065db8a43fb53f022e781c4d7814588fccbfc8dd0730505a7348d93930,4253,D_PROVISIONAL_ENGINEERING_ONLY,UE 5.5.4 CL 40574608
Content/__ExternalActors__/Canton/DistrictPrototype/Maps/L_Canton_District_PROVISIONAL/5/KZ/GL3HYL8B7HSM37NWBK40NX.uasset,949c8b03a3e9864092db17a14caa97eac04b4eb25d31a373dd09e37ac29fdd13,4461,D_PROVISIONAL_ENGINEERING_ONLY,UE 5.5.4 CL 40574608
Content/__ExternalActors__/Canton/DistrictPrototype/Maps/L_Canton_District_PROVISIONAL/5/LL/DTX2KYKTDXNDJB4URTDL8S.uasset,3154e1059329a8d9b392c09a1ef9b3385aea29bd7b669066723beab4ef271220,4212,D_PROVISIONAL_ENGINEERING_ONLY,UE 5.5.4 CL 40574608
Content/__ExternalActors__/Canton/DistrictPrototype/Maps/L_Canton_District_PROVISIONAL/5/M0/J955RIRLSQSBZ0RXQA9FGG.uasset,aa715908c73fb0f055f13169ee8d487ef38bb679a2b14c878d347d9fef708403,4216,D_PROVISIONAL_ENGINEERING_ONLY,UE 5.5.4 CL 40574608
Content/__ExternalActors__/Canton/DistrictPrototype/Maps/L_Canton_District_PROVISIONAL/5/MH/TJCQ39HAYOMDZIMSGJTOTA.uasset,602e82b405b962980895de0a98233453b9fec38947d000a04b28b78e2697042e,1345658,D_PROVISIONAL_ENGINEERING_ONLY,UE 5.5.4 CL 40574608
Content/__ExternalActors__/Canton/DistrictPrototype/Maps/L_Canton_District_PROVISIONAL/5/MJ/2NR4385U3LT8L2VK86J6F9.uasset,a459005fdfe938a5343ee6d0eeeff28487c14744e268d60ad41acd3477031740,4457,D_PROVISIONAL_ENGINEERING_ONLY,UE 5.5.4 CL 40574608
Content/__ExternalActors__/Canton/DistrictPrototype/Maps/L_Canton_District_PROVISIONAL/5/MM/0QLQ58NS0FIX8SBILLZHJS.uasset,5fb56b6c1b1a719d1383b21c50a4204f0e96f8e10ba5c7dd93bcfa302cd7f7e4,4476,D_PROVISIONAL_ENGINEERING_ONLY,UE 5.5.4 CL 40574608
Content/__ExternalActors__/Canton/DistrictPrototype/Maps/L_Canton_District_PROVISIONAL/5/OU/AKMKQXQQP8U8WJYYK50ITV.uasset,fa8dd67c40d50f8e4ea3f4342586de028299559eb11c476acfd28b30ba019aa2,4212,D_PROVISIONAL_ENGINEERING_ONLY,UE 5.5.4 CL 40574608
Content/__ExternalActors__/Canton/DistrictPrototype/Maps/L_Canton_District_PROVISIONAL/5/P5/5B2W123EIIZAE0UR3AUYFT.uasset,af86e00c5a211dc40dbf5eef0585a367311b929b447bc071a2ee5a4e957f3553,4212,D_PROVISIONAL_ENGINEERING_ONLY,UE 5.5.4 CL 40574608
Content/__ExternalActors__/Canton/DistrictPrototype/Maps/L_Canton_District_PROVISIONAL/5/PP/SR36VFKGSJYIPHBGAT42A8.uasset,0c2e502f403eb80a93b392d1760dd245dba6d7eecf9c8bd5cc795026a90fe233,4457,D_PROVISIONAL_ENGINEERING_ONLY,UE 5.5.4 CL 40574608
Content/__ExternalActors__/Canton/DistrictPrototype/Maps/L_Canton_District_PROVISIONAL/5/S1/O15TCAJ9M8E769YVIRDHEY.uasset,894032b02e96f3259c084214a871ee4d9389d41480a4cf89df878b11251cac0e,4457,D_PROVISIONAL_ENGINEERING_ONLY,UE 5.5.4 CL 40574608
Content/__ExternalActors__/Canton/DistrictPrototype/Maps/L_Canton_District_PROVISIONAL/5/SG/XBP3TGNYH1CR7UDISUZ0EK.uasset,e6a44be1e67d07be62cffacca52be1225106f1d029ee7b6847133bef3df57e8f,4455,D_PROVISIONAL_ENGINEERING_ONLY,UE 5.5.4 CL 40574608
Content/__ExternalActors__/Canton/DistrictPrototype/Maps/L_Canton_District_PROVISIONAL/5/T8/MMYDZHJGJJWP53SOMAYVEN.uasset,f89a27dfb7cf61ddee7d36bb58435e8694a3061bd8cadbfa1cf997545d9ea018,4253,D_PROVISIONAL_ENGINEERING_ONLY,UE 5.5.4 CL 40574608
Content/__ExternalActors__/Canton/DistrictPrototype/Maps/L_Canton_District_PROVISIONAL/5/TC/KG2RSR9WKZXICFQETM2W71.uasset,9b8f8859df7f544ad1864e5858b5e0080dd727dbc418c5915b634c71280100d0,4253,D_PROVISIONAL_ENGINEERING_ONLY,UE 5.5.4 CL 40574608
Content/__ExternalActors__/Canton/DistrictPrototype/Maps/L_Canton_District_PROVISIONAL/5/UI/3I623YEV2J8QDFY1O0UYJC.uasset,210fda92cdfa0823b37934fe77a7b63b958bc3c722996744427828f860fd1edf,4457,D_PROVISIONAL_ENGINEERING_ONLY,UE 5.5.4 CL 40574608
Content/__ExternalActors__/Canton/DistrictPrototype/Maps/L_Canton_District_PROVISIONAL/5/VR/9M5NBU8XHYJK4QZ5R7VY83.uasset,c8275750e03ce7d5ef28abb229257ebddd08b094015a2a325d4a10e0e0a8a681,4455,D_PROVISIONAL_ENGINEERING_ONLY,UE 5.5.4 CL 40574608
Content/__ExternalActors__/Canton/DistrictPrototype/Maps/L_Canton_District_PROVISIONAL/5/W2/IEU96ZUV1L53RK1B1I0NHV.uasset,1a83c86ef2a6e8629aea63184663ad1751c86304abd0ba5579e098b9feb69fe3,4216,D_PROVISIONAL_ENGINEERING_ONLY,UE 5.5.4 CL 40574608
Content/__ExternalActors__/Canton/DistrictPrototype/Maps/L_Canton_District_PROVISIONAL/5/W2/WWGBQQGQ7O4QLRFSN0TWG9.uasset,7872acd70e214f0a9e6848ade167aa96143248f6c9ab59ca5771e8dfc84dc130,4253,D_PROVISIONAL_ENGINEERING_ONLY,UE 5.5.4 CL 40574608
Content/__ExternalActors__/Canton/DistrictPrototype/Maps/L_Canton_District_PROVISIONAL/5/YE/7CEKFEZN8YJ2S5PWOX4AF7.uasset,3dca036ebe59ec190f211ea97fb9609f32924d6afb0b840a1a594f53a487283b,4457,D_PROVISIONAL_ENGINEERING_ONLY,UE 5.5.4 CL 40574608
Content/__ExternalActors__/Canton/DistrictPrototype/Maps/L_Canton_District_PROVISIONAL/5/ZS/4FQ5TY9R01P53HPO1BF4YF.uasset,475156361664c412bda4e6ed967f548057f410ea9f4c5ff9c41bd6498dc10e98,4457,D_PROVISIONAL_ENGINEERING_ONLY,UE 5.5.4 CL 40574608
Content/__ExternalActors__/Canton/DistrictPrototype/Maps/L_Canton_District_PROVISIONAL/6/0C/EH2I4G6UZ6HVVRUYWADRBO.uasset,bd3b17c9f079f3d596fe15763a31a77c3704c3e5efd428f2b82c72e4d052f989,4455,D_PROVISIONAL_ENGINEERING_ONLY,UE 5.5.4 CL 40574608
Content/__ExternalActors__/Canton/DistrictPrototype/Maps/L_Canton_District_PROVISIONAL/6/0Q/AHU1XT315QBY6RQ24PFNGS.uasset,c1e81d61150a10bb41b3c6a9c68c237ee1905e0a44c2237459218f40e29bacb2,4461,D_PROVISIONAL_ENGINEERING_ONLY,UE 5.5.4 CL 40574608
Content/__ExternalActors__/Canton/DistrictPrototype/Maps/L_Canton_District_PROVISIONAL/6/0W/OYLAH1V82SEJPZWQBL4Z9V.uasset,5c60bc9542ff98e6c5acb03f9d6ae078f2e8a9984392b58e2e7851c3cf9f2a18,4433,D_PROVISIONAL_ENGINEERING_ONLY,UE 5.5.4 CL 40574608
Content/__ExternalActors__/Canton/DistrictPrototype/Maps/L_Canton_District_PROVISIONAL/6/1V/REUQOPD4W0CMXQM4T4MOS8.uasset,c175ea2978f403c29fbd4213e9836a9320521297b25a9bd6147198f564be2650,4212,D_PROVISIONAL_ENGINEERING_ONLY,UE 5.5.4 CL 40574608
Content/__ExternalActors__/Canton/DistrictPrototype/Maps/L_Canton_District_PROVISIONAL/6/1Y/DVZNHQFRZPMPOYDJPBR2D0.uasset,aa687e9ebbbfddb332df716a5ae031086dd55cc999b5c1fce816dab2462e858b,4459,D_PROVISIONAL_ENGINEERING_ONLY,UE 5.5.4 CL 40574608
Content/__ExternalActors__/Canton/DistrictPrototype/Maps/L_Canton_District_PROVISIONAL/6/2G/GFHATDRCPLOQD32ASNPO14.uasset,d07432e28b9cc574efa0d99246f4e74fa7a76b39780b949974c14c075fb9e509,4315,D_PROVISIONAL_ENGINEERING_ONLY,UE 5.5.4 CL 40574608
Content/__ExternalActors__/Canton/DistrictPrototype/Maps/L_Canton_District_PROVISIONAL/6/2T/Y2BNG6ED5AIE7MVXK8ZX95.uasset,e86e690e3369b27a5d6054eddbeb3959f6dbd0e38be3e2d91cdf613336ca5cad,4476,D_PROVISIONAL_ENGINEERING_ONLY,UE 5.5.4 CL 40574608
Content/__ExternalActors__/Canton/DistrictPrototype/Maps/L_Canton_District_PROVISIONAL/6/39/2V46Y2YNTL3V536N9M7KLA.uasset,03d5cc6693940494f0bb6f3f6228bf4cbf9c98d79e65ae188ef8eb02d073b16f,4455,D_PROVISIONAL_ENGINEERING_ONLY,UE 5.5.4 CL 40574608
Content/__ExternalActors__/Canton/DistrictPrototype/Maps/L_Canton_District_PROVISIONAL/6/39/WN4VBL0PK9GSU31OEOJ37R.uasset,f8a1aa7fdba956f342b47fee0b8eb16415dd3248808e3a5f88f05e422c1f57a1,4461,D_PROVISIONAL_ENGINEERING_ONLY,UE 5.5.4 CL 40574608
Content/__ExternalActors__/Canton/DistrictPrototype/Maps/L_Canton_District_PROVISIONAL/6/3Q/VIMJZ27SS5D8LKIPO2MWJ3.uasset,d721f21758291de92a81778f5f5705c7bf106980fc39b788cfa993048774afe3,4457,D_PROVISIONAL_ENGINEERING_ONLY,UE 5.5.4 CL 40574608
Content/__ExternalActors__/Canton/DistrictPrototype/Maps/L_Canton_District_PROVISIONAL/6/47/H49VG84PZYONLDN3LQPAQC.uasset,11f92dc386b13719fad6f47cb66e137c2580735bef12734c69a452ec811c1103,4476,D_PROVISIONAL_ENGINEERING_ONLY,UE 5.5.4 CL 40574608
Content/__ExternalActors__/Canton/DistrictPrototype/Maps/L_Canton_District_PROVISIONAL/6/4I/VJY2LE16W21JE885RJY2G4.uasset,f8dabf643b63fe603c83707fce4f9aef686bff77d556b4e06225599150729de7,4476,D_PROVISIONAL_ENGINEERING_ONLY,UE 5.5.4 CL 40574608
Content/__ExternalActors__/Canton/DistrictPrototype/Maps/L_Canton_District_PROVISIONAL/6/6D/RUUXAMVJ4OOYW3T9TZX8KR.uasset,22a64fe1e150d2f1f7c8e3aaa412e1addf4b819a1115a4bfb1c1813755550974,4212,D_PROVISIONAL_ENGINEERING_ONLY,UE 5.5.4 CL 40574608
Content/__ExternalActors__/Canton/DistrictPrototype/Maps/L_Canton_District_PROVISIONAL/6/87/JV10WL4UU8O4NL13C8TI2K.uasset,eaeccc2ed9dbafd12224ca4d28527ae002118e644aa0941f23767573313a75c1,4423,D_PROVISIONAL_ENGINEERING_ONLY,UE 5.5.4 CL 40574608
Content/__ExternalActors__/Canton/DistrictPrototype/Maps/L_Canton_District_PROVISIONAL/6/8F/EL7ZJP8RT68KHZ0N5XZWHS.uasset,229f848269073c59c5f83bd3c490523a325c863daf4c32c3240c4e7c5e98560d,4315,D_PROVISIONAL_ENGINEERING_ONLY,UE 5.5.4 CL 40574608
Content/__ExternalActors__/Canton/DistrictPrototype/Maps/L_Canton_District_PROVISIONAL/6/98/JHK0JF29CNZ8HWE22JR30V.uasset,b92a940fbeeb7466b492123791b8450b22224b90bb509e7e258e9903aafc378e,4459,D_PROVISIONAL_ENGINEERING_ONLY,UE 5.5.4 CL 40574608
Content/__ExternalActors__/Canton/DistrictPrototype/Maps/L_Canton_District_PROVISIONAL/6/9G/MXH1872I69KWYOSU3J5SCZ.uasset,5706c87718821238eaad13ae46baf26adb76d06537d8209ab4df5a513a2b510a,4253,D_PROVISIONAL_ENGINEERING_ONLY,UE 5.5.4 CL 40574608
Content/__ExternalActors__/Canton/DistrictPrototype/Maps/L_Canton_District_PROVISIONAL/6/9M/9CFWBT0G3VE5DRA08O9IIB.uasset,0c6c07b4fd73cb22c2bffd6814055b984ba3ed0661a7fdc99595fc0ab1500443,4476,D_PROVISIONAL_ENGINEERING_ONLY,UE 5.5.4 CL 40574608
Content/__ExternalActors__/Canton/DistrictPrototype/Maps/L_Canton_District_PROVISIONAL/6/9O/OM34TYC7D43ICUSIHR1X81.uasset,fb4fba67565685d452d16a8e0e69fbfdc7c0293ed5b5ff40283463b70a5f34ec,4423,D_PROVISIONAL_ENGINEERING_ONLY,UE 5.5.4 CL 40574608
Content/__ExternalActors__/Canton/DistrictPrototype/Maps/L_Canton_District_PROVISIONAL/6/9U/ICLTGI17UKV4WUCCOSKDSE.uasset,b94bcf0a1bb3905a80099de2e076a2ecf24a9a8fd400a7d28868d81694d8e069,4433,D_PROVISIONAL_ENGINEERING_ONLY,UE 5.5.4 CL 40574608
Content/__ExternalActors__/Canton/DistrictPrototype/Maps/L_Canton_District_PROVISIONAL/6/AB/DHK9N6GINI4JHMNGX17QV9.uasset,2966f45933095bb162526a81a613b8000c39ec81ee9de541cd2d32314a19e6b6,4459,D_PROVISIONAL_ENGINEERING_ONLY,UE 5.5.4 CL 40574608
Content/__ExternalActors__/Canton/DistrictPrototype/Maps/L_Canton_District_PROVISIONAL/6/AD/OK4X7NOCJ37M90P8CM3T24.uasset,5a254ffdfa03289c80becef8a0260e826389feaf4b3d051126f7f0f3ee9e67f4,4476,D_PROVISIONAL_ENGINEERING_ONLY,UE 5.5.4 CL 40574608
Content/__ExternalActors__/Canton/DistrictPrototype/Maps/L_Canton_District_PROVISIONAL/6/AQ/3V4RZVIQWQEOFF1WBSRHL3.uasset,b06c30f89315ef1030e32d3c054448948dfc5edfa51581f329bffec2986c975b,4461,D_PROVISIONAL_ENGINEERING_ONLY,UE 5.5.4 CL 40574608
Content/__ExternalActors__/Canton/DistrictPrototype/Maps/L_Canton_District_PROVISIONAL/6/BM/AK6OIRQSLE82PXZJ2LLVNS.uasset,ca6d3e66470376e363d7e8f72b058e4d37bdf0cda9c1916deece4b610223eec2,4455,D_PROVISIONAL_ENGINEERING_ONLY,UE 5.5.4 CL 40574608
Content/__ExternalActors__/Canton/DistrictPrototype/Maps/L_Canton_District_PROVISIONAL/6/BN/0KVV9MARGGPZYYVFJFPXGD.uasset,6c779329d453432884194248c53d6d2887cbb4a943bb54286492dfc53680892e,4455,D_PROVISIONAL_ENGINEERING_ONLY,UE 5.5.4 CL 40574608
Content/__ExternalActors__/Canton/DistrictPrototype/Maps/L_Canton_District_PROVISIONAL/6/C7/4KILYTFQM64BLNYXR0O902.uasset,adc56ab2eef728c10326b8b25c7f95d064a821c48a492a01aa03f64eca9d9992,4423,D_PROVISIONAL_ENGINEERING_ONLY,UE 5.5.4 CL 40574608
Content/__ExternalActors__/Canton/DistrictPrototype/Maps/L_Canton_District_PROVISIONAL/6/E2/I8OM5F5DFR8DPF20XUUFKB.uasset,097c824d9b456d0a13f11bbb053dd541611eea71374aa8a4ac79d1b17b40a0f3,4476,D_PROVISIONAL_ENGINEERING_ONLY,UE 5.5.4 CL 40574608
Content/__ExternalActors__/Canton/DistrictPrototype/Maps/L_Canton_District_PROVISIONAL/6/E3/1U3U9JE1IMHWM22DUTNDTA.uasset,977e5bed88240a4b95a58ff191ef3577fa5de171ef51aad88462908f6ff70ef5,4212,D_PROVISIONAL_ENGINEERING_ONLY,UE 5.5.4 CL 40574608
Content/__ExternalActors__/Canton/DistrictPrototype/Maps/L_Canton_District_PROVISIONAL/6/FS/AUKXLZ26052HJOIWKKY6B1.uasset,141077a3b5b460acde8cf38cb82aa0c42f70448c38fbf07e10a53b602ef3776a,4476,D_PROVISIONAL_ENGINEERING_ONLY,UE 5.5.4 CL 40574608
Content/__ExternalActors__/Canton/DistrictPrototype/Maps/L_Canton_District_PROVISIONAL/6/G6/WWU0WAZDB2HU868X6FJR9F.uasset,86d13a32247526d96c77efb0d0270191c1c808b0906565ca779c1b6a37476dcd,4459,D_PROVISIONAL_ENGINEERING_ONLY,UE 5.5.4 CL 40574608
Content/__ExternalActors__/Canton/DistrictPrototype/Maps/L_Canton_District_PROVISIONAL/6/GE/YKYCRIH1F70FAXM7C1BW57.uasset,825a9b716d136635f3ea07dcc39779fba5118d61f40e466beaea464f0ce2db2d,4315,D_PROVISIONAL_ENGINEERING_ONLY,UE 5.5.4 CL 40574608
Content/__ExternalActors__/Canton/DistrictPrototype/Maps/L_Canton_District_PROVISIONAL/6/GO/GX6Z6MQD5PNN1LNSGUBIM7.uasset,f6f4ba91877390e53a8237960149f21916fb6c2439509e08ffdc8b7845005737,4124,D_PROVISIONAL_ENGINEERING_ONLY,UE 5.5.4 CL 40574608
Content/__ExternalActors__/Canton/DistrictPrototype/Maps/L_Canton_District_PROVISIONAL/6/HR/63ZKKZEYXGSI9K1OOV34UE.uasset,b3127d6f99ac2187e4e361f19cc4c78e10e81e8baa5fd362ee8ba54fb4438883,4476,D_PROVISIONAL_ENGINEERING_ONLY,UE 5.5.4 CL 40574608
Content/__ExternalActors__/Canton/DistrictPrototype/Maps/L_Canton_District_PROVISIONAL/6/IO/8WT5YO4YU8GVYTYBY95EIU.uasset,09f6ad316cf22d6d075120f6f96993bd1a4e4bf7d0f13a3bf5ed961cdc1835ac,4212,D_PROVISIONAL_ENGINEERING_ONLY,UE 5.5.4 CL 40574608
Content/__ExternalActors__/Canton/DistrictPrototype/Maps/L_Canton_District_PROVISIONAL/6/J9/L4QTQSH3YZHKYK6Y0UW7G3.uasset,340fe066604894298051a6b7a582783560d8ff0ef48923196d0fade8d43c8034,4459,D_PROVISIONAL_ENGINEERING_ONLY,UE 5.5.4 CL 40574608
Content/__ExternalActors__/Canton/DistrictPrototype/Maps/L_Canton_District_PROVISIONAL/6/LZ/MS6553XF29B3CUT2PNITTY.uasset,006d3b7f5405d02a2aa26e4bcfbd732b90d058edbb43db795895e4dcc7925e1f,4476,D_PROVISIONAL_ENGINEERING_ONLY,UE 5.5.4 CL 40574608
Content/__ExternalActors__/Canton/DistrictPrototype/Maps/L_Canton_District_PROVISIONAL/6/MK/272A4Q27QDODVBEX88TUF6.uasset,989b780d91d969b3463badccee3423e8bdc733c598a1385a72d2585c5ae952b8,4149,D_PROVISIONAL_ENGINEERING_ONLY,UE 5.5.4 CL 40574608
Content/__ExternalActors__/Canton/DistrictPrototype/Maps/L_Canton_District_PROVISIONAL/6/MQ/5TAS81JV6K2E3L6AFG2UPL.uasset,3c30c28a7b7e65a3b8ae54d32822954d43b16314431a3c0a59f8e697f932fe4a,4433,D_PROVISIONAL_ENGINEERING_ONLY,UE 5.5.4 CL 40574608
Content/__ExternalActors__/Canton/DistrictPrototype/Maps/L_Canton_District_PROVISIONAL/6/N3/BNJLCH5D15OQPUOQ5V3PPO.uasset,69b1f08ab69c459f684a815e53eeec99dfabbc2e275f41827b3aeb8bf1d351b4,4391,D_PROVISIONAL_ENGINEERING_ONLY,UE 5.5.4 CL 40574608
Content/__ExternalActors__/Canton/DistrictPrototype/Maps/L_Canton_District_PROVISIONAL/6/NU/OQFT0B8E6IFWNWO1H0M5BL.uasset,c0ef1b09f0c353afdcb43f1f908f51589f11228dbb6153278469927a26608b74,4459,D_PROVISIONAL_ENGINEERING_ONLY,UE 5.5.4 CL 40574608
Content/__ExternalActors__/Canton/DistrictPrototype/Maps/L_Canton_District_PROVISIONAL/6/OL/T1OEPTAB8OQYRQGGJCME0M.uasset,703be5f3cfada4b7b6ca721edea35064eab5c43743c999037a5619fb025aeebd,4423,D_PROVISIONAL_ENGINEERING_ONLY,UE 5.5.4 CL 40574608
Content/__ExternalActors__/Canton/DistrictPrototype/Maps/L_Canton_District_PROVISIONAL/6/P3/1R6D4A188HRO3XYFZ9NRF1.uasset,232111ff9e1651e2f2671469955eff08ebac0812c08ae484f8b2e4811d6aab85,4455,D_PROVISIONAL_ENGINEERING_ONLY,UE 5.5.4 CL 40574608
Content/__ExternalActors__/Canton/DistrictPrototype/Maps/L_Canton_District_PROVISIONAL/6/PK/Y6QCBEJJ30TC13ZTVPUCO5.uasset,5efb09d9c75ab79acfe60150387bf4b19a4dcd5c1479f3eca8bfcc282daf00bb,4455,D_PROVISIONAL_ENGINEERING_ONLY,UE 5.5.4 CL 40574608
Content/__ExternalActors__/Canton/DistrictPrototype/Maps/L_Canton_District_PROVISIONAL/6/PO/BI41UWD0DB2ZMVB9HI7X4F.uasset,dcc76635879b98a41d7b93be29c0b9c3c3fa73d2c5a22cc4b9b11e068833bb60,4476,D_PROVISIONAL_ENGINEERING_ONLY,UE 5.5.4 CL 40574608
Content/__ExternalActors__/Canton/DistrictPrototype/Maps/L_Canton_District_PROVISIONAL/6/Q6/QDGE2V9R5YNMGUUPVOA382.uasset,13021a1c0614b2f616f02371074a738c72713673451bb7b7e894ca16f1ffbd33,4455,D_PROVISIONAL_ENGINEERING_ONLY,UE 5.5.4 CL 40574608
Content/__ExternalActors__/Canton/DistrictPrototype/Maps/L_Canton_District_PROVISIONAL/6/QV/BZV1XKWHA4AN7PHHP5MK4E.uasset,6f5c17d533044eba20ccfdc94a59946b14f39e3f8f25f787e9eb10149d44598e,4216,D_PROVISIONAL_ENGINEERING_ONLY,UE 5.5.4 CL 40574608
Content/__ExternalActors__/Canton/DistrictPrototype/Maps/L_Canton_District_PROVISIONAL/6/QY/NI7RDHRY796W6LKHMWI868.uasset,57e7f2c2b365ded7512f11915ade02bd5fe9745d86ed0d2fcd932b52a5e51a14,4461,D_PROVISIONAL_ENGINEERING_ONLY,UE 5.5.4 CL 40574608
Content/__ExternalActors__/Canton/DistrictPrototype/Maps/L_Canton_District_PROVISIONAL/6/R4/Q6D0781O4RI79H9X3PTEAZ.uasset,2703cb8903e034c6c33a6e11c1c32478ca65326292d0683d4ffd83f5c44116ca,4457,D_PROVISIONAL_ENGINEERING_ONLY,UE 5.5.4 CL 40574608
Content/__ExternalActors__/Canton/DistrictPrototype/Maps/L_Canton_District_PROVISIONAL/6/TE/8J2P2H40CFNZWOHIDNS7HK.uasset,fa83242d1161025245511db7b3e0ebb08f5380d6e34d1da9e543ad3977c5588c,4216,D_PROVISIONAL_ENGINEERING_ONLY,UE 5.5.4 CL 40574608
Content/__ExternalActors__/Canton/DistrictPrototype/Maps/L_Canton_District_PROVISIONAL/6/U3/ASHOC6E70IR420W01DZEDL.uasset,403f8f313d86b1e807c12c4438941ad619febcbcec404a8401216a67f12e7792,4315,D_PROVISIONAL_ENGINEERING_ONLY,UE 5.5.4 CL 40574608
Content/__ExternalActors__/Canton/DistrictPrototype/Maps/L_Canton_District_PROVISIONAL/6/UX/JC8O55AGS2GJZ2FWPHD5YN.uasset,8b9e2f23e46f611e68df28b0301b53ca813e0a86cebc7c789bbbcd0b9507db5f,4459,D_PROVISIONAL_ENGINEERING_ONLY,UE 5.5.4 CL 40574608
Content/__ExternalActors__/Canton/DistrictPrototype/Maps/L_Canton_District_PROVISIONAL/6/VM/YUG0GJYCTH5T1O0T6CTS0X.uasset,a19252a48dd18bd94c8676b52a2208950ed6cef1e286a190525dac98a534e7ff,4216,D_PROVISIONAL_ENGINEERING_ONLY,UE 5.5.4 CL 40574608
Content/__ExternalActors__/Canton/DistrictPrototype/Maps/L_Canton_District_PROVISIONAL/6/W4/MN9RW7IV5YI1029NJXP7T4.uasset,f86785c00ce5b14bcd9efcfd957e2e19308762d23b21d88f58b2730a4e8ed3e9,4461,D_PROVISIONAL_ENGINEERING_ONLY,UE 5.5.4 CL 40574608
Content/__ExternalActors__/Canton/DistrictPrototype/Maps/L_Canton_District_PROVISIONAL/6/WF/YUW7EMMCGSL7C6BTI7I0BJ.uasset,a878a41e759605b7f016a90efb86403d9c44e34e4de113a23b7532e7a0a5bb8b,4461,D_PROVISIONAL_ENGINEERING_ONLY,UE 5.5.4 CL 40574608
Content/__ExternalActors__/Canton/DistrictPrototype/Maps/L_Canton_District_PROVISIONAL/6/WI/5RMRHFW209M9XCV93WMLFH.uasset,cd0b65768362142938f16d81123bd5921080517ce36c683fed60c23e5a0f18aa,4423,D_PROVISIONAL_ENGINEERING_ONLY,UE 5.5.4 CL 40574608
Content/__ExternalActors__/Canton/DistrictPrototype/Maps/L_Canton_District_PROVISIONAL/6/X8/MLEIMYS61AW6XMA1RH0B93.uasset,6f9c8835d1fa5d0bf11024a8ebb4919f0e1d62bf0170bdfb75aa511336a7c52e,4476,D_PROVISIONAL_ENGINEERING_ONLY,UE 5.5.4 CL 40574608
Content/__ExternalActors__/Canton/DistrictPrototype/Maps/L_Canton_District_PROVISIONAL/6/Y0/Y5E1NY3SOTXRQHES3N5KU5.uasset,da0cc283591483bbd2dc5f5e8a9654098507194e1f303ac8d8931d8a94fa5764,4315,D_PROVISIONAL_ENGINEERING_ONLY,UE 5.5.4 CL 40574608
Content/__ExternalActors__/Canton/DistrictPrototype/Maps/L_Canton_District_PROVISIONAL/6/Y1/I43S353F1D0KSHOJGPBG66.uasset,78c4b57d1bb27bbfcd2ab06ee215570e0168268b5085eea119931890d8675d29,4461,D_PROVISIONAL_ENGINEERING_ONLY,UE 5.5.4 CL 40574608
Content/__ExternalActors__/Canton/DistrictPrototype/Maps/L_Canton_District_PROVISIONAL/6/Y1/INXAKD0ELDVVXOS6O7E9UH.uasset,483b1255f059346440ea6f3b32253ce8a44ea15d7ef3983aed1920074d13c064,4457,D_PROVISIONAL_ENGINEERING_ONLY,UE 5.5.4 CL 40574608
Content/__ExternalActors__/Canton/DistrictPrototype/Maps/L_Canton_District_PROVISIONAL/6/YV/0EYBTCRSNAT4G3KR0R2SLP.uasset,57beb4345b15c0787cb7089f7b4aeb71e395ef3ae25b451e2d9eebc4272836e4,4459,D_PROVISIONAL_ENGINEERING_ONLY,UE 5.5.4 CL 40574608
Content/__ExternalActors__/Canton/DistrictPrototype/Maps/L_Canton_District_PROVISIONAL/6/Z7/PKAINUQXRK97ZAWDO7K8AH.uasset,41f52157c7cba244fe946d8b3ade5386570219def49704b6fc6314131dfd9f34,4212,D_PROVISIONAL_ENGINEERING_ONLY,UE 5.5.4 CL 40574608
Content/__ExternalActors__/Canton/DistrictPrototype/Maps/L_Canton_District_PROVISIONAL/7/0Q/4UVIDO9QVIVGS09OTWK9K6.uasset,e5e4a70d6dc5c39f72f403ad568a52751ae571f1453688b371c22c06889a9f37,4476,D_PROVISIONAL_ENGINEERING_ONLY,UE 5.5.4 CL 40574608
Content/__ExternalActors__/Canton/DistrictPrototype/Maps/L_Canton_District_PROVISIONAL/7/12/H54OGDZQ3G7YYPR71DT42I.uasset,8ea4e1741cf5314b22d2361ecc8cda91c2a70439ba7aebd43eb833aeb22408c6,4423,D_PROVISIONAL_ENGINEERING_ONLY,UE 5.5.4 CL 40574608
Content/__ExternalActors__/Canton/DistrictPrototype/Maps/L_Canton_District_PROVISIONAL/7/1A/4OYU5FWSHMAPABBSBU5BUS.uasset,d9792c1a73a528c157b597400d42b56fffc70375bbd9af0aba1109521c843301,4461,D_PROVISIONAL_ENGINEERING_ONLY,UE 5.5.4 CL 40574608
Content/__ExternalActors__/Canton/DistrictPrototype/Maps/L_Canton_District_PROVISIONAL/7/25/TS1TCRM8W1EW0BV0Z09MAH.uasset,43e0be62546f811d368abe057b0c9f5843e43f78d30a12f72c16827475eb09a5,4216,D_PROVISIONAL_ENGINEERING_ONLY,UE 5.5.4 CL 40574608
Content/__ExternalActors__/Canton/DistrictPrototype/Maps/L_Canton_District_PROVISIONAL/7/2I/BPZYMCV1JP8SCUZ1UN8NN0.uasset,8baa89a57f78b0ec2fd5189677d3bbc4062a9f15fa8c5ab3779f764dddf2d1cf,4455,D_PROVISIONAL_ENGINEERING_ONLY,UE 5.5.4 CL 40574608
Content/__ExternalActors__/Canton/DistrictPrototype/Maps/L_Canton_District_PROVISIONAL/7/2Z/1RPS7K8WF9KQDSLHTGFFYF.uasset,a89a0b0526517a7800e9d45fc4512b8a2bc2f942d0a1a657e0a3cb8636f58e5a,4457,D_PROVISIONAL_ENGINEERING_ONLY,UE 5.5.4 CL 40574608
Content/__ExternalActors__/Canton/DistrictPrototype/Maps/L_Canton_District_PROVISIONAL/7/2Z/LN3Y3IAXF9S6FS6863V736.uasset,b3cf27c643ace5a9f7328f355eee65721be8e5bb462124999d42010dedf01a4d,4457,D_PROVISIONAL_ENGINEERING_ONLY,UE 5.5.4 CL 40574608
Content/__ExternalActors__/Canton/DistrictPrototype/Maps/L_Canton_District_PROVISIONAL/7/32/VWNB9L3163BRHM8F04XXIW.uasset,bfa8cc17d527ded10879a4018e59880c47bd854eaac1ba01d9d3cbcb341db7f6,4476,D_PROVISIONAL_ENGINEERING_ONLY,UE 5.5.4 CL 40574608
Content/__ExternalActors__/Canton/DistrictPrototype/Maps/L_Canton_District_PROVISIONAL/7/55/82Q1Y1L28ATSNRFCCEB4KV.uasset,4836bf95c04c4539f1fb97d0b81aa7cbbba11d7f96379ee91e9cad5a22ea7a3e,4423,D_PROVISIONAL_ENGINEERING_ONLY,UE 5.5.4 CL 40574608
Content/__ExternalActors__/Canton/DistrictPrototype/Maps/L_Canton_District_PROVISIONAL/7/5A/HM0INMU35PFZ4S6MJPVXK2.uasset,d5549a4e00926eeabd004fc6a69c49499d4aa26da545d4bdde56d2b0174a77f9,4457,D_PROVISIONAL_ENGINEERING_ONLY,UE 5.5.4 CL 40574608
Content/__ExternalActors__/Canton/DistrictPrototype/Maps/L_Canton_District_PROVISIONAL/7/5A/XVUUNR5A0VMS05RM7VDPLH.uasset,88b61843139fab7d29b356f727b44f31d7584f8fec66454e88cb705913ea7809,4216,D_PROVISIONAL_ENGINEERING_ONLY,UE 5.5.4 CL 40574608
Content/__ExternalActors__/Canton/DistrictPrototype/Maps/L_Canton_District_PROVISIONAL/7/5B/AGEX67MAX4RGSPDF1T9C38.uasset,11a4c90d59df75da706793c947621904673a5418b9ea999a3b188fb728414bd9,4461,D_PROVISIONAL_ENGINEERING_ONLY,UE 5.5.4 CL 40574608
Content/__ExternalActors__/Canton/DistrictPrototype/Maps/L_Canton_District_PROVISIONAL/7/73/BEHCZCNT5QS54IOC5M52Q3.uasset,902386524306f741a5c5054bd03d820117ddde142e2cc78bc8a2e1bb14cdf397,4459,D_PROVISIONAL_ENGINEERING_ONLY,UE 5.5.4 CL 40574608
Content/__ExternalActors__/Canton/DistrictPrototype/Maps/L_Canton_District_PROVISIONAL/7/79/PUGY41NT6M7WI0QYTBG3KO.uasset,e27918a84e51881bdc9a483ccee607fe3192b7c046e4343f7031482d38118265,4455,D_PROVISIONAL_ENGINEERING_ONLY,UE 5.5.4 CL 40574608
Content/__ExternalActors__/Canton/DistrictPrototype/Maps/L_Canton_District_PROVISIONAL/7/79/TNY7632XSE8GJHRQUNFSTZ.uasset,32fb1bc86a8954f15b34049e35bf0e0005d215a28b1a05a462d8c2c65d4b794d,4457,D_PROVISIONAL_ENGINEERING_ONLY,UE 5.5.4 CL 40574608
Content/__ExternalActors__/Canton/DistrictPrototype/Maps/L_Canton_District_PROVISIONAL/7/90/GYJ7918YC8L9HRNVYI52G7.uasset,13a4594abebb017c9ff491e4a13a3c3c7f6b63a96f457afb7fd27fe9d03a027d,4459,D_PROVISIONAL_ENGINEERING_ONLY,UE 5.5.4 CL 40574608
Content/__ExternalActors__/Canton/DistrictPrototype/Maps/L_Canton_District_PROVISIONAL/7/90/W8PJND87C2CNJ6S99NCLFD.uasset,611f6d4d7aa7012354ea8de24a3cceae5cd68b3b2efac4b23a352c79c391392e,4476,D_PROVISIONAL_ENGINEERING_ONLY,UE 5.5.4 CL 40574608
Content/__ExternalActors__/Canton/DistrictPrototype/Maps/L_Canton_District_PROVISIONAL/7/9G/70U47ZK3YEFRIR4SU8BM3S.uasset,641a24df8ce9a29b4093a8b732d91ba6b249525c888f34269a1f69cf734c48cc,4216,D_PROVISIONAL_ENGINEERING_ONLY,UE 5.5.4 CL 40574608
Content/__ExternalActors__/Canton/DistrictPrototype/Maps/L_Canton_District_PROVISIONAL/7/AD/JZ1M6DSD53DQ50CJKNGUQZ.uasset,09e0a20dd757052fb496a04fcd14ec97c3080a65fbd6ea3db3ed5986142d53ca,4476,D_PROVISIONAL_ENGINEERING_ONLY,UE 5.5.4 CL 40574608
Content/__ExternalActors__/Canton/DistrictPrototype/Maps/L_Canton_District_PROVISIONAL/7/AG/G4EF3C12BABAINMSILRTGN.uasset,3d3501d432caa65d73982e6fa5b2525f4d74963fefc2e715072c26452abf48ac,4423,D_PROVISIONAL_ENGINEERING_ONLY,UE 5.5.4 CL 40574608
Content/__ExternalActors__/Canton/DistrictPrototype/Maps/L_Canton_District_PROVISIONAL/7/BL/6WUF48A77JJCINHEDSV0WW.uasset,3ba4e8baddebbbf6c764552dc46fae2a4fa4c45ba222b1bafa46d29a091e2c7c,4476,D_PROVISIONAL_ENGINEERING_ONLY,UE 5.5.4 CL 40574608
Content/__ExternalActors__/Canton/DistrictPrototype/Maps/L_Canton_District_PROVISIONAL/7/BM/UF20KHRM1XDU6KK529S7O3.uasset,82c93a6386148e67127461f8dd5f3bf8a3e1c0f68db35e8a6b011c49381307ff,4457,D_PROVISIONAL_ENGINEERING_ONLY,UE 5.5.4 CL 40574608
Content/__ExternalActors__/Canton/DistrictPrototype/Maps/L_Canton_District_PROVISIONAL/7/BO/CTFQBAMIKAWUBFKGU18DXE.uasset,83484c5f40737910a3eef0ab53ea9c572e406d0e0f1d9aadb1a1643c2c81530a,4457,D_PROVISIONAL_ENGINEERING_ONLY,UE 5.5.4 CL 40574608
Content/__ExternalActors__/Canton/DistrictPrototype/Maps/L_Canton_District_PROVISIONAL/7/C6/7TVVHEEPFO6OEL2B2LA2RE.uasset,35b53bdd402d1f8946778c5e3d76a9b5ab01f79c9ba743f6559bccc18fc97e38,4216,D_PROVISIONAL_ENGINEERING_ONLY,UE 5.5.4 CL 40574608
Content/__ExternalActors__/Canton/DistrictPrototype/Maps/L_Canton_District_PROVISIONAL/7/DG/2QJ6B0JRCWTBDTGET49OSK.uasset,a1664b287afe55d37287b271e77f3f513685b700d1ca9b42c22f3d035c5d7f4f,4455,D_PROVISIONAL_ENGINEERING_ONLY,UE 5.5.4 CL 40574608
Content/__ExternalActors__/Canton/DistrictPrototype/Maps/L_Canton_District_PROVISIONAL/7/F1/KZMWIC0MTK4E01QAJ7CZBQ.uasset,b8e8151d05cad2f143e96b97de63c0809f13c2f521231b10c7b27d4f054f7728,4459,D_PROVISIONAL_ENGINEERING_ONLY,UE 5.5.4 CL 40574608
Content/__ExternalActors__/Canton/DistrictPrototype/Maps/L_Canton_District_PROVISIONAL/7/F7/BSPKGVKAG55SNQ45V5NLB5.uasset,5cb40f45fc10b8e3a093f00f06adf4774c1070e5aca84c5d535b62e6fd4760fb,4457,D_PROVISIONAL_ENGINEERING_ONLY,UE 5.5.4 CL 40574608
Content/__ExternalActors__/Canton/DistrictPrototype/Maps/L_Canton_District_PROVISIONAL/7/FE/AQGJS7IQKBK630Z0L0KGXZ.uasset,7ab0e2c4948d14d377981f48933aefc096057fdbda7c28d92b1279e977666ef5,4459,D_PROVISIONAL_ENGINEERING_ONLY,UE 5.5.4 CL 40574608
Content/__ExternalActors__/Canton/DistrictPrototype/Maps/L_Canton_District_PROVISIONAL/7/FI/3PILCJPQMEI32S1IVPU7S2.uasset,20fa096a909048179caab32cd309d2f9b3470f67e7676476b15d3d68ff63a434,4457,D_PROVISIONAL_ENGINEERING_ONLY,UE 5.5.4 CL 40574608
Content/__ExternalActors__/Canton/DistrictPrototype/Maps/L_Canton_District_PROVISIONAL/7/G7/LBAFEKK0UYYANOVLY4XA3E.uasset,fa5973cda8a099e3fe2452ecb9b469522e5be90a65e6453eccfe2c957fe43bfe,4457,D_PROVISIONAL_ENGINEERING_ONLY,UE 5.5.4 CL 40574608
Content/__ExternalActors__/Canton/DistrictPrototype/Maps/L_Canton_District_PROVISIONAL/7/GP/AC8S0R8IBH3HE9W03EFRT2.uasset,5b8710b0099d02dad4aea72d254cf8a2ba16c23a0465dfb71d1e689302118866,4423,D_PROVISIONAL_ENGINEERING_ONLY,UE 5.5.4 CL 40574608
Content/__ExternalActors__/Canton/DistrictPrototype/Maps/L_Canton_District_PROVISIONAL/7/H4/9IXXMW00MKD5R69TZIE2YI.uasset,633f64465a5daf5ce8adc642022926920b48447358f0be43721fa584fff9cbbb,4455,D_PROVISIONAL_ENGINEERING_ONLY,UE 5.5.4 CL 40574608
Content/__ExternalActors__/Canton/DistrictPrototype/Maps/L_Canton_District_PROVISIONAL/7/H7/AOR95U8VHH8SFL7UZX4W3I.uasset,b0c7f7b973881c7ff60c0108cf6e3111ce6709a05e52ab0b8fc6191faddd2858,4476,D_PROVISIONAL_ENGINEERING_ONLY,UE 5.5.4 CL 40574608
Content/__ExternalActors__/Canton/DistrictPrototype/Maps/L_Canton_District_PROVISIONAL/7/HI/01RG8LQD2PTQPWVF9EWL94.uasset,9fc3e5212d3177686a38232993c5ea771a4a9b97135decb4e86c901ef1e95559,4433,D_PROVISIONAL_ENGINEERING_ONLY,UE 5.5.4 CL 40574608
Content/__ExternalActors__/Canton/DistrictPrototype/Maps/L_Canton_District_PROVISIONAL/7/HN/CXPFDT9N38DBBQG6NIIZQK.uasset,ec984007f135132937bc0c68fa7db059bf22844d2ea69c2c771bd094a61c18da,4461,D_PROVISIONAL_ENGINEERING_ONLY,UE 5.5.4 CL 40574608
Content/__ExternalActors__/Canton/DistrictPrototype/Maps/L_Canton_District_PROVISIONAL/7/HU/3MGWRY9MISLPUX5C5UY91Z.uasset,8d07f0ad8588f380dff5c5477cfc51c1bf585aa7fa39784e20c84f8931838ff0,4455,D_PROVISIONAL_ENGINEERING_ONLY,UE 5.5.4 CL 40574608
Content/__ExternalActors__/Canton/DistrictPrototype/Maps/L_Canton_District_PROVISIONAL/7/IJ/GMAUX0W8N002U2L2MEOD5J.uasset,703b02595114c0083efb5906f1553c072f37b02252c7b580d7d627c493c99d3b,4216,D_PROVISIONAL_ENGINEERING_ONLY,UE 5.5.4 CL 40574608
Content/__ExternalActors__/Canton/DistrictPrototype/Maps/L_Canton_District_PROVISIONAL/7/J9/XSN94P803ZXQFE662DRFWV.uasset,e0a579419fff9abdf0fdfe8e7405fb6986692200e5f9cd13ab352e66654c9203,4457,D_PROVISIONAL_ENGINEERING_ONLY,UE 5.5.4 CL 40574608
Content/__ExternalActors__/Canton/DistrictPrototype/Maps/L_Canton_District_PROVISIONAL/7/K6/6LQZUKUSR35ZMGWU4QZB2G.uasset,86af7f18e49c120cd29cbc184ac69d7b08ad79b9f730fad8f06f914644ffed8d,4459,D_PROVISIONAL_ENGINEERING_ONLY,UE 5.5.4 CL 40574608
Content/__ExternalActors__/Canton/DistrictPrototype/Maps/L_Canton_District_PROVISIONAL/7/KG/K0SL7SL4A8WZIB67WK5P5O.uasset,1e1b913b82939bd8e1e4669a5be39529f5f409ae4311445759e4b712e56d7b7d,4315,D_PROVISIONAL_ENGINEERING_ONLY,UE 5.5.4 CL 40574608
Content/__ExternalActors__/Canton/DistrictPrototype/Maps/L_Canton_District_PROVISIONAL/7/LC/DNTAI4BWAF1NH20GVXINO2.uasset,d6fe4bb78e3fef737df85627fa1a41dd1018d8b3a118a122c468ad4400770137,4455,D_PROVISIONAL_ENGINEERING_ONLY,UE 5.5.4 CL 40574608
Content/__ExternalActors__/Canton/DistrictPrototype/Maps/L_Canton_District_PROVISIONAL/7/LN/SJG0N8MCMTTB501XBBYQB2.uasset,9f97dbfec6f9413a1fb2e61937b076adfaf574871379f45c3eb65e3debfe9369,4459,D_PROVISIONAL_ENGINEERING_ONLY,UE 5.5.4 CL 40574608
Content/__ExternalActors__/Canton/DistrictPrototype/Maps/L_Canton_District_PROVISIONAL/7/M7/CHC5MLC48D028S12M6M5TH.uasset,9d35e0e64c5224510501b7bb74b3f3e2a86eff6c9abbd706095c7689cfeb3ddc,4457,D_PROVISIONAL_ENGINEERING_ONLY,UE 5.5.4 CL 40574608
Content/__ExternalActors__/Canton/DistrictPrototype/Maps/L_Canton_District_PROVISIONAL/7/NB/6HKGW61C3ZCQHDBSUI1IJS.uasset,0380212d1061822ae329da6f151c7fe0f4999f48fb9444bf0dd9833984dc71ec,4459,D_PROVISIONAL_ENGINEERING_ONLY,UE 5.5.4 CL 40574608
Content/__ExternalActors__/Canton/DistrictPrototype/Maps/L_Canton_District_PROVISIONAL/7/PA/N6ED6SRBEVW8UANM89ZO0Y.uasset,cbc96b26a916663a670adaf1d423e4ff0f7fef1fb219fe791a57960a6f594a07,4315,D_PROVISIONAL_ENGINEERING_ONLY,UE 5.5.4 CL 40574608
Content/__ExternalActors__/Canton/DistrictPrototype/Maps/L_Canton_District_PROVISIONAL/7/Q0/69HR3MZPUTAZ1JDRQGK334.uasset,ff92f691e033fa2d2cff9156168e6b7b09832374239ad67242766f5c345a27ae,4253,D_PROVISIONAL_ENGINEERING_ONLY,UE 5.5.4 CL 40574608
Content/__ExternalActors__/Canton/DistrictPrototype/Maps/L_Canton_District_PROVISIONAL/7/Q2/OEKOZ5V0KLSW4WESE9G4RE.uasset,013e3144eca929dbcea3fdd024284490d41fc0d306b581805b30e72ea3df5f84,4216,D_PROVISIONAL_ENGINEERING_ONLY,UE 5.5.4 CL 40574608
Content/__ExternalActors__/Canton/DistrictPrototype/Maps/L_Canton_District_PROVISIONAL/7/QO/UNB44FFJO9GJVTW85TSOAE.uasset,df0adc3ceea1832e12e839a02b0bb6ac710125b4ef796ed6ef9e7ecb5b8b995e,4461,D_PROVISIONAL_ENGINEERING_ONLY,UE 5.5.4 CL 40574608
Content/__ExternalActors__/Canton/DistrictPrototype/Maps/L_Canton_District_PROVISIONAL/7/QQ/Y1CT012KWIB74EH2YPH1LV.uasset,7825c5e05242bdac3de47b09f357d2ab79fd4af549cb032f8dc2c2145901d190,4457,D_PROVISIONAL_ENGINEERING_ONLY,UE 5.5.4 CL 40574608
Content/__ExternalActors__/Canton/DistrictPrototype/Maps/L_Canton_District_PROVISIONAL/7/QR/LR7LU58VX9JEK53QQHAPOL.uasset,78ef5f9d114eeab7516758d07f9fe4d46581bda2b2ae2e1ee7dd466164f87af1,4459,D_PROVISIONAL_ENGINEERING_ONLY,UE 5.5.4 CL 40574608
Content/__ExternalActors__/Canton/DistrictPrototype/Maps/L_Canton_District_PROVISIONAL/7/R8/SVMC7G7MDD7WU1TL4T0XYE.uasset,901ff6546bdef5b6abeea78064b06d379cb7700c82db5d7401ba89b79ff2840f,4145,D_PROVISIONAL_ENGINEERING_ONLY,UE 5.5.4 CL 40574608
Content/__ExternalActors__/Canton/DistrictPrototype/Maps/L_Canton_District_PROVISIONAL/7/RX/DAWLI6MBGICUHN1P02TVRA.uasset,09576d556f6eb2bc43a7208c00bf8d9fd3d3c9afbdda9d12f84499a1b61c7598,4457,D_PROVISIONAL_ENGINEERING_ONLY,UE 5.5.4 CL 40574608
Content/__ExternalActors__/Canton/DistrictPrototype/Maps/L_Canton_District_PROVISIONAL/7/RY/1XB4XVJN8PN6XL6ZEBKH29.uasset,f13d69ccb051738a9f1a762419a422e57cc695c297dd489588c23b62109bbac8,4457,D_PROVISIONAL_ENGINEERING_ONLY,UE 5.5.4 CL 40574608
Content/__ExternalActors__/Canton/DistrictPrototype/Maps/L_Canton_District_PROVISIONAL/7/SJ/J0CXGT4BLBAI2YQY3DFTXJ.uasset,f62b5345a9f3d64be0c7fcc0405527ce8c3daaf3968e7e8ba2a0eacff7a8b7d7,4423,D_PROVISIONAL_ENGINEERING_ONLY,UE 5.5.4 CL 40574608
Content/__ExternalActors__/Canton/DistrictPrototype/Maps/L_Canton_District_PROVISIONAL/7/TL/RBBNFCUAIJJ4AANZUGKLU3.uasset,ccd5db8a647b0a8227455fe31f69315cb1ca0d771ccbe97020e39bf1c79b7e13,4433,D_PROVISIONAL_ENGINEERING_ONLY,UE 5.5.4 CL 40574608
Content/__ExternalActors__/Canton/DistrictPrototype/Maps/L_Canton_District_PROVISIONAL/7/U7/ZNLMOCTNZZKNG1D9FWA38G.uasset,edd39d3612230bb2bd27c5754320120d890deeef30e973c72f58a108d1b49367,4216,D_PROVISIONAL_ENGINEERING_ONLY,UE 5.5.4 CL 40574608
Content/__ExternalActors__/Canton/DistrictPrototype/Maps/L_Canton_District_PROVISIONAL/7/UR/YJ2XP5ETYVHXDY0PQYEAK8.uasset,3d181d4a72ad86a439e53c8d3f26e80ef38ee20a6052e98b419bd4c960fa89bb,4433,D_PROVISIONAL_ENGINEERING_ONLY,UE 5.5.4 CL 40574608
Content/__ExternalActors__/Canton/DistrictPrototype/Maps/L_Canton_District_PROVISIONAL/7/VV/Z3HJHTQ5LEC3J3G3B484NT.uasset,34bad05b831dfc31aae41f660bb9cf4b2cded2192430cb0e701f6e69cc81e791,4514,D_PROVISIONAL_ENGINEERING_ONLY,UE 5.5.4 CL 40574608
Content/__ExternalActors__/Canton/DistrictPrototype/Maps/L_Canton_District_PROVISIONAL/7/WR/W9KSR6B7Z77UUBI6TEDWUZ.uasset,2820d25358494db3027abbf19c949c1cfb7269574c8f89b7845b142f15ab25c0,4461,D_PROVISIONAL_ENGINEERING_ONLY,UE 5.5.4 CL 40574608
Content/__ExternalActors__/Canton/DistrictPrototype/Maps/L_Canton_District_PROVISIONAL/7/WY/PDVG2N6ZGK1NKXNK0EQLMQ.uasset,a76f710c42adf93708949067f82498090d2cf1bb661769e5f329b213b74d38f6,4457,D_PROVISIONAL_ENGINEERING_ONLY,UE 5.5.4 CL 40574608
Content/__ExternalActors__/Canton/DistrictPrototype/Maps/L_Canton_District_PROVISIONAL/7/X5/E4M2PWU4MADQ1CVK6B1OCV.uasset,ef792e2a2e51aa547ccdb4dc0605bceb4a320eea5de8a1590767dfe6e8a24058,4459,D_PROVISIONAL_ENGINEERING_ONLY,UE 5.5.4 CL 40574608
Content/__ExternalActors__/Canton/DistrictPrototype/Maps/L_Canton_District_PROVISIONAL/7/XA/5LNBVB0ZWB3ZC6CFJKG1KW.uasset,b9773a20908fa1f869e8106993ddb65607e473bcf4e243abad6f0652f8c344e7,4459,D_PROVISIONAL_ENGINEERING_ONLY,UE 5.5.4 CL 40574608
Content/__ExternalActors__/Canton/DistrictPrototype/Maps/L_Canton_District_PROVISIONAL/7/YE/ZD1XT9RV3SJE9UB302M4YY.uasset,e2c00f44828757cce49b5e886f7fbc6ac5aa764ab41a08dd15b8fe57cba15b54,4455,D_PROVISIONAL_ENGINEERING_ONLY,UE 5.5.4 CL 40574608
Content/__ExternalActors__/Canton/DistrictPrototype/Maps/L_Canton_District_PROVISIONAL/7/ZC/5QSZD30WO48HOWP0BL55UC.uasset,f540890b9802654a143d1c6fb326cb0c90ec3835cd8883e274b629a20a5c04c8,4253,D_PROVISIONAL_ENGINEERING_ONLY,UE 5.5.4 CL 40574608
Content/__ExternalActors__/Canton/DistrictPrototype/Maps/L_Canton_District_PROVISIONAL/7/ZE/46H4EF94J8F8BSAG0C2IW4.uasset,f98e564fd8d16413457788fa27123864a81bd5fe8fc1c5bb0ff4a6519cd05b2f,4461,D_PROVISIONAL_ENGINEERING_ONLY,UE 5.5.4 CL 40574608
Content/__ExternalActors__/Canton/DistrictPrototype/Maps/L_Canton_District_PROVISIONAL/8/04/FIDVYCSZZJ7VL5RE1FGXF8.uasset,5167fc911c4b39ca0d4fd94c8dbb77b3c5e7f336a1c415875cb8f3f08eeea207,4459,D_PROVISIONAL_ENGINEERING_ONLY,UE 5.5.4 CL 40574608
Content/__ExternalActors__/Canton/DistrictPrototype/Maps/L_Canton_District_PROVISIONAL/8/0C/OENFOY7GDPYPHIW2J3690E.uasset,6068485656457de053610585e0564695eae64bbfe6b269b09da68daebb7822d2,4315,D_PROVISIONAL_ENGINEERING_ONLY,UE 5.5.4 CL 40574608
Content/__ExternalActors__/Canton/DistrictPrototype/Maps/L_Canton_District_PROVISIONAL/8/0E/XGLG1CMM8NUJWPVX67HLHM.uasset,ef6fc83d8853583106f338a1f0896a2a8483f22b564651fec140d06d41b2daf9,4433,D_PROVISIONAL_ENGINEERING_ONLY,UE 5.5.4 CL 40574608
Content/__ExternalActors__/Canton/DistrictPrototype/Maps/L_Canton_District_PROVISIONAL/8/16/M9BK01JDYGTKP0SU86IHL3.uasset,64d0e902bf12c111e20dfb8182171523cc6031d28f08b4f6973d7e7cc39b9388,4455,D_PROVISIONAL_ENGINEERING_ONLY,UE 5.5.4 CL 40574608
Content/__ExternalActors__/Canton/DistrictPrototype/Maps/L_Canton_District_PROVISIONAL/8/2A/9EML0DI5Y3JNYQ7IKDJBUB.uasset,a4afb49b8dc2d7bda9ac83d5ffa20e92785c1ede62b817e1d4f8755eca2a5e00,4459,D_PROVISIONAL_ENGINEERING_ONLY,UE 5.5.4 CL 40574608
Content/__ExternalActors__/Canton/DistrictPrototype/Maps/L_Canton_District_PROVISIONAL/8/4B/C4PGE0VVPV3JL7O83PGIE3.uasset,9c95f8387cbed3e7f030b0edfbaf51eea3f53b1c2da509afccfdcdd94c63b437,4457,D_PROVISIONAL_ENGINEERING_ONLY,UE 5.5.4 CL 40574608
Content/__ExternalActors__/Canton/DistrictPrototype/Maps/L_Canton_District_PROVISIONAL/8/4T/G5J54WAMVHP9RKUSFYFQ7S.uasset,104d9e1025ab083eceafffd03e7aa76a09caac2fb26f5ce281859db26a1aedf7,4459,D_PROVISIONAL_ENGINEERING_ONLY,UE 5.5.4 CL 40574608
Content/__ExternalActors__/Canton/DistrictPrototype/Maps/L_Canton_District_PROVISIONAL/8/4X/ZGF8KZWGMKKR8N869FKHX9.uasset,8a77283c64bfa2e60c5a2c3a3467098d96341b473dacd0550f3b4a5e1f969535,4459,D_PROVISIONAL_ENGINEERING_ONLY,UE 5.5.4 CL 40574608
Content/__ExternalActors__/Canton/DistrictPrototype/Maps/L_Canton_District_PROVISIONAL/8/5H/25A2Y80NGE5UTB8LV1F0GZ.uasset,4efb79af07ab186084a1f27c3757ae08ae32bc728b8a0eadb11192c63edebd65,4455,D_PROVISIONAL_ENGINEERING_ONLY,UE 5.5.4 CL 40574608
Content/__ExternalActors__/Canton/DistrictPrototype/Maps/L_Canton_District_PROVISIONAL/8/7N/HMVMV4EFJP5ZN6X3DFO9AF.uasset,9bcbe469a49a168ec727a3eb7ffbdbc6774088597fa8b8e43c33cb5af5f8979a,4459,D_PROVISIONAL_ENGINEERING_ONLY,UE 5.5.4 CL 40574608
Content/__ExternalActors__/Canton/DistrictPrototype/Maps/L_Canton_District_PROVISIONAL/8/81/1K1FH42G63F89V7V8ASYM6.uasset,ffe534ce9d80bad6ed0db3c6ee5c53a9312de58dd619522216bcfaeea4fc35b2,4455,D_PROVISIONAL_ENGINEERING_ONLY,UE 5.5.4 CL 40574608
Content/__ExternalActors__/Canton/DistrictPrototype/Maps/L_Canton_District_PROVISIONAL/8/8I/WQV74OPERCZNE8F4RJYYCV.uasset,20899db8bad205d58016235b753de72e84fc17741ad7132f4d56436059894e5f,4459,D_PROVISIONAL_ENGINEERING_ONLY,UE 5.5.4 CL 40574608
Content/__ExternalActors__/Canton/DistrictPrototype/Maps/L_Canton_District_PROVISIONAL/8/8Y/WYJW3JL3F7MGGDJNX1ORGQ.uasset,3cb336fb33a123f16fb50bbff43bcdea7e74015b99bd0fd13581d996e1eabe6b,4461,D_PROVISIONAL_ENGINEERING_ONLY,UE 5.5.4 CL 40574608
Content/__ExternalActors__/Canton/DistrictPrototype/Maps/L_Canton_District_PROVISIONAL/8/A6/6TW5F7XVU76WNRLUC3T8WV.uasset,10383af97245643ebd5ca5a08fb59ea4b65c6f52b17038a88778291ffba178fa,4461,D_PROVISIONAL_ENGINEERING_ONLY,UE 5.5.4 CL 40574608
Content/__ExternalActors__/Canton/DistrictPrototype/Maps/L_Canton_District_PROVISIONAL/8/AW/84VR858VR3UD2AEJ8JH919.uasset,a223f1390d8668a4be98d13543398abe3a529b3b43d8c1596398ef1ea84686de,4476,D_PROVISIONAL_ENGINEERING_ONLY,UE 5.5.4 CL 40574608
Content/__ExternalActors__/Canton/DistrictPrototype/Maps/L_Canton_District_PROVISIONAL/8/B7/00IQ6318BUI9972L0V3LVQ.uasset,6b1a0333a3a425e759408c6842aa3eafbbacda59f5bdb9e813a9f284b7db003e,4315,D_PROVISIONAL_ENGINEERING_ONLY,UE 5.5.4 CL 40574608
Content/__ExternalActors__/Canton/DistrictPrototype/Maps/L_Canton_District_PROVISIONAL/8/BW/S9DUG9NBHLINDPYUAVIYGZ.uasset,2cb06f79ba2abef6ac99003accda3ccd73e56b9800172a65f07cfc6e031df3c7,4433,D_PROVISIONAL_ENGINEERING_ONLY,UE 5.5.4 CL 40574608
Content/__ExternalActors__/Canton/DistrictPrototype/Maps/L_Canton_District_PROVISIONAL/8/C6/YWT6M3IU124POCWYZLC0V7.uasset,9b1ac0ac758c85c4eb6e9c01d6b3b15f3f1739dbe336e068882fe1b691b32cc5,4455,D_PROVISIONAL_ENGINEERING_ONLY,UE 5.5.4 CL 40574608
Content/__ExternalActors__/Canton/DistrictPrototype/Maps/L_Canton_District_PROVISIONAL/8/CA/S132FQJHQ8UWEJBF8XOP0R.uasset,dfcbb31021a9ec4631da15d4158c974927fd0d0e35de50945a69eb0a8b0d7a1e,4423,D_PROVISIONAL_ENGINEERING_ONLY,UE 5.5.4 CL 40574608
Content/__ExternalActors__/Canton/DistrictPrototype/Maps/L_Canton_District_PROVISIONAL/8/CE/NTG2VPW6QSTUAWMKFB5FO9.uasset,708c668dce6f2c823ff0270b579c1026fa3af08b3ca277daef5901143de4a01c,4212,D_PROVISIONAL_ENGINEERING_ONLY,UE 5.5.4 CL 40574608
Content/__ExternalActors__/Canton/DistrictPrototype/Maps/L_Canton_District_PROVISIONAL/8/DR/PTL8L9KOUUCHFFDU99WBQ9.uasset,f60a1fffaeb8bab61c7bfb1a84e92aabac514020d89532bcade80bb009a4d4ea,4315,D_PROVISIONAL_ENGINEERING_ONLY,UE 5.5.4 CL 40574608
Content/__ExternalActors__/Canton/DistrictPrototype/Maps/L_Canton_District_PROVISIONAL/8/E2/VDRE2SAKZRN6XLYRZK7UG3.uasset,87a7072535cb9cd2adb0f15bb2676a2b79f5e635c0010a45dac566e3ca61721a,4315,D_PROVISIONAL_ENGINEERING_ONLY,UE 5.5.4 CL 40574608
Content/__ExternalActors__/Canton/DistrictPrototype/Maps/L_Canton_District_PROVISIONAL/8/EA/5BFMN4UP3E5Y6MHKH7XNZX.uasset,3b98764b10a3c096ecf4f3ce55fbdace3be503ec6bb04017b32cf5b6b3354864,4455,D_PROVISIONAL_ENGINEERING_ONLY,UE 5.5.4 CL 40574608
Content/__ExternalActors__/Canton/DistrictPrototype/Maps/L_Canton_District_PROVISIONAL/8/G6/FMEA9343Y1QLIGFJ03AITO.uasset,e5396085ea8965584027968feeae0f9b50a866d3014b12d1ff2b1ebd0a44264d,4457,D_PROVISIONAL_ENGINEERING_ONLY,UE 5.5.4 CL 40574608
Content/__ExternalActors__/Canton/DistrictPrototype/Maps/L_Canton_District_PROVISIONAL/8/GA/QMAI9UIDPZ300P83A0J6J2.uasset,265becc7a0174b63da7fa71619940f16996bef99013c7fa22da62b28444f58a7,4476,D_PROVISIONAL_ENGINEERING_ONLY,UE 5.5.4 CL 40574608
Content/__ExternalActors__/Canton/DistrictPrototype/Maps/L_Canton_District_PROVISIONAL/8/H5/1GSYWNS8IFLGFJ4K9AKKAB.uasset,4ec8e6dc41a1f09d40fee5211de3c4a00147569db189bc63e957da0d67ec1757,4459,D_PROVISIONAL_ENGINEERING_ONLY,UE 5.5.4 CL 40574608
Content/__ExternalActors__/Canton/DistrictPrototype/Maps/L_Canton_District_PROVISIONAL/8/HO/XYNEGV7885DUM9P85NKIUT.uasset,afab7e73b8fc8a602bc9839688a5f9781e2d6b67ccf5d8a44ff918b121c94d18,4216,D_PROVISIONAL_ENGINEERING_ONLY,UE 5.5.4 CL 40574608
Content/__ExternalActors__/Canton/DistrictPrototype/Maps/L_Canton_District_PROVISIONAL/8/IE/BPZ47CC0N8O8V14X9A2YSA.uasset,7e9fdb6be092da143cb48e333270dad0f162f34da92e4601a0dfd89efe4a2341,4457,D_PROVISIONAL_ENGINEERING_ONLY,UE 5.5.4 CL 40574608
Content/__ExternalActors__/Canton/DistrictPrototype/Maps/L_Canton_District_PROVISIONAL/8/IQ/2A58TZ8XITW7HTRYENW2SY.uasset,d0455b1a51be263c889f8a10607d22aeb84d7c455ef68832d1f104321b573c4d,4212,D_PROVISIONAL_ENGINEERING_ONLY,UE 5.5.4 CL 40574608
Content/__ExternalActors__/Canton/DistrictPrototype/Maps/L_Canton_District_PROVISIONAL/8/IT/SMK1CVWUI8W07NY9J13OWS.uasset,4a76d00f5098f2753bd07b25593438c5b08a9dfee5cf10ffe7fa14bf1882b7fe,4476,D_PROVISIONAL_ENGINEERING_ONLY,UE 5.5.4 CL 40574608
Content/__ExternalActors__/Canton/DistrictPrototype/Maps/L_Canton_District_PROVISIONAL/8/IU/1XWSM3ILIFJ16ELUXGXCGK.uasset,1f016910b04e72c001b0e5e643efd969deac0149ad054aabbb1110b194d51b77,4455,D_PROVISIONAL_ENGINEERING_ONLY,UE 5.5.4 CL 40574608
Content/__ExternalActors__/Canton/DistrictPrototype/Maps/L_Canton_District_PROVISIONAL/8/KY/XMEVEJDWH2RPR8P79GLYKM.uasset,28778757524c036fe3551f0f6058900becc2a0d9db4c646dce52b786abf20fba,4423,D_PROVISIONAL_ENGINEERING_ONLY,UE 5.5.4 CL 40574608
Content/__ExternalActors__/Canton/DistrictPrototype/Maps/L_Canton_District_PROVISIONAL/8/L4/5JFNN0UPZN8CQXP4NWMHC0.uasset,045fbf05dba7bd78d18a1b75baeaaaf996887348c3fcd266641b7f2a83006d06,1384194,D_PROVISIONAL_ENGINEERING_ONLY,UE 5.5.4 CL 40574608
Content/__ExternalActors__/Canton/DistrictPrototype/Maps/L_Canton_District_PROVISIONAL/8/LG/PZAP18M043B4U4Y4YRCI9S.uasset,35971d3d99bf5b21af3ba625f0e5c743f9d8ad19b58e21a8229563696535cba5,4459,D_PROVISIONAL_ENGINEERING_ONLY,UE 5.5.4 CL 40574608
Content/__ExternalActors__/Canton/DistrictPrototype/Maps/L_Canton_District_PROVISIONAL/8/LH/5OZ6I7VA8UHOAFYZL9HX82.uasset,825d830b2c660f31223c8629d181caacc385e3fe5f29f074177c9fba786daac7,4461,D_PROVISIONAL_ENGINEERING_ONLY,UE 5.5.4 CL 40574608
Content/__ExternalActors__/Canton/DistrictPrototype/Maps/L_Canton_District_PROVISIONAL/8/MI/RN571PV6BQSOJNBQNMR6DN.uasset,ea72dada801bee1830303f4d7797cb0dc073217609cb41ae3aad080f1d7ea170,4461,D_PROVISIONAL_ENGINEERING_ONLY,UE 5.5.4 CL 40574608
Content/__ExternalActors__/Canton/DistrictPrototype/Maps/L_Canton_District_PROVISIONAL/8/MK/YYRULIBAYV92F6PJUEDQFW.uasset,6ec21f9e9d38509fb83a724ffe8b894e33b772b42ccfccc0eecd2c535a990edd,4423,D_PROVISIONAL_ENGINEERING_ONLY,UE 5.5.4 CL 40574608
Content/__ExternalActors__/Canton/DistrictPrototype/Maps/L_Canton_District_PROVISIONAL/8/MQ/QU1IMZ9NFU1DWEXRN8ZHV5.uasset,fa6b4b206176475877626961ccc5e8132d0b4d734a7bcf8a85201d73c9b27fcd,4253,D_PROVISIONAL_ENGINEERING_ONLY,UE 5.5.4 CL 40574608
Content/__ExternalActors__/Canton/DistrictPrototype/Maps/L_Canton_District_PROVISIONAL/8/MV/QPE4J9DG90YLMHP6C13SZZ.uasset,a64a139e7fca79efbe423ce3959a9c4428451190f112fb7abf938abfe8170ef2,4459,D_PROVISIONAL_ENGINEERING_ONLY,UE 5.5.4 CL 40574608
Content/__ExternalActors__/Canton/DistrictPrototype/Maps/L_Canton_District_PROVISIONAL/8/NS/IDQ69XGIFDECEEGJ694BY7.uasset,bf605248a8ddb6b61629fb66c305f59ccfe025e595f6a4bce4a96af99da566ac,4315,D_PROVISIONAL_ENGINEERING_ONLY,UE 5.5.4 CL 40574608
Content/__ExternalActors__/Canton/DistrictPrototype/Maps/L_Canton_District_PROVISIONAL/8/NW/2AG1B82VNHL5CPD6BZUUB0.uasset,6a60949ff98dc05f6df4781702dafe972fc2449bf645ecf5262a006c76afb9b5,4457,D_PROVISIONAL_ENGINEERING_ONLY,UE 5.5.4 CL 40574608
Content/__ExternalActors__/Canton/DistrictPrototype/Maps/L_Canton_District_PROVISIONAL/8/OI/IUOX1UCHQQDUQ4GYX4VNZ8.uasset,c003868440b5cffb49d8a531dc5d467e17f6acb22cf48be93f5c3c1dd840a58f,4212,D_PROVISIONAL_ENGINEERING_ONLY,UE 5.5.4 CL 40574608
Content/__ExternalActors__/Canton/DistrictPrototype/Maps/L_Canton_District_PROVISIONAL/8/OJ/YT7VHYN81NQZX771B4KY6M.uasset,4be266ef29203962d2163fb5edf8f4cb4967af0cd50753b8d60d573913ac86bd,4461,D_PROVISIONAL_ENGINEERING_ONLY,UE 5.5.4 CL 40574608
Content/__ExternalActors__/Canton/DistrictPrototype/Maps/L_Canton_District_PROVISIONAL/8/P5/OMZXP21LJNBD4HMI2DWJPD.uasset,0b37d7e6cc1bd12175e8ddb61cc477abd20b989ae70269e329edf77237dd6b38,4315,D_PROVISIONAL_ENGINEERING_ONLY,UE 5.5.4 CL 40574608
Content/__ExternalActors__/Canton/DistrictPrototype/Maps/L_Canton_District_PROVISIONAL/8/PE/6RKZWMSQF6D3EA1PZBIOGH.uasset,0ef62fca843873ab6b67f03da2c434dfbfda0cb60428848808331c963ff3c892,4212,D_PROVISIONAL_ENGINEERING_ONLY,UE 5.5.4 CL 40574608
Content/__ExternalActors__/Canton/DistrictPrototype/Maps/L_Canton_District_PROVISIONAL/8/PX/1DGN1D53PXVFHRWQQGQAPP.uasset,d06811d1423d7fdd38b59256926910edad97b281785f133779d7c5af72ca4d74,4461,D_PROVISIONAL_ENGINEERING_ONLY,UE 5.5.4 CL 40574608
Content/__ExternalActors__/Canton/DistrictPrototype/Maps/L_Canton_District_PROVISIONAL/8/PY/UQ1LKFM5N2HRD5V4MQP0RU.uasset,2017b0042a5fa8fc72f2253355b2f16a56014be4fbd0d58221380e57593db54a,4253,D_PROVISIONAL_ENGINEERING_ONLY,UE 5.5.4 CL 40574608
Content/__ExternalActors__/Canton/DistrictPrototype/Maps/L_Canton_District_PROVISIONAL/8/QR/STIRCLW5VQ1SNF49YU699Y.uasset,44663d211babf62a5999a55a582b56bafa39fb893d9e24b9e5105f0d3ad1a0b0,4253,D_PROVISIONAL_ENGINEERING_ONLY,UE 5.5.4 CL 40574608
Content/__ExternalActors__/Canton/DistrictPrototype/Maps/L_Canton_District_PROVISIONAL/8/R7/AI82CTC7L66L5WFUT0ZL87.uasset,5cd76f349f13cd640134d808e3fef3eccd4dce3952e5761b47476bc4620c5a61,4423,D_PROVISIONAL_ENGINEERING_ONLY,UE 5.5.4 CL 40574608
Content/__ExternalActors__/Canton/DistrictPrototype/Maps/L_Canton_District_PROVISIONAL/8/R9/BIKIVDOE9DYUHMB01YF0KX.uasset,a6f74d361bdaf08c55ce84617e83abc24c22d7b080607cbc9b7491026f807981,4216,D_PROVISIONAL_ENGINEERING_ONLY,UE 5.5.4 CL 40574608
Content/__ExternalActors__/Canton/DistrictPrototype/Maps/L_Canton_District_PROVISIONAL/8/SP/I69YH1JGX5Q2XX81099K0L.uasset,35bb66a5d53637561fd7378fe4e00993e69b84112c6c96eb71262840a26fe2dc,4457,D_PROVISIONAL_ENGINEERING_ONLY,UE 5.5.4 CL 40574608
Content/__ExternalActors__/Canton/DistrictPrototype/Maps/L_Canton_District_PROVISIONAL/8/T8/F7RDL9U5D64Y53YS5Z9XUG.uasset,69c50de1b295cd9c52bc2203bf2dc15171a967b26ed70b47b8bfe1eac50e7540,4459,D_PROVISIONAL_ENGINEERING_ONLY,UE 5.5.4 CL 40574608
Content/__ExternalActors__/Canton/DistrictPrototype/Maps/L_Canton_District_PROVISIONAL/8/U2/HNJ3FPMVDWURQII1DIQR7J.uasset,f86c337f6dffddb4c0f90ad64d3486f5f3e91bff9e2a2396be1f2394f4dfeaa3,4461,D_PROVISIONAL_ENGINEERING_ONLY,UE 5.5.4 CL 40574608
Content/__ExternalActors__/Canton/DistrictPrototype/Maps/L_Canton_District_PROVISIONAL/8/U2/NSGB9YCORRBIG3QI7PTKSA.uasset,03aceb4526b37645b489dda26ec5465a2e4ab73e62f3d9d4718cdd35c661b90d,4216,D_PROVISIONAL_ENGINEERING_ONLY,UE 5.5.4 CL 40574608
Content/__ExternalActors__/Canton/DistrictPrototype/Maps/L_Canton_District_PROVISIONAL/8/UJ/PLS0K0S123NYBOCCBCKWV6.uasset,8d8a3bf0a44b410104de766350216cd6d68fa3a5931da2fec37e7f7be617f21c,4461,D_PROVISIONAL_ENGINEERING_ONLY,UE 5.5.4 CL 40574608
Content/__ExternalActors__/Canton/DistrictPrototype/Maps/L_Canton_District_PROVISIONAL/8/W1/GGKKKVOXD5MBXLPQ8Z7RJE.uasset,18312dc658c756e419934246b5faada1da1461117f1dcb61b65dd764e26d7ceb,4459,D_PROVISIONAL_ENGINEERING_ONLY,UE 5.5.4 CL 40574608
Content/__ExternalActors__/Canton/DistrictPrototype/Maps/L_Canton_District_PROVISIONAL/8/WO/6CU2LEHCBLLYSBNWBZCTHB.uasset,8a160ec1cd032785261a84511099b308bb6ac2a5175e82cfe680913e51162946,4315,D_PROVISIONAL_ENGINEERING_ONLY,UE 5.5.4 CL 40574608
Content/__ExternalActors__/Canton/DistrictPrototype/Maps/L_Canton_District_PROVISIONAL/8/XD/NA9Z00MNKBHSC20VRPKV8B.uasset,5ea37ce09ff587c7ee21a9803004ca69b3a612ae8926b8bba500744113ced32d,4433,D_PROVISIONAL_ENGINEERING_ONLY,UE 5.5.4 CL 40574608
Content/__ExternalActors__/Canton/DistrictPrototype/Maps/L_Canton_District_PROVISIONAL/8/XV/E8TCZBV871M1PAYQPM6A8U.uasset,c9d04971ac4eea08208ae95a5a6c6a6d48b8de79959ef5b29a5c462951643c28,4455,D_PROVISIONAL_ENGINEERING_ONLY,UE 5.5.4 CL 40574608
Content/__ExternalActors__/Canton/DistrictPrototype/Maps/L_Canton_District_PROVISIONAL/8/XX/3R6EWJF5B39OA242JPYK1I.uasset,2086c21bc668919b3dd766c3c0cd52b0d4c620459c99aef38c31ff3d679cb11b,4461,D_PROVISIONAL_ENGINEERING_ONLY,UE 5.5.4 CL 40574608
Content/__ExternalActors__/Canton/DistrictPrototype/Maps/L_Canton_District_PROVISIONAL/8/Z0/3UV97ZDIC3JU92LNC5GV7Q.uasset,66552f93db8d5ea74d0bdf3caa88a7d4ddfb69dd763dc0d2cbae299fcc33964a,4455,D_PROVISIONAL_ENGINEERING_ONLY,UE 5.5.4 CL 40574608
Content/__ExternalActors__/Canton/DistrictPrototype/Maps/L_Canton_District_PROVISIONAL/8/Z0/MBS0SPMJJGOYKC5F2EYF2C.uasset,e10b0f6def31f542f2603a3d22136246627353416d73022a8e3a95658ad8b176,4423,D_PROVISIONAL_ENGINEERING_ONLY,UE 5.5.4 CL 40574608
Content/__ExternalActors__/Canton/DistrictPrototype/Maps/L_Canton_District_PROVISIONAL/9/12/KDEZD6WSDFRTT7IY8DUOOA.uasset,cc7319573232ef2a27d9d1dbf435b69a130cdd74ed0e14ca02019b627543192a,4459,D_PROVISIONAL_ENGINEERING_ONLY,UE 5.5.4 CL 40574608
Content/__ExternalActors__/Canton/DistrictPrototype/Maps/L_Canton_District_PROVISIONAL/9/18/1DKDQ1CPSW2B2SVC2LVX99.uasset,31161ef621520a83a72543ab048bbd279dea150b0d24781a929fc4ac0ffba5ea,4423,D_PROVISIONAL_ENGINEERING_ONLY,UE 5.5.4 CL 40574608
Content/__ExternalActors__/Canton/DistrictPrototype/Maps/L_Canton_District_PROVISIONAL/9/1E/9Q6WEPDVFBC9Z80I3938LQ.uasset,4a0f858539f745599b69c54ef0facffd399b2ec96c78049c68e825bb6c6e1768,4423,D_PROVISIONAL_ENGINEERING_ONLY,UE 5.5.4 CL 40574608
Content/__ExternalActors__/Canton/DistrictPrototype/Maps/L_Canton_District_PROVISIONAL/9/30/MQLGEZS3QVRKRE3XZOPVWV.uasset,2efd805efab4d9e325e1c24e400514958d5e88c699c2c585740371c0173a9f65,4459,D_PROVISIONAL_ENGINEERING_ONLY,UE 5.5.4 CL 40574608
Content/__ExternalActors__/Canton/DistrictPrototype/Maps/L_Canton_District_PROVISIONAL/9/32/9EVTEVQK1PKNY747CMZ2DE.uasset,3a4c25eefab0f562233dacd50ace0b4d4b694a0336db3000999601922badfa10,4457,D_PROVISIONAL_ENGINEERING_ONLY,UE 5.5.4 CL 40574608
Content/__ExternalActors__/Canton/DistrictPrototype/Maps/L_Canton_District_PROVISIONAL/9/44/UR5FOWEU9V4DELC8OV4WUU.uasset,21632012442f11c9bf872e1e3ac46f5608dae82cb045c833363c4715f80aa308,4457,D_PROVISIONAL_ENGINEERING_ONLY,UE 5.5.4 CL 40574608
Content/__ExternalActors__/Canton/DistrictPrototype/Maps/L_Canton_District_PROVISIONAL/9/54/KJSTC347QSPVKOM6ZTJ6H1.uasset,66c0fe5e67f5057334771249e135e2cd501cf1ba737a74f34cb63d8c67322ad3,4433,D_PROVISIONAL_ENGINEERING_ONLY,UE 5.5.4 CL 40574608
Content/__ExternalActors__/Canton/DistrictPrototype/Maps/L_Canton_District_PROVISIONAL/9/5O/XGUULKCIF9ML8XQVMRKW7Y.uasset,dda45421fa116c014abf9ce0e7d41534f81813f7c73917a7b11ff1a9a52beeff,4459,D_PROVISIONAL_ENGINEERING_ONLY,UE 5.5.4 CL 40574608
Content/__ExternalActors__/Canton/DistrictPrototype/Maps/L_Canton_District_PROVISIONAL/9/63/3TCXOX02749TX8RDP1ZXPV.uasset,19035a8e6c1a109d2fdc35600511a7fb7a24d3e9fb87da912ba98f17fce156f1,4459,D_PROVISIONAL_ENGINEERING_ONLY,UE 5.5.4 CL 40574608
Content/__ExternalActors__/Canton/DistrictPrototype/Maps/L_Canton_District_PROVISIONAL/9/63/UXNP40J7I2KT0ZR6X10Z75.uasset,89bd1575ef4fb14c772832e2cf634271f767523c478fd523776013953a132788,4093,D_PROVISIONAL_ENGINEERING_ONLY,UE 5.5.4 CL 40574608
Content/__ExternalActors__/Canton/DistrictPrototype/Maps/L_Canton_District_PROVISIONAL/9/7C/ZDWDA6NRNOYJ18NQXP84M7.uasset,8239554374ad70f5615b4f9ede82d47ea28103ad8776aa137305ddaaac52d1e5,4253,D_PROVISIONAL_ENGINEERING_ONLY,UE 5.5.4 CL 40574608
Content/__ExternalActors__/Canton/DistrictPrototype/Maps/L_Canton_District_PROVISIONAL/9/7L/RK7MX0RSDFSZ2JKZ0DKIAK.uasset,47654bc38c54ef999e15c0db5e28de14119c7fb15f3e6fb42975b7c518ca4173,4253,D_PROVISIONAL_ENGINEERING_ONLY,UE 5.5.4 CL 40574608
Content/__ExternalActors__/Canton/DistrictPrototype/Maps/L_Canton_District_PROVISIONAL/9/7M/EU71GP65YNX1CFC3SN5N8E.uasset,a2d0c0ff4c866307cbd97ccc02e51637b5f1ab1a275e429b2336ef63eefa88c7,4216,D_PROVISIONAL_ENGINEERING_ONLY,UE 5.5.4 CL 40574608
Content/__ExternalActors__/Canton/DistrictPrototype/Maps/L_Canton_District_PROVISIONAL/9/7Q/74AH7754DAVT8SFRCYHQ04.uasset,d637fa0537ba87ced99c2984f90c7109da6ac6267f2becce189f4ed72f2cefd5,4423,D_PROVISIONAL_ENGINEERING_ONLY,UE 5.5.4 CL 40574608
Content/__ExternalActors__/Canton/DistrictPrototype/Maps/L_Canton_District_PROVISIONAL/9/7Y/21IC0X9R1500UH94BERPPJ.uasset,c7ec2d39a74ca7d0725e7942a6173a1c01639187755ed2b8b88e86142c5d9820,4423,D_PROVISIONAL_ENGINEERING_ONLY,UE 5.5.4 CL 40574608
Content/__ExternalActors__/Canton/DistrictPrototype/Maps/L_Canton_District_PROVISIONAL/9/8E/MT0MNV1IU61DI7VMHR8A5N.uasset,c9d8ee5d691c9dfc8d1b30e17b23a57e69fef568a73f66f93338c4970927ae7c,4423,D_PROVISIONAL_ENGINEERING_ONLY,UE 5.5.4 CL 40574608
Content/__ExternalActors__/Canton/DistrictPrototype/Maps/L_Canton_District_PROVISIONAL/9/8M/J4BPZ3LL70R76RHUIEO0ED.uasset,30423f9bc8ac854826b3b1c1f9296622becbc13a60c0333ffb7bc31f19a01339,4423,D_PROVISIONAL_ENGINEERING_ONLY,UE 5.5.4 CL 40574608
Content/__ExternalActors__/Canton/DistrictPrototype/Maps/L_Canton_District_PROVISIONAL/9/8N/O1MPPF5PBAI4IO53ON1WY0.uasset,975e6933104441a61a01104a86b28deae10ed7d85873c00f24c95dec56ea66d3,4455,D_PROVISIONAL_ENGINEERING_ONLY,UE 5.5.4 CL 40574608
Content/__ExternalActors__/Canton/DistrictPrototype/Maps/L_Canton_District_PROVISIONAL/9/9T/7B68XQJLDEKKO70RQ6VZLT.uasset,1ec87bb61831c83699f08b2b6542e3a7ebb208c7fe59fbb942ec4bc1ddee7be4,4461,D_PROVISIONAL_ENGINEERING_ONLY,UE 5.5.4 CL 40574608
Content/__ExternalActors__/Canton/DistrictPrototype/Maps/L_Canton_District_PROVISIONAL/9/A1/4FSIMFUQ3NC6VJJOZYCD4I.uasset,ea1db072afaf557648a16424fc99becb1bb01e5d2c9edfe2914970242f548bf5,4457,D_PROVISIONAL_ENGINEERING_ONLY,UE 5.5.4 CL 40574608
Content/__ExternalActors__/Canton/DistrictPrototype/Maps/L_Canton_District_PROVISIONAL/9/AJ/6JTA2S8ISAT5S01FL8JPP3.uasset,e462f09b9fff10abb4bae8aa900ccb657a082de936fe6bb99844e32ac8955dd9,4253,D_PROVISIONAL_ENGINEERING_ONLY,UE 5.5.4 CL 40574608
Content/__ExternalActors__/Canton/DistrictPrototype/Maps/L_Canton_District_PROVISIONAL/9/B5/QLISEUEJ3J4ACRIKB8X8GY.uasset,a74f4543a5c88978208a292dee885b6f74adb3e4d788f0c429641f305a4d7080,4461,D_PROVISIONAL_ENGINEERING_ONLY,UE 5.5.4 CL 40574608
Content/__ExternalActors__/Canton/DistrictPrototype/Maps/L_Canton_District_PROVISIONAL/9/B6/12M0CB0JVRPY5GGM9YYAEN.uasset,b7189d82425fe1fa3990b291263c5e05b8730219a923e3e93bd235e8494629be,4461,D_PROVISIONAL_ENGINEERING_ONLY,UE 5.5.4 CL 40574608
Content/__ExternalActors__/Canton/DistrictPrototype/Maps/L_Canton_District_PROVISIONAL/9/C6/TWUCGA35SSIPQBS4QTPYOE.uasset,1f6234254635bf461a37cf5f53ba55ea45ec8cdd4cae5714d686b71d2e50bf08,4459,D_PROVISIONAL_ENGINEERING_ONLY,UE 5.5.4 CL 40574608
Content/__ExternalActors__/Canton/DistrictPrototype/Maps/L_Canton_District_PROVISIONAL/9/C7/F0HBZ3TXQB8QRPPXNG3MR1.uasset,f02e27b87db49637a1a49ed925f9b9d13f7fb24aa01391a4c88f6dbd5c061b84,4459,D_PROVISIONAL_ENGINEERING_ONLY,UE 5.5.4 CL 40574608
Content/__ExternalActors__/Canton/DistrictPrototype/Maps/L_Canton_District_PROVISIONAL/9/EM/YGLFM2KK4B8ZBENSDZ3GNV.uasset,295d4bd645aa554ae9f69e74d3bf33c8ae4d9a0ac701471c8283e49e08b38336,4212,D_PROVISIONAL_ENGINEERING_ONLY,UE 5.5.4 CL 40574608
Content/__ExternalActors__/Canton/DistrictPrototype/Maps/L_Canton_District_PROVISIONAL/9/F8/Q2ZKASKU17S17DX7WQTF91.uasset,09218120d0fdad24fc5ba2dd5a336d3e7805682c575dd2ecec7244edbcef8055,4461,D_PROVISIONAL_ENGINEERING_ONLY,UE 5.5.4 CL 40574608
Content/__ExternalActors__/Canton/DistrictPrototype/Maps/L_Canton_District_PROVISIONAL/9/FJ/XCU3TMSW7U10PO75J7S9P3.uasset,6517f1e0fd72ee077a5455d64223365b624aaeab29a344e2ced497fe10f137c5,4459,D_PROVISIONAL_ENGINEERING_ONLY,UE 5.5.4 CL 40574608
Content/__ExternalActors__/Canton/DistrictPrototype/Maps/L_Canton_District_PROVISIONAL/9/FR/CS3MFY1U7DZ72CJ0EUABTR.uasset,7841cda24ea1dd98a7d1681c26ca8dc5803f628a846f4bae8f38b6d93d52b619,1249802,D_PROVISIONAL_ENGINEERING_ONLY,UE 5.5.4 CL 40574608
Content/__ExternalActors__/Canton/DistrictPrototype/Maps/L_Canton_District_PROVISIONAL/9/GG/OPLM4HE2VZP36HKZ8D3NGL.uasset,b3aa750d12ae024b696a1d2e066e5d6ccea39e965f47a5873c0e64d9ecf47c7c,4476,D_PROVISIONAL_ENGINEERING_ONLY,UE 5.5.4 CL 40574608
Content/__ExternalActors__/Canton/DistrictPrototype/Maps/L_Canton_District_PROVISIONAL/9/GO/FKA7B8WLSIQ8P0LYAD74RE.uasset,60d64977e1079ee38d1c0072f18a367b43d93c0bba240f80d3deeb5235a57ef9,4455,D_PROVISIONAL_ENGINEERING_ONLY,UE 5.5.4 CL 40574608
Content/__ExternalActors__/Canton/DistrictPrototype/Maps/L_Canton_District_PROVISIONAL/9/H3/CVJ8VFX1FXNDEKVGUADRNS.uasset,bf04f3daaf7701beb80eaadd8c027d46151d76df997866ca46ffc4c9406fc08d,4459,D_PROVISIONAL_ENGINEERING_ONLY,UE 5.5.4 CL 40574608
Content/__ExternalActors__/Canton/DistrictPrototype/Maps/L_Canton_District_PROVISIONAL/9/H5/0RZVTWZ1NJPORTPF5ADVD5.uasset,52b64acfa335be679359899b4c1da05f8a6de7cf35adf376b8286fa5afce345f,4433,D_PROVISIONAL_ENGINEERING_ONLY,UE 5.5.4 CL 40574608
Content/__ExternalActors__/Canton/DistrictPrototype/Maps/L_Canton_District_PROVISIONAL/9/HZ/J2GT14WLS34UNC2BG01UMR.uasset,66d2af32674a9cdba4227a46310998aabbbe85e585ab8549305a8f7a0fbf4276,4459,D_PROVISIONAL_ENGINEERING_ONLY,UE 5.5.4 CL 40574608
Content/__ExternalActors__/Canton/DistrictPrototype/Maps/L_Canton_District_PROVISIONAL/9/J1/YPL5X5OSGOFW2S7F8H0QYD.uasset,a1cdd900893bcef6ed1f20e1a4e2b6f3d4b90663e94357c48e3d0298b2d75a23,4457,D_PROVISIONAL_ENGINEERING_ONLY,UE 5.5.4 CL 40574608
Content/__ExternalActors__/Canton/DistrictPrototype/Maps/L_Canton_District_PROVISIONAL/9/K4/QZ9V5ZJM77IBJY18I31IXQ.uasset,196329ec2089d25425d19f2629bb4c5b263ea74ec80015f31612b3be684afb05,4423,D_PROVISIONAL_ENGINEERING_ONLY,UE 5.5.4 CL 40574608
Content/__ExternalActors__/Canton/DistrictPrototype/Maps/L_Canton_District_PROVISIONAL/9/M1/UR6CM4F8RC7H35Y4ZFZVU1.uasset,9c0c4054bb9c7b79c66f896e222741c6e827f9a4ed6b3b6f9a116511a55808a1,4476,D_PROVISIONAL_ENGINEERING_ONLY,UE 5.5.4 CL 40574608
Content/__ExternalActors__/Canton/DistrictPrototype/Maps/L_Canton_District_PROVISIONAL/9/MJ/BVAU6DOK0TIYP9V5L3QONN.uasset,6318e67d13d79bfd812f63ce46c4238c0a0836d2a76a5c8f3bb1c21d4801c707,4423,D_PROVISIONAL_ENGINEERING_ONLY,UE 5.5.4 CL 40574608
Content/__ExternalActors__/Canton/DistrictPrototype/Maps/L_Canton_District_PROVISIONAL/9/N3/Q1214X43NS8K7UJWGHL8Q8.uasset,460f55526204b9a05761335b811ef5914514f7f2347e0297517ead0ae9ee557b,4216,D_PROVISIONAL_ENGINEERING_ONLY,UE 5.5.4 CL 40574608
Content/__ExternalActors__/Canton/DistrictPrototype/Maps/L_Canton_District_PROVISIONAL/9/N5/ID4TYRB2SR13XYV7E7VKDJ.uasset,6e91be6d23cc3c07560c65d9b4e3212938650b76f5b8095f08325bdd38bf8a12,4455,D_PROVISIONAL_ENGINEERING_ONLY,UE 5.5.4 CL 40574608
Content/__ExternalActors__/Canton/DistrictPrototype/Maps/L_Canton_District_PROVISIONAL/9/O7/X91W3QBWVAQOLFQPPLBBM5.uasset,7d4f0a715dd61c06018d49f0c31981d8a9e8ed5b29ffe9d0e9d9fe65aed5befb,4459,D_PROVISIONAL_ENGINEERING_ONLY,UE 5.5.4 CL 40574608
Content/__ExternalActors__/Canton/DistrictPrototype/Maps/L_Canton_District_PROVISIONAL/9/PV/CN5MSRDSEKGOBCDE7UWBN7.uasset,cebd325a2689cdd63013a494f92f06f0686b5a5be179765bb769f75316efa76a,4455,D_PROVISIONAL_ENGINEERING_ONLY,UE 5.5.4 CL 40574608
Content/__ExternalActors__/Canton/DistrictPrototype/Maps/L_Canton_District_PROVISIONAL/9/PX/YT493LFVWLJJVMAS2PX46D.uasset,032063c85f156fabd49603abfb89916432ebe6a9e2622b75be6a31de7e823eda,4459,D_PROVISIONAL_ENGINEERING_ONLY,UE 5.5.4 CL 40574608
Content/__ExternalActors__/Canton/DistrictPrototype/Maps/L_Canton_District_PROVISIONAL/9/PY/5Z7QAVB290ZXXN0FCEOEDQ.uasset,8a4654460069ea4812ebfec3689bdc307849dbf76f4fb51c69c41b8a9ef67174,4457,D_PROVISIONAL_ENGINEERING_ONLY,UE 5.5.4 CL 40574608
Content/__ExternalActors__/Canton/DistrictPrototype/Maps/L_Canton_District_PROVISIONAL/9/QJ/O1X4AJBYKN1CALUZA84CTF.uasset,4275e9ece225daea3f52a70c303021c645224a3330b36e358cc9120ccbd580ab,4253,D_PROVISIONAL_ENGINEERING_ONLY,UE 5.5.4 CL 40574608
Content/__ExternalActors__/Canton/DistrictPrototype/Maps/L_Canton_District_PROVISIONAL/9/RI/O1UPSXKO029EDOPGKT1GL0.uasset,496f3fb6c23fd7044cc230048af2f69ceea5bcec6343ec67d47eeb2175e9212f,4433,D_PROVISIONAL_ENGINEERING_ONLY,UE 5.5.4 CL 40574608
Content/__ExternalActors__/Canton/DistrictPrototype/Maps/L_Canton_District_PROVISIONAL/9/RJ/K9IMXEXK84EZ514407VQS5.uasset,780a2db1ff94a5e8ee1c0559867c5e1411c3733a1a3928409a6fa55a196dbde7,4315,D_PROVISIONAL_ENGINEERING_ONLY,UE 5.5.4 CL 40574608
Content/__ExternalActors__/Canton/DistrictPrototype/Maps/L_Canton_District_PROVISIONAL/9/RM/AP9T8JTDRJER1XVD17N6LR.uasset,4a51b3d174e69c1d6194fbb1d46873703d32ccde8e0ff449d4a9ce35495be7c9,4457,D_PROVISIONAL_ENGINEERING_ONLY,UE 5.5.4 CL 40574608
Content/__ExternalActors__/Canton/DistrictPrototype/Maps/L_Canton_District_PROVISIONAL/9/T7/OI7SHMVDJ1AHL2DE26Y3XK.uasset,5ee8c9ffffd5c135693f4d20278cf2982257bce60a0f45eebcc7b726b5a61ed8,4459,D_PROVISIONAL_ENGINEERING_ONLY,UE 5.5.4 CL 40574608
Content/__ExternalActors__/Canton/DistrictPrototype/Maps/L_Canton_District_PROVISIONAL/9/U7/97IG97N4IL40V6Q8IWGU6P.uasset,d592b5addf9b0b50d4a53f77b7b831c83aed9091be568fc08adc6b6eb84616f0,4433,D_PROVISIONAL_ENGINEERING_ONLY,UE 5.5.4 CL 40574608
Content/__ExternalActors__/Canton/DistrictPrototype/Maps/L_Canton_District_PROVISIONAL/9/UB/PV1O95O3787E3TWEJWGUTU.uasset,caf81382b6f91d45afed39020425bcf754c4a96cf87a627fa7ecc249a28df56d,4455,D_PROVISIONAL_ENGINEERING_ONLY,UE 5.5.4 CL 40574608
Content/__ExternalActors__/Canton/DistrictPrototype/Maps/L_Canton_District_PROVISIONAL/9/VE/BMZ7ZYPS6FACVVPPGP23IR.uasset,590217c7c3c2dfce332d553550f167f0dd8411e637917c3ee1fb82c7c8f31948,4455,D_PROVISIONAL_ENGINEERING_ONLY,UE 5.5.4 CL 40574608
Content/__ExternalActors__/Canton/DistrictPrototype/Maps/L_Canton_District_PROVISIONAL/9/VT/BZZZG82V87F96BHXII78W1.uasset,4264b0dc52fd8ce266f246e54900cdc79572c5192349ec15034743eef6c792d5,4455,D_PROVISIONAL_ENGINEERING_ONLY,UE 5.5.4 CL 40574608
Content/__ExternalActors__/Canton/DistrictPrototype/Maps/L_Canton_District_PROVISIONAL/9/X0/GSAXML3AVH1BSFQWYP8EX8.uasset,ebc540ed7e99d085b533f5b0ed760f52b853addb382c164c33270660c2194451,4455,D_PROVISIONAL_ENGINEERING_ONLY,UE 5.5.4 CL 40574608
Content/__ExternalActors__/Canton/DistrictPrototype/Maps/L_Canton_District_PROVISIONAL/9/XF/FBP8A3QXXKR4UV2GCSGE7O.uasset,a7886aed96e64edb5bee5c61ba234f826a28fea7f4fde9306de141196b337654,4423,D_PROVISIONAL_ENGINEERING_ONLY,UE 5.5.4 CL 40574608
Content/__ExternalActors__/Canton/DistrictPrototype/Maps/L_Canton_District_PROVISIONAL/9/XO/EHDF2RV2OVZ1GZ40HWLQ57.uasset,471ff04cbf9e1d12c8b89564b3b29826de8c0e89cf267bafb5971e1ade1ca0c2,4155,D_PROVISIONAL_ENGINEERING_ONLY,UE 5.5.4 CL 40574608
Content/__ExternalActors__/Canton/DistrictPrototype/Maps/L_Canton_District_PROVISIONAL/9/XS/Z8NEZFHMAJ5UVPS863JU1R.uasset,09efe2a7785a9323d0e196f05d1d39a36802d86aa55c151a913ebdad08cf228c,4459,D_PROVISIONAL_ENGINEERING_ONLY,UE 5.5.4 CL 40574608
Content/__ExternalActors__/Canton/DistrictPrototype/Maps/L_Canton_District_PROVISIONAL/9/Y6/4FLD7JKBG917N2QO4BH1EA.uasset,17420c3340c723afc51544c1245419482c15a3b7e5b9a1ea0b087b5facdae9c3,4455,D_PROVISIONAL_ENGINEERING_ONLY,UE 5.5.4 CL 40574608
Content/__ExternalActors__/Canton/DistrictPrototype/Maps/L_Canton_District_PROVISIONAL/A/02/UJ0KCKD3ODKSRT6RV0RLYN.uasset,b25f1babf18a3b7ac94a1f316e7ddb352205d5a0d320cd4667261f8c9eb40c50,4476,D_PROVISIONAL_ENGINEERING_ONLY,UE 5.5.4 CL 40574608
Content/__ExternalActors__/Canton/DistrictPrototype/Maps/L_Canton_District_PROVISIONAL/A/0T/QSP1T8JVMC9IVGMPK2NI7X.uasset,64288ecb1bf8b55f8b3ff331c4aeb06e52c5a959e29ade47924a99516b8470b2,4315,D_PROVISIONAL_ENGINEERING_ONLY,UE 5.5.4 CL 40574608
Content/__ExternalActors__/Canton/DistrictPrototype/Maps/L_Canton_District_PROVISIONAL/A/1C/318HC0W4BM2R00ZQJWS4C5.uasset,0b91d33ce1b4e26f0520ee43d8e6462b2cece9266927709c319e0d88763bf9ec,4433,D_PROVISIONAL_ENGINEERING_ONLY,UE 5.5.4 CL 40574608
Content/__ExternalActors__/Canton/DistrictPrototype/Maps/L_Canton_District_PROVISIONAL/A/2G/V0AZ2AAQHXKHRUKD7DD0RG.uasset,495e00c7e2f9f49a10cd109665cfce98a819bf5b4dbcc134e1fcd2473e5960a5,4423,D_PROVISIONAL_ENGINEERING_ONLY,UE 5.5.4 CL 40574608
Content/__ExternalActors__/Canton/DistrictPrototype/Maps/L_Canton_District_PROVISIONAL/A/3C/ELQ9TV85QYCFQ26ROIOMW2.uasset,90a6c804c67a16bc34e34dea200456f8163c125dc50372f333f3e258d03709e4,4459,D_PROVISIONAL_ENGINEERING_ONLY,UE 5.5.4 CL 40574608
Content/__ExternalActors__/Canton/DistrictPrototype/Maps/L_Canton_District_PROVISIONAL/A/3U/TFTMX4JLHHUZ4ZEJSG274B.uasset,5970d877adc4a21044344a5bd06121087826542418af34faac5aac338ef45ec9,4457,D_PROVISIONAL_ENGINEERING_ONLY,UE 5.5.4 CL 40574608
Content/__ExternalActors__/Canton/DistrictPrototype/Maps/L_Canton_District_PROVISIONAL/A/4Q/YLW3UPOZFDOZJ3SGWE70Y0.uasset,02e3ad2cbebb0db0c4d89f2cae1349293c83b1bdf021df49fae7e37a3d97d6fa,4216,D_PROVISIONAL_ENGINEERING_ONLY,UE 5.5.4 CL 40574608
Content/__ExternalActors__/Canton/DistrictPrototype/Maps/L_Canton_District_PROVISIONAL/A/56/ZVPO8XGW9YU7D7BL131828.uasset,6424fdaebe43085c3065b315e7e331216824f9f8d7c9f5188a7c4f8791ed330a,4216,D_PROVISIONAL_ENGINEERING_ONLY,UE 5.5.4 CL 40574608
Content/__ExternalActors__/Canton/DistrictPrototype/Maps/L_Canton_District_PROVISIONAL/A/5S/6U3CJNT3TKNKCF9MG5X7ND.uasset,f745e9919b95ebec5e0cc474e88403add29db7f4f969d680a95531c56c6ab811,4461,D_PROVISIONAL_ENGINEERING_ONLY,UE 5.5.4 CL 40574608
Content/__ExternalActors__/Canton/DistrictPrototype/Maps/L_Canton_District_PROVISIONAL/A/5Y/TT80T3PBVLT3IZB4E6TL8Z.uasset,172def2910dbd80f2e22fa2e44cb568eea3266ef3571c3ead8578211eba2cf27,4253,D_PROVISIONAL_ENGINEERING_ONLY,UE 5.5.4 CL 40574608
Content/__ExternalActors__/Canton/DistrictPrototype/Maps/L_Canton_District_PROVISIONAL/A/65/ZAFB9MR3WMXN763KHQW6DA.uasset,8a078633317dd6b838da20e69ac4ee93a49a9b73af2076ed0ff3578134eb7535,4459,D_PROVISIONAL_ENGINEERING_ONLY,UE 5.5.4 CL 40574608
Content/__ExternalActors__/Canton/DistrictPrototype/Maps/L_Canton_District_PROVISIONAL/A/6Y/7Z2XWQJ63FOREPP1EYE32P.uasset,d616896301d4cc8390af983447a3418e2af10030daaf45f4fdabf004ac131f56,4457,D_PROVISIONAL_ENGINEERING_ONLY,UE 5.5.4 CL 40574608
Content/__ExternalActors__/Canton/DistrictPrototype/Maps/L_Canton_District_PROVISIONAL/A/8E/6F4CCD6ITCG3IA8995LG7U.uasset,191efaf6dd206e493f6b25701cfa1661832793df6f945341c6cd9cb133021f9b,4216,D_PROVISIONAL_ENGINEERING_ONLY,UE 5.5.4 CL 40574608
Content/__ExternalActors__/Canton/DistrictPrototype/Maps/L_Canton_District_PROVISIONAL/A/9F/7THU753P5QYU58WUMMGKGO.uasset,bf932affe46b7cd2050bd2ec9349be9fa68849b6823a640e84d41f4fed76a6a7,4461,D_PROVISIONAL_ENGINEERING_ONLY,UE 5.5.4 CL 40574608
Content/__ExternalActors__/Canton/DistrictPrototype/Maps/L_Canton_District_PROVISIONAL/A/9K/XB0FCMCZRM8NVS5NWJORGS.uasset,83a3315e883144976d3f552424c7af478763d353d3f8140d441a28d56a0e2343,4455,D_PROVISIONAL_ENGINEERING_ONLY,UE 5.5.4 CL 40574608
Content/__ExternalActors__/Canton/DistrictPrototype/Maps/L_Canton_District_PROVISIONAL/A/9L/M7VK3XG0TLXVUNR9KQ7A0S.uasset,2b317f0cff7db53b00be0a31c13c6cec12eec437d8b82526db0b61a22731bb36,4461,D_PROVISIONAL_ENGINEERING_ONLY,UE 5.5.4 CL 40574608
Content/__ExternalActors__/Canton/DistrictPrototype/Maps/L_Canton_District_PROVISIONAL/A/9T/VKKGKT3YNAKYRLBKTC8IK0.uasset,9008ec5392b8c984a368e0240bf79cdb28750c96bc9d63f4e5f54992c9536cac,4423,D_PROVISIONAL_ENGINEERING_ONLY,UE 5.5.4 CL 40574608
Content/__ExternalActors__/Canton/DistrictPrototype/Maps/L_Canton_District_PROVISIONAL/A/AJ/V6DXCZ9ZRWM751LJPHU9DS.uasset,b6b0b12182cb05c6a992abf8a835f2d9334f026f5e396c4d9879f62063f856ff,4457,D_PROVISIONAL_ENGINEERING_ONLY,UE 5.5.4 CL 40574608
Content/__ExternalActors__/Canton/DistrictPrototype/Maps/L_Canton_District_PROVISIONAL/A/AR/EZ5URH2847GEY2QCT2EIZ5.uasset,f77ec0e9b4d14f8f35b7c5684a8f42e08917ab66241b45a33eb5c3fb6f918e4b,4216,D_PROVISIONAL_ENGINEERING_ONLY,UE 5.5.4 CL 40574608
Content/__ExternalActors__/Canton/DistrictPrototype/Maps/L_Canton_District_PROVISIONAL/A/BN/5D529NJTX6VBU0RSQZSGL0.uasset,18a421d7e8bc11bae9e03a953929f735eab1e1cdb29ab6fc704b5ffd6e763418,4461,D_PROVISIONAL_ENGINEERING_ONLY,UE 5.5.4 CL 40574608
Content/__ExternalActors__/Canton/DistrictPrototype/Maps/L_Canton_District_PROVISIONAL/A/D2/OQMWJ7V8W5LTGHSXO4WZ5E.uasset,8b404e4645d5567e1462f566798cc74a6c9c868db9d9df9a9164c6d14a0779fd,4461,D_PROVISIONAL_ENGINEERING_ONLY,UE 5.5.4 CL 40574608
Content/__ExternalActors__/Canton/DistrictPrototype/Maps/L_Canton_District_PROVISIONAL/A/ED/JOQ1Z836AF1FLDE4M372PR.uasset,6d7794bc5afd09c09624c5851a2f408c0d2cdb169390e58cf3a02ff2040fe060,4461,D_PROVISIONAL_ENGINEERING_ONLY,UE 5.5.4 CL 40574608
Content/__ExternalActors__/Canton/DistrictPrototype/Maps/L_Canton_District_PROVISIONAL/A/EQ/G9ZXAAY144SMJDFY6K6XF4.uasset,25b7d7b267070c8645c3b89ebcf1043048910f567da804d5349a5331036d22f6,4315,D_PROVISIONAL_ENGINEERING_ONLY,UE 5.5.4 CL 40574608
Content/__ExternalActors__/Canton/DistrictPrototype/Maps/L_Canton_District_PROVISIONAL/A/GG/WFHVU369SBY6I3496ZVTSO.uasset,14d1db63acb02784c07b74cb8b2de2531d26dd7b9ef74d23bd2e18e67bb064e5,4457,D_PROVISIONAL_ENGINEERING_ONLY,UE 5.5.4 CL 40574608
Content/__ExternalActors__/Canton/DistrictPrototype/Maps/L_Canton_District_PROVISIONAL/A/HX/QHFKXN8FUKT3QX8QRTG35X.uasset,d81835b5834cb8b2181508341611b97be743569287e81070915655be0a2e26f2,4315,D_PROVISIONAL_ENGINEERING_ONLY,UE 5.5.4 CL 40574608
Content/__ExternalActors__/Canton/DistrictPrototype/Maps/L_Canton_District_PROVISIONAL/A/IS/L53KSF7F8RNLPBT13VRXCH.uasset,493a4e4abb6119d78a1f96cbc49f7b2e5fd217cb1916149f2f7bcfde8fbc9728,4457,D_PROVISIONAL_ENGINEERING_ONLY,UE 5.5.4 CL 40574608
Content/__ExternalActors__/Canton/DistrictPrototype/Maps/L_Canton_District_PROVISIONAL/A/JE/LETDI3IIZQ5G2L1KIRHVVK.uasset,64fba3e023ad1cd62a0f94e92e9d72c273dadecc70bb4246fa5912a991ceabf4,4423,D_PROVISIONAL_ENGINEERING_ONLY,UE 5.5.4 CL 40574608
Content/__ExternalActors__/Canton/DistrictPrototype/Maps/L_Canton_District_PROVISIONAL/A/JF/JADZ77R9DJ7JEBVKELCG00.uasset,cee05d3c07343409d93cc899cca630a8c8b99f632cdbbcc06206266908d4d43f,4459,D_PROVISIONAL_ENGINEERING_ONLY,UE 5.5.4 CL 40574608
Content/__ExternalActors__/Canton/DistrictPrototype/Maps/L_Canton_District_PROVISIONAL/A/JG/D095WNRTHK36R45YUAAWAK.uasset,72c10185afd4267ed85a52ea2ef074a7da5de6d5e8660b8890bcdfbacba10893,4476,D_PROVISIONAL_ENGINEERING_ONLY,UE 5.5.4 CL 40574608
Content/__ExternalActors__/Canton/DistrictPrototype/Maps/L_Canton_District_PROVISIONAL/A/JO/PBQZI9XPS6MN12WBNCRKFF.uasset,1e48ac6db0b0d036322e200a7e279d0e49b2888e79bfab46ee0091294c7fc71b,4216,D_PROVISIONAL_ENGINEERING_ONLY,UE 5.5.4 CL 40574608
Content/__ExternalActors__/Canton/DistrictPrototype/Maps/L_Canton_District_PROVISIONAL/A/JW/U6G0JBSBE0K5SOLD8U654P.uasset,da82d441b41c0c0ea3071ca0fd43318691674f81f1f0b72db1d0f0173aa8ca8c,4476,D_PROVISIONAL_ENGINEERING_ONLY,UE 5.5.4 CL 40574608
Content/__ExternalActors__/Canton/DistrictPrototype/Maps/L_Canton_District_PROVISIONAL/A/NO/7D7Q96JK3QQE6DMYTLUJJN.uasset,fdf4dbc385c0eaec81db8bf214e4ab59f1f2f6156116c432e86f9f84aadc0687,4216,D_PROVISIONAL_ENGINEERING_ONLY,UE 5.5.4 CL 40574608
Content/__ExternalActors__/Canton/DistrictPrototype/Maps/L_Canton_District_PROVISIONAL/A/PI/M5B0HTTJOMHPXA145BVC7J.uasset,c34206fe20fe35d6988916a571a9d474dfda8529180c4ff2008490113e8badd7,4457,D_PROVISIONAL_ENGINEERING_ONLY,UE 5.5.4 CL 40574608
Content/__ExternalActors__/Canton/DistrictPrototype/Maps/L_Canton_District_PROVISIONAL/A/S0/WKCM75AB0G2GDUQMGPNVOZ.uasset,50736d786c811f15f94b6764ccbb20ce18bcb1a08fae114c1299e321daabed57,4459,D_PROVISIONAL_ENGINEERING_ONLY,UE 5.5.4 CL 40574608
Content/__ExternalActors__/Canton/DistrictPrototype/Maps/L_Canton_District_PROVISIONAL/A/SF/6048GQD58BWPKN1MRBQUVQ.uasset,f8c42b26edc419fd6324ce19e6d8b633fd81425d7b25e9aac597e46090de4349,4461,D_PROVISIONAL_ENGINEERING_ONLY,UE 5.5.4 CL 40574608
Content/__ExternalActors__/Canton/DistrictPrototype/Maps/L_Canton_District_PROVISIONAL/A/T0/I7QWHO5ITIXOV54X68VQP6.uasset,a2efaa5bfbf0c8ef9c647709874742d0122d8015ebf41f4dab28aac77f3c8231,4433,D_PROVISIONAL_ENGINEERING_ONLY,UE 5.5.4 CL 40574608
Content/__ExternalActors__/Canton/DistrictPrototype/Maps/L_Canton_District_PROVISIONAL/A/TJ/TX55DC9QL3U3YAOT7YO890.uasset,c67f136cf60ee0a96d155700bb804730dddb4c5191e257fa9c556ee1d9bdbcda,4476,D_PROVISIONAL_ENGINEERING_ONLY,UE 5.5.4 CL 40574608
Content/__ExternalActors__/Canton/DistrictPrototype/Maps/L_Canton_District_PROVISIONAL/A/TQ/I6VOK72ZSFQ4NCV4KAGAFA.uasset,cf8478a7bdc4023a6b248c331f0333b34fbecde14719f7c70b8853023bb2830e,4461,D_PROVISIONAL_ENGINEERING_ONLY,UE 5.5.4 CL 40574608
Content/__ExternalActors__/Canton/DistrictPrototype/Maps/L_Canton_District_PROVISIONAL/A/TV/3VQZYMUWZGXSFX9QHPK2KD.uasset,7acda8e501c3b9b4edd3d85e6ecb300bfca518a31481c8176f2b510084f9ad17,4455,D_PROVISIONAL_ENGINEERING_ONLY,UE 5.5.4 CL 40574608
Content/__ExternalActors__/Canton/DistrictPrototype/Maps/L_Canton_District_PROVISIONAL/A/UL/2VJJVT0D5D4BNVZZCHLI1O.uasset,02e41b878c3dd39b8555e78274623ed85e069a9a61f3139e71fd336240ce85fd,4476,D_PROVISIONAL_ENGINEERING_ONLY,UE 5.5.4 CL 40574608
Content/__ExternalActors__/Canton/DistrictPrototype/Maps/L_Canton_District_PROVISIONAL/A/UN/57RZNZLBHB1GFDZBBVBQ30.uasset,0ba5f9931e56e37147e0b39085de7f3737e9f5210a5b40cb32a7677199091055,4253,D_PROVISIONAL_ENGINEERING_ONLY,UE 5.5.4 CL 40574608
Content/__ExternalActors__/Canton/DistrictPrototype/Maps/L_Canton_District_PROVISIONAL/A/V2/5IR9EGG2OI7O7B457GHUVD.uasset,818af8344a0bb19928c187fee79e8faa8e062a003367b5e3a9ca449276257137,4423,D_PROVISIONAL_ENGINEERING_ONLY,UE 5.5.4 CL 40574608
Content/__ExternalActors__/Canton/DistrictPrototype/Maps/L_Canton_District_PROVISIONAL/A/WC/SPZJHP2QAE5U2U6SXTSPWA.uasset,5c94c76f7175c54395f0f242b106d126bebb11b20be4c50c096a2f2201e1a159,4459,D_PROVISIONAL_ENGINEERING_ONLY,UE 5.5.4 CL 40574608
Content/__ExternalActors__/Canton/DistrictPrototype/Maps/L_Canton_District_PROVISIONAL/A/WJ/T95VQHNYNAC4HMWGZSUMYF.uasset,11a010a77198c9ea94b06cc18ccf8d34a7bfc7e5cc545d0d19334c6a4256604a,4455,D_PROVISIONAL_ENGINEERING_ONLY,UE 5.5.4 CL 40574608
Content/__ExternalActors__/Canton/DistrictPrototype/Maps/L_Canton_District_PROVISIONAL/A/WN/2XWHP61WF7D833PTDJ7ND7.uasset,b91bfbe80045e477fca9c077d0d49c9ed42b0548c1418d1bf50e117b94e0665a,4459,D_PROVISIONAL_ENGINEERING_ONLY,UE 5.5.4 CL 40574608
Content/__ExternalActors__/Canton/DistrictPrototype/Maps/L_Canton_District_PROVISIONAL/A/XL/0JYRYQMSAS6UP8FG5O6LZ0.uasset,08b8d39e0f88146456ba548c6eaab3b14e60236123633ef3b048b2e4e1b6ecfe,4423,D_PROVISIONAL_ENGINEERING_ONLY,UE 5.5.4 CL 40574608
Content/__ExternalActors__/Canton/DistrictPrototype/Maps/L_Canton_District_PROVISIONAL/A/XS/UAY337QQAES7S05E8C052M.uasset,c0eb21c73216e82c3a40094d2bead634b214f845409433f4c786ce061004225a,4423,D_PROVISIONAL_ENGINEERING_ONLY,UE 5.5.4 CL 40574608
Content/__ExternalActors__/Canton/DistrictPrototype/Maps/L_Canton_District_PROVISIONAL/A/Y0/8LPP951VGLUEPXU1UDQDUG.uasset,610fc800ba840baa5626156e24d9aba41b7a450da49c2cef24d6c2ec51ce3831,4423,D_PROVISIONAL_ENGINEERING_ONLY,UE 5.5.4 CL 40574608
Content/__ExternalActors__/Canton/DistrictPrototype/Maps/L_Canton_District_PROVISIONAL/A/YH/DPXWMEWSJYSOMICEGKOKHM.uasset,7d9237a3420ce8eff046be68f55505975b5639bd9725fb5dadd099f488566d29,4457,D_PROVISIONAL_ENGINEERING_ONLY,UE 5.5.4 CL 40574608
Content/__ExternalActors__/Canton/DistrictPrototype/Maps/L_Canton_District_PROVISIONAL/A/YR/OME3ET4OBHOXWCFUZLJ6BU.uasset,09f0096c086186dc60c4cc4e0d707e586804443c5fa4b7322426965727d8b81f,4476,D_PROVISIONAL_ENGINEERING_ONLY,UE 5.5.4 CL 40574608
Content/__ExternalActors__/Canton/DistrictPrototype/Maps/L_Canton_District_PROVISIONAL/A/ZB/R1QQNMSZ106W05OC3GGYU7.uasset,673ca5f246f8bc08b5befccdf78ebe445a35046f71503caad8e8f5f47ba1326e,4253,D_PROVISIONAL_ENGINEERING_ONLY,UE 5.5.4 CL 40574608
Content/__ExternalActors__/Canton/DistrictPrototype/Maps/L_Canton_District_PROVISIONAL/A/ZQ/NXRCHI4QE4C0SJ15JEAYYZ.uasset,287c9b1db3e1865a25e2f917311df93bc6ba71589b5569f3342d6f641d18abe8,4459,D_PROVISIONAL_ENGINEERING_ONLY,UE 5.5.4 CL 40574608
Content/__ExternalActors__/Canton/DistrictPrototype/Maps/L_Canton_District_PROVISIONAL/B/0J/ZB5PLZXKLKNMAKCM6CAPHJ.uasset,1a58884e7664d73a178bb1deacc0019958e0376a7d72ec546be026aa0a57eb26,4457,D_PROVISIONAL_ENGINEERING_ONLY,UE 5.5.4 CL 40574608
Content/__ExternalActors__/Canton/DistrictPrototype/Maps/L_Canton_District_PROVISIONAL/B/21/MR57R9Q29LXRIGHSN1ZT24.uasset,592c09592b064c7a636071df0a201936bbdf2a6d3a9ae926958656cdff729ed2,4455,D_PROVISIONAL_ENGINEERING_ONLY,UE 5.5.4 CL 40574608
Content/__ExternalActors__/Canton/DistrictPrototype/Maps/L_Canton_District_PROVISIONAL/B/28/G7VHJZBPHCUI4A9VXVE37C.uasset,aa75fba51c685b94303c8f21906281de449c0998f493d6bdd138e1a112e52e5c,4253,D_PROVISIONAL_ENGINEERING_ONLY,UE 5.5.4 CL 40574608
Content/__ExternalActors__/Canton/DistrictPrototype/Maps/L_Canton_District_PROVISIONAL/B/2R/VYJ6HND9JY3Z4HH0S2ET6D.uasset,7f1e8ec5d839471d92fcba528d460b17a4bec693db49eda27e5f3ba681714224,4216,D_PROVISIONAL_ENGINEERING_ONLY,UE 5.5.4 CL 40574608
Content/__ExternalActors__/Canton/DistrictPrototype/Maps/L_Canton_District_PROVISIONAL/B/39/2FI1AZ7ZCMHFQ80I7VTTYT.uasset,b55053f2f9ae96c112ee26e9d2d61d3bfe60df9c3f2d1565df3d9316b0dfc211,4457,D_PROVISIONAL_ENGINEERING_ONLY,UE 5.5.4 CL 40574608
Content/__ExternalActors__/Canton/DistrictPrototype/Maps/L_Canton_District_PROVISIONAL/B/3H/HQZF039WQC172S9E7GLWO4.uasset,17898b400e4acdf014df91cf8f0c6fe83bff7714c842df397b98eb7ab54dc3e5,4433,D_PROVISIONAL_ENGINEERING_ONLY,UE 5.5.4 CL 40574608
Content/__ExternalActors__/Canton/DistrictPrototype/Maps/L_Canton_District_PROVISIONAL/B/3I/DMTB2WJK0T6EV5JUEXRR9P.uasset,429f5512a78cea2b80254cb767fdc1116f086755de2fab60a85de549897c5e13,4455,D_PROVISIONAL_ENGINEERING_ONLY,UE 5.5.4 CL 40574608
Content/__ExternalActors__/Canton/DistrictPrototype/Maps/L_Canton_District_PROVISIONAL/B/3P/TOYX88NU8HJMEPO9NU112S.uasset,bb92d299ae6943a37e242144e8a9892c12957557cb1fd79e9ca07b62dc367ec3,4455,D_PROVISIONAL_ENGINEERING_ONLY,UE 5.5.4 CL 40574608
Content/__ExternalActors__/Canton/DistrictPrototype/Maps/L_Canton_District_PROVISIONAL/B/3Q/GK87JGTOUMGKLTQBN9L865.uasset,9e0001b9773efaa40558780fda063018cd05fda0c76de1d9a7fc7a20c7c5c3bd,4212,D_PROVISIONAL_ENGINEERING_ONLY,UE 5.5.4 CL 40574608
Content/__ExternalActors__/Canton/DistrictPrototype/Maps/L_Canton_District_PROVISIONAL/B/4E/OF3OEGSM9679OQ36B2LKB1.uasset,e44d5738e2cab4e8043a8608af3af34d59f7261a27a12b2073f7e06a045c2cd0,4476,D_PROVISIONAL_ENGINEERING_ONLY,UE 5.5.4 CL 40574608
Content/__ExternalActors__/Canton/DistrictPrototype/Maps/L_Canton_District_PROVISIONAL/B/4N/AR2Y1N8MX9MSN080BHTE7M.uasset,5d20d4c264396cb35aff73bb6b5ffbe34c71edf62acd79ca06b570d6d6189825,2881,D_PROVISIONAL_ENGINEERING_ONLY,UE 5.5.4 CL 40574608
Content/__ExternalActors__/Canton/DistrictPrototype/Maps/L_Canton_District_PROVISIONAL/B/59/PM6JJIGVSH0GSVIELRGATL.uasset,6884e7394aca340397f9f35e1ec0fe21bd93b582401f8bb3c79c97e9e56cf0e6,4423,D_PROVISIONAL_ENGINEERING_ONLY,UE 5.5.4 CL 40574608
Content/__ExternalActors__/Canton/DistrictPrototype/Maps/L_Canton_District_PROVISIONAL/B/5I/U330RCC1PHUJS9BTPJYNBW.uasset,3764ff9549eb4d722310d1da69cd01960c01ab49beefc50b81e6a4fd6befcd29,4216,D_PROVISIONAL_ENGINEERING_ONLY,UE 5.5.4 CL 40574608
Content/__ExternalActors__/Canton/DistrictPrototype/Maps/L_Canton_District_PROVISIONAL/B/5V/U8CXIR2NN443V79OBUFEKH.uasset,4d52f3c3f60aa205a47f6699947fdb649e79eec46605b5a68f8d530aaa6dbefb,4461,D_PROVISIONAL_ENGINEERING_ONLY,UE 5.5.4 CL 40574608
Content/__ExternalActors__/Canton/DistrictPrototype/Maps/L_Canton_District_PROVISIONAL/B/77/HGLJVH3XWRY6KT6PXD3W76.uasset,85fc6f9f08d454bb69fdb1d0309b7f076e9bd36b350735d174e27493647209b5,4407,D_PROVISIONAL_ENGINEERING_ONLY,UE 5.5.4 CL 40574608
Content/__ExternalActors__/Canton/DistrictPrototype/Maps/L_Canton_District_PROVISIONAL/B/7G/95JJ1FVUXJ2UUXVL7WG4QR.uasset,2993848c54eafaba2e4102b548ae80e58e2e76dc8cdfa1e63b2d4b09769c6082,4476,D_PROVISIONAL_ENGINEERING_ONLY,UE 5.5.4 CL 40574608
Content/__ExternalActors__/Canton/DistrictPrototype/Maps/L_Canton_District_PROVISIONAL/B/AZ/NIFM2RNX20C3M0RJDOWQ12.uasset,825e5713b24e8455329419c73a8f84c1cb50247b86c8b7613877a8154128d4d4,4253,D_PROVISIONAL_ENGINEERING_ONLY,UE 5.5.4 CL 40574608
Content/__ExternalActors__/Canton/DistrictPrototype/Maps/L_Canton_District_PROVISIONAL/B/B4/NDRQFRRGY38YFBZXDOKNIK.uasset,56ebc1d71240188dbdd61213e1b1a3a1a52126ab2adf546987b0781fe9d2cd87,4461,D_PROVISIONAL_ENGINEERING_ONLY,UE 5.5.4 CL 40574608
Content/__ExternalActors__/Canton/DistrictPrototype/Maps/L_Canton_District_PROVISIONAL/B/BH/P3BG5KT2WJCPW7XUWSV939.uasset,bfdfb05207ef2c14f217cd785d892d869e1e296282a094c293732803d0a2eeda,4216,D_PROVISIONAL_ENGINEERING_ONLY,UE 5.5.4 CL 40574608
Content/__ExternalActors__/Canton/DistrictPrototype/Maps/L_Canton_District_PROVISIONAL/B/CI/BB4OX1B7TAJET09FUSMJ1D.uasset,7687a84cb325ade1d8ebb16ab3a26b8e666e4d443d8c968f1ac2f4a21b8ffc59,4433,D_PROVISIONAL_ENGINEERING_ONLY,UE 5.5.4 CL 40574608
Content/__ExternalActors__/Canton/DistrictPrototype/Maps/L_Canton_District_PROVISIONAL/B/CU/AS30KMA65C03E96FD3GZLU.uasset,d52311afa1d492dde29b2676d43147c362877dff5913a191c8a39b6638f2d76c,4457,D_PROVISIONAL_ENGINEERING_ONLY,UE 5.5.4 CL 40574608
Content/__ExternalActors__/Canton/DistrictPrototype/Maps/L_Canton_District_PROVISIONAL/B/CZ/C4XKGM09TJ5Y2OUKY05MOF.uasset,384af220db2d1dd2b5e99f2b123025693f27c243d00119757faa622ecded0dbc,4459,D_PROVISIONAL_ENGINEERING_ONLY,UE 5.5.4 CL 40574608
Content/__ExternalActors__/Canton/DistrictPrototype/Maps/L_Canton_District_PROVISIONAL/B/DZ/LFARGZTCIKPXT1RPDX6BLB.uasset,6eb2529b27007411b0d3afc53a724e94e9eaeb483f96b49b1685ce6bc98d621e,4253,D_PROVISIONAL_ENGINEERING_ONLY,UE 5.5.4 CL 40574608
Content/__ExternalActors__/Canton/DistrictPrototype/Maps/L_Canton_District_PROVISIONAL/B/EB/X2BP8HCX5LQZPQTZPWQ53X.uasset,6ebf2ad8c640c0d973a1042210e730798b8f9801ff56b077b22a28810ae30d98,4216,D_PROVISIONAL_ENGINEERING_ONLY,UE 5.5.4 CL 40574608
Content/__ExternalActors__/Canton/DistrictPrototype/Maps/L_Canton_District_PROVISIONAL/B/FK/Z8M1PFODTVUENBIZJQ488T.uasset,dbb2eeb000df3c74999caedd31b458e325cac7d3b9a3c24dcbeb3eab3dded1fd,4461,D_PROVISIONAL_ENGINEERING_ONLY,UE 5.5.4 CL 40574608
Content/__ExternalActors__/Canton/DistrictPrototype/Maps/L_Canton_District_PROVISIONAL/B/G3/6X9DUMABQ3QC13F1ZOFXCJ.uasset,ce458efe6f088a19331a6f83029af4fac8a6d4a34163cb8e02dd951817b259b1,4455,D_PROVISIONAL_ENGINEERING_ONLY,UE 5.5.4 CL 40574608
Content/__ExternalActors__/Canton/DistrictPrototype/Maps/L_Canton_District_PROVISIONAL/B/H1/6WOSW0TSFZXIX61KYPPM67.uasset,658bdad99df2945d3de3d4b7d11e79d2c427118e940122e22a9f2ca074fd1b4b,4455,D_PROVISIONAL_ENGINEERING_ONLY,UE 5.5.4 CL 40574608
Content/__ExternalActors__/Canton/DistrictPrototype/Maps/L_Canton_District_PROVISIONAL/B/H6/WKFA92JWKG4QNV7ITFW0CI.uasset,c4663b6b764d3dc4520472eead2f69a2ee3629856e6a6757e433fe799e19647d,4433,D_PROVISIONAL_ENGINEERING_ONLY,UE 5.5.4 CL 40574608
Content/__ExternalActors__/Canton/DistrictPrototype/Maps/L_Canton_District_PROVISIONAL/B/JL/PDZKJM6IL5GA4FZH3M8PH6.uasset,fe35bb31012c29f3330a3b7031517c3d60dd46d18e5b688147b377a7d59fb39f,4423,D_PROVISIONAL_ENGINEERING_ONLY,UE 5.5.4 CL 40574608
Content/__ExternalActors__/Canton/DistrictPrototype/Maps/L_Canton_District_PROVISIONAL/B/L8/ZRT440RIJOJO4XA8781X9B.uasset,ae7ef0151d4b77942df257a76505a350baccf4a9b7876a738ecabac043066f7c,4433,D_PROVISIONAL_ENGINEERING_ONLY,UE 5.5.4 CL 40574608
Content/__ExternalActors__/Canton/DistrictPrototype/Maps/L_Canton_District_PROVISIONAL/B/LD/Q0VT5L6XJ9F9R3ZVJLUBE0.uasset,5c646b086131f8d57727bbec31cb6bb54f3d37e4e03cd5ce10f39f31e8df5ff8,4461,D_PROVISIONAL_ENGINEERING_ONLY,UE 5.5.4 CL 40574608
Content/__ExternalActors__/Canton/DistrictPrototype/Maps/L_Canton_District_PROVISIONAL/B/LD/Q9MAJR6CKQJ2GGQZM0KDKC.uasset,3de9f99f0cc652022454e79d9fffd68aa0c43921bfb6e949d6914bf832cb9ec6,4433,D_PROVISIONAL_ENGINEERING_ONLY,UE 5.5.4 CL 40574608
Content/__ExternalActors__/Canton/DistrictPrototype/Maps/L_Canton_District_PROVISIONAL/B/MH/9008N5CVV5UTG36F5V1Y7D.uasset,c62f116705599c001e0953844d8468390b3e603cc5b02f853e72725a8571ded1,4476,D_PROVISIONAL_ENGINEERING_ONLY,UE 5.5.4 CL 40574608
Content/__ExternalActors__/Canton/DistrictPrototype/Maps/L_Canton_District_PROVISIONAL/B/MU/222EK05937G455M4C97S0R.uasset,685d80d4b603653cdc7bbc4b237c8ecf27c4a9e84eb0b09d0bffc609e07b14ca,4461,D_PROVISIONAL_ENGINEERING_ONLY,UE 5.5.4 CL 40574608
Content/__ExternalActors__/Canton/DistrictPrototype/Maps/L_Canton_District_PROVISIONAL/B/NR/2R7U0QPM2IQENI55BSFHPA.uasset,cf53402bb10ace0bb565b7fa441a4a3444defef698f90d6f420ab67491826932,4457,D_PROVISIONAL_ENGINEERING_ONLY,UE 5.5.4 CL 40574608
Content/__ExternalActors__/Canton/DistrictPrototype/Maps/L_Canton_District_PROVISIONAL/B/O4/YG7M846U8N931F3US739OG.uasset,01c816b179de221df803549018e332e270afdef182967250b4ab45b068c0b28e,4212,D_PROVISIONAL_ENGINEERING_ONLY,UE 5.5.4 CL 40574608
Content/__ExternalActors__/Canton/DistrictPrototype/Maps/L_Canton_District_PROVISIONAL/B/OH/CLYZE54939Y7VQT5JBKCBT.uasset,576023ddec323efa149727992aba13f2b6c074f6f52ba4ddbba4563e80ab2b8e,4476,D_PROVISIONAL_ENGINEERING_ONLY,UE 5.5.4 CL 40574608
Content/__ExternalActors__/Canton/DistrictPrototype/Maps/L_Canton_District_PROVISIONAL/B/PC/CA1SQIUD2USW2ZE2HIDUHQ.uasset,c2afd452c18316033001da7dcf9bb8b52ef703312a68b1aacb80ecf25c62eb3e,4461,D_PROVISIONAL_ENGINEERING_ONLY,UE 5.5.4 CL 40574608
Content/__ExternalActors__/Canton/DistrictPrototype/Maps/L_Canton_District_PROVISIONAL/B/RM/LC9WP4NXKK8DKCVUF40IDK.uasset,b5609ec8ad752c6944fcedf8357185437703a93c1aadca6854a72241d4e5c0b0,4253,D_PROVISIONAL_ENGINEERING_ONLY,UE 5.5.4 CL 40574608
Content/__ExternalActors__/Canton/DistrictPrototype/Maps/L_Canton_District_PROVISIONAL/B/S9/U6CN8KWB7QXQAPFO8DFWSH.uasset,04e7c9d9ac9f9d05e5f1ec3b8b08cd45fdcd8b00d9554aa349e268c2c47321f4,4455,D_PROVISIONAL_ENGINEERING_ONLY,UE 5.5.4 CL 40574608
Content/__ExternalActors__/Canton/DistrictPrototype/Maps/L_Canton_District_PROVISIONAL/B/SM/NPKKHUEV79376A5ZUGMRJI.uasset,f081e6296a6e6894cf765cdefb831ff855f2458e4f44ff61b1a9905ce3adc50f,4455,D_PROVISIONAL_ENGINEERING_ONLY,UE 5.5.4 CL 40574608
Content/__ExternalActors__/Canton/DistrictPrototype/Maps/L_Canton_District_PROVISIONAL/B/TI/B2RFC9MQ2PIR6K6MOOX6EH.uasset,10ac78973f54ab6f32723f50d59059951354a372811e74087c4aa7814090d6c1,4139,D_PROVISIONAL_ENGINEERING_ONLY,UE 5.5.4 CL 40574608
Content/__ExternalActors__/Canton/DistrictPrototype/Maps/L_Canton_District_PROVISIONAL/B/U3/J592BMTUR1COX9AI9NYAW2.uasset,5c3cd75d57d0b06d4b30ec62279dc1a69827a10a12430e86bb0c8ef5e172c200,4423,D_PROVISIONAL_ENGINEERING_ONLY,UE 5.5.4 CL 40574608
Content/__ExternalActors__/Canton/DistrictPrototype/Maps/L_Canton_District_PROVISIONAL/B/VC/GEJDCFRQORQO3BDP0J1T50.uasset,2316bd6218e3799c3f25e7adf0db81f1b3ac9302e7430a6c6b0894c5689c2709,4461,D_PROVISIONAL_ENGINEERING_ONLY,UE 5.5.4 CL 40574608
Content/__ExternalActors__/Canton/DistrictPrototype/Maps/L_Canton_District_PROVISIONAL/B/X3/KE73XQBRAP0JO5WMXZMQWS.uasset,2cec108549ae1ed9fb23bd3589ccfbe4ca5eb7c8b74d32a46ebc2ef532b8eea8,4423,D_PROVISIONAL_ENGINEERING_ONLY,UE 5.5.4 CL 40574608
Content/__ExternalActors__/Canton/DistrictPrototype/Maps/L_Canton_District_PROVISIONAL/B/X6/WAY3AJ6IJ1G3HDU14HMZ64.uasset,16ead0d63a7d7a94fdd01fcb2f19f34a6cd0016c95d2766ec3e12306de72ed79,4216,D_PROVISIONAL_ENGINEERING_ONLY,UE 5.5.4 CL 40574608
Content/__ExternalActors__/Canton/DistrictPrototype/Maps/L_Canton_District_PROVISIONAL/B/Y1/ZTYN524VMLSR0YX4VWK7T9.uasset,681a9e3f6f06d22fa0f1acce2928547f13a61ae9a607974779a40b758b1d9209,4455,D_PROVISIONAL_ENGINEERING_ONLY,UE 5.5.4 CL 40574608
Content/__ExternalActors__/Canton/DistrictPrototype/Maps/L_Canton_District_PROVISIONAL/B/YH/LCHONAW3T6ZPVGSVYC5UVT.uasset,646bede9b012a8ce205feb83d999343030958c948221fb5a2ded56b5f8c8bd6c,4423,D_PROVISIONAL_ENGINEERING_ONLY,UE 5.5.4 CL 40574608
Content/__ExternalActors__/Canton/DistrictPrototype/Maps/L_Canton_District_PROVISIONAL/B/YX/CJUGGB5REJIW93061HVN9Y.uasset,81524004a4c9a9ee4753af8988adc2d0b3bc16a2b1ce945d9397032c562159d0,4459,D_PROVISIONAL_ENGINEERING_ONLY,UE 5.5.4 CL 40574608
Content/__ExternalActors__/Canton/DistrictPrototype/Maps/L_Canton_District_PROVISIONAL/B/Z6/RH3TN1BEYLZQMJU9DGZJXH.uasset,5e4c7b1bc89a5e52d4c0c8fbf2d4b76bcc212f217550b6db03424b0d6bc7c657,4433,D_PROVISIONAL_ENGINEERING_ONLY,UE 5.5.4 CL 40574608
Content/__ExternalActors__/Canton/DistrictPrototype/Maps/L_Canton_District_PROVISIONAL/C/0A/6FD8HNUXJI7NECC1BITO4S.uasset,37c34d8192f8a0c888927dcca7e48bb9d1cf7ae4d4ff3b0d55c39952de8f8e9a,4476,D_PROVISIONAL_ENGINEERING_ONLY,UE 5.5.4 CL 40574608
Content/__ExternalActors__/Canton/DistrictPrototype/Maps/L_Canton_District_PROVISIONAL/C/0A/UUXLKPWYXUDUWUHRNSPUUV.uasset,1500a7675a999a752d5b513ada72fcc4dd5e8bca28e9aad97d67f8cdb530d17a,4459,D_PROVISIONAL_ENGINEERING_ONLY,UE 5.5.4 CL 40574608
Content/__ExternalActors__/Canton/DistrictPrototype/Maps/L_Canton_District_PROVISIONAL/C/0K/425571DF4RW9W1BV96N3NI.uasset,8b725c48cc193d2c0dbd1546c9c33110f095a6d0dc9f48021d87d4cef8a68fb7,4476,D_PROVISIONAL_ENGINEERING_ONLY,UE 5.5.4 CL 40574608
Content/__ExternalActors__/Canton/DistrictPrototype/Maps/L_Canton_District_PROVISIONAL/C/0V/EBVY6DYU9IEACJQP8JIGNO.uasset,8a6bee41ff6ee81db0c6ca3a1a2bd7dbfcde0144fbe8ae98deab2ab6bb6f35e9,4423,D_PROVISIONAL_ENGINEERING_ONLY,UE 5.5.4 CL 40574608
Content/__ExternalActors__/Canton/DistrictPrototype/Maps/L_Canton_District_PROVISIONAL/C/1X/K06Y3ZR7HJY1PK5Y90T0NN.uasset,773a594a13ccfc00260f3160dc93d5826f20ddb4c60b4b50b98254510bac400a,4253,D_PROVISIONAL_ENGINEERING_ONLY,UE 5.5.4 CL 40574608
Content/__ExternalActors__/Canton/DistrictPrototype/Maps/L_Canton_District_PROVISIONAL/C/30/VNTQX0V2YILHKKQ29UGAWE.uasset,ac23fdbabd5e2ee737fbd2ce1f78ad544da9a2194f9e8f0999ae25c2e22a1a4b,4459,D_PROVISIONAL_ENGINEERING_ONLY,UE 5.5.4 CL 40574608
Content/__ExternalActors__/Canton/DistrictPrototype/Maps/L_Canton_District_PROVISIONAL/C/40/WV4Q2JGMK46LQNGHVLZXIE.uasset,f67dcd58661de71d289daf3f30fddb99c443e4a193bd537bd47525b3df1d54df,4476,D_PROVISIONAL_ENGINEERING_ONLY,UE 5.5.4 CL 40574608
Content/__ExternalActors__/Canton/DistrictPrototype/Maps/L_Canton_District_PROVISIONAL/C/49/9MQ7VESFYDUMKETDCNT40L.uasset,241cadb6e925b76b109c35378afe291a656319ddd61b9d733d27d6bc6576b787,4457,D_PROVISIONAL_ENGINEERING_ONLY,UE 5.5.4 CL 40574608
Content/__ExternalActors__/Canton/DistrictPrototype/Maps/L_Canton_District_PROVISIONAL/C/62/LL3DF5ARFJNLBP6GHN0JEI.uasset,81fd88a0b6d1ea21b1edd4f8c72d785775dac483cca720c2d678af4204b46c0b,4455,D_PROVISIONAL_ENGINEERING_ONLY,UE 5.5.4 CL 40574608
Content/__ExternalActors__/Canton/DistrictPrototype/Maps/L_Canton_District_PROVISIONAL/C/7L/2A1P52QAFYYRBV98R0GUMO.uasset,85b23946f716dfe9fed23d58b8784a2cf802611b38ef2729dca777406a8ccd2e,4461,D_PROVISIONAL_ENGINEERING_ONLY,UE 5.5.4 CL 40574608
Content/__ExternalActors__/Canton/DistrictPrototype/Maps/L_Canton_District_PROVISIONAL/C/7S/GF68934KM9NXZLDJUW3KQ5.uasset,969227b4eb5f889bcbc51b8b7fec150805b75739e2f05b9b4f3e74b452cf5c53,4433,D_PROVISIONAL_ENGINEERING_ONLY,UE 5.5.4 CL 40574608
Content/__ExternalActors__/Canton/DistrictPrototype/Maps/L_Canton_District_PROVISIONAL/C/8B/UQZTY3XN5RTX0UHG7RK892.uasset,c8e6c79e7edf369fd33eb0b60bb81349b29c0d34eff33f2913017fa2ac11445b,4459,D_PROVISIONAL_ENGINEERING_ONLY,UE 5.5.4 CL 40574608
Content/__ExternalActors__/Canton/DistrictPrototype/Maps/L_Canton_District_PROVISIONAL/C/8F/EVF8NVWF7TIS09XKI8B2GJ.uasset,f3dc320ab2be79f3baeacda60ed8dd55afcd56f4f493e25daaf9cc87903738f6,4457,D_PROVISIONAL_ENGINEERING_ONLY,UE 5.5.4 CL 40574608
Content/__ExternalActors__/Canton/DistrictPrototype/Maps/L_Canton_District_PROVISIONAL/C/8I/DG0JR1C4QBJWXIISNHP36S.uasset,ef09dc9c3b99ee97f55d0f1b319709ebf1dea8277637bfe04e6a0c17afca31c4,4433,D_PROVISIONAL_ENGINEERING_ONLY,UE 5.5.4 CL 40574608
Content/__ExternalActors__/Canton/DistrictPrototype/Maps/L_Canton_District_PROVISIONAL/C/8Y/IG1G5G23TW6TIIOGJ26M6C.uasset,a69f3300bdac2deb21cc915389f841a30054b65579746557afdd5a43346d04a9,4457,D_PROVISIONAL_ENGINEERING_ONLY,UE 5.5.4 CL 40574608
Content/__ExternalActors__/Canton/DistrictPrototype/Maps/L_Canton_District_PROVISIONAL/C/9G/2YYDHVQMCHWQTLZ1IESOPL.uasset,7c5d7858e2b3480e656d0be177aaa1441fa450d5078b0637759c571911861a6e,4457,D_PROVISIONAL_ENGINEERING_ONLY,UE 5.5.4 CL 40574608
Content/__ExternalActors__/Canton/DistrictPrototype/Maps/L_Canton_District_PROVISIONAL/C/9I/P96A5IVX6R9UHWBJG7DPM0.uasset,ae70de611c93be1e17ef2095c309ca67f9e86b40fb2abf55b3d60fce709568aa,4459,D_PROVISIONAL_ENGINEERING_ONLY,UE 5.5.4 CL 40574608
Content/__ExternalActors__/Canton/DistrictPrototype/Maps/L_Canton_District_PROVISIONAL/C/9Q/DPJFN9XTN1O27WZ8VSVHKZ.uasset,ce6ea065ead05fd5266b32d6296baf7c5f2163b9a1e43fb43b67166fb93a7067,4455,D_PROVISIONAL_ENGINEERING_ONLY,UE 5.5.4 CL 40574608
Content/__ExternalActors__/Canton/DistrictPrototype/Maps/L_Canton_District_PROVISIONAL/C/9T/6UV6A3X2XX8H6HJRKXCP4S.uasset,26075d2fd5cc5f90461a558d0ac27b36bf2a016cfe774f2c1333431b27a39d23,4455,D_PROVISIONAL_ENGINEERING_ONLY,UE 5.5.4 CL 40574608
Content/__ExternalActors__/Canton/DistrictPrototype/Maps/L_Canton_District_PROVISIONAL/C/A5/IP0OQSPQBPTP4GMYAQ7NWW.uasset,ecb36d2dc093250b399ebd9e6fc9f34c5e9c1050256869b76eb555279c379d76,4476,D_PROVISIONAL_ENGINEERING_ONLY,UE 5.5.4 CL 40574608
Content/__ExternalActors__/Canton/DistrictPrototype/Maps/L_Canton_District_PROVISIONAL/C/AP/2289XNQOOJ15N45IN9ITBF.uasset,822138c5cffbf8d449dc26a8df1bb5f87a1885195f8849ce6a09ec5a6661a6ea,4253,D_PROVISIONAL_ENGINEERING_ONLY,UE 5.5.4 CL 40574608
Content/__ExternalActors__/Canton/DistrictPrototype/Maps/L_Canton_District_PROVISIONAL/C/BZ/7C8TNQ3ITG6KCHTKL39VY9.uasset,f98e781c53a58c0a375498def90c189f87104ffbff168f1626ddab819188ce05,4455,D_PROVISIONAL_ENGINEERING_ONLY,UE 5.5.4 CL 40574608
Content/__ExternalActors__/Canton/DistrictPrototype/Maps/L_Canton_District_PROVISIONAL/C/BZ/CL6YX0K0YWPTTIBMG9A422.uasset,ba3fe40da2a86a0c9900cf9321c09797ac65b1535822eacf1d4645f0126df839,4476,D_PROVISIONAL_ENGINEERING_ONLY,UE 5.5.4 CL 40574608
Content/__ExternalActors__/Canton/DistrictPrototype/Maps/L_Canton_District_PROVISIONAL/C/CA/CE0D2CM9BMRCO0XPMHKHOG.uasset,8f771c8c70b604992d71f0bd426290714a9584479d75b2d1dbedce7ab959eee2,4476,D_PROVISIONAL_ENGINEERING_ONLY,UE 5.5.4 CL 40574608
Content/__ExternalActors__/Canton/DistrictPrototype/Maps/L_Canton_District_PROVISIONAL/C/CG/ROUV0UTH9J438UGOGV30AT.uasset,e3e73ea2732331100d5e55c3dbedd3f9649270b1498abe5c57a8ee3dbae19596,4423,D_PROVISIONAL_ENGINEERING_ONLY,UE 5.5.4 CL 40574608
Content/__ExternalActors__/Canton/DistrictPrototype/Maps/L_Canton_District_PROVISIONAL/C/DX/1HTJMJKUQWTG9VCZ9NV7YJ.uasset,250acd8b9a17879b23566f085e8201f2f520345c4c8aeb483490cd4db9ff68a5,4476,D_PROVISIONAL_ENGINEERING_ONLY,UE 5.5.4 CL 40574608
Content/__ExternalActors__/Canton/DistrictPrototype/Maps/L_Canton_District_PROVISIONAL/C/EY/HE0LAFXWFX1FTRR2N93ETO.uasset,2dd1aa29e9c9d0e1b95b5cebef44a3884ea8c041c499923e93d02f208cb92163,4433,D_PROVISIONAL_ENGINEERING_ONLY,UE 5.5.4 CL 40574608
Content/__ExternalActors__/Canton/DistrictPrototype/Maps/L_Canton_District_PROVISIONAL/C/EZ/6Q0W0KK0KJIJ15PYHIE8OS.uasset,aa04fce366653c03278dc7ef8e21d8182432c093666f1892ce94740e8c12cc74,4476,D_PROVISIONAL_ENGINEERING_ONLY,UE 5.5.4 CL 40574608
Content/__ExternalActors__/Canton/DistrictPrototype/Maps/L_Canton_District_PROVISIONAL/C/GE/RM0ZZBKT0N7EF04RRZZQDS.uasset,b6b4ec9a62c61c54ab4fcebe914d6546c6cbd268583d51ce64dc33a230353477,4459,D_PROVISIONAL_ENGINEERING_ONLY,UE 5.5.4 CL 40574608
Content/__ExternalActors__/Canton/DistrictPrototype/Maps/L_Canton_District_PROVISIONAL/C/GZ/JCT0JH4QO7R9O33B7JD5UQ.uasset,1de52065d45eeeb4a6e95cd182f7dde0003fe4e3f0e3249bee386f3ae56be0b5,4216,D_PROVISIONAL_ENGINEERING_ONLY,UE 5.5.4 CL 40574608
Content/__ExternalActors__/Canton/DistrictPrototype/Maps/L_Canton_District_PROVISIONAL/C/HJ/0VLV5IT8FB3BNDMD249Q9R.uasset,b0db0f62320e80106ad86fa9fe89caf817e6011dc4f13cc048cfe9757902c48a,4253,D_PROVISIONAL_ENGINEERING_ONLY,UE 5.5.4 CL 40574608
Content/__ExternalActors__/Canton/DistrictPrototype/Maps/L_Canton_District_PROVISIONAL/C/IO/D01M54OBWHKO3KCZXBSRIB.uasset,cffbedfd640456fd9df07e06fac0ec282f6c55755c50316ea98b2dac35653aec,4457,D_PROVISIONAL_ENGINEERING_ONLY,UE 5.5.4 CL 40574608
Content/__ExternalActors__/Canton/DistrictPrototype/Maps/L_Canton_District_PROVISIONAL/C/J3/EFE4FBX0KGRLXPU6LG5WZV.uasset,c7ee334b52dba9d94dcb351e6d0e64b2d47be9378d4f5e07440ecb5cb341cb2c,4423,D_PROVISIONAL_ENGINEERING_ONLY,UE 5.5.4 CL 40574608
Content/__ExternalActors__/Canton/DistrictPrototype/Maps/L_Canton_District_PROVISIONAL/C/JG/QPY6PAY9WCD6YIY51AMSK5.uasset,40218e8762943c07e619cdfe71275634fc31c372894b8f5e406aebcb4e516806,4461,D_PROVISIONAL_ENGINEERING_ONLY,UE 5.5.4 CL 40574608
Content/__ExternalActors__/Canton/DistrictPrototype/Maps/L_Canton_District_PROVISIONAL/C/JL/RR58WX79A8YFV1YGTBTW8J.uasset,658ff651a5b6c0393ac5c839fbaebf80bcf716a193618530030298338f1300ce,4455,D_PROVISIONAL_ENGINEERING_ONLY,UE 5.5.4 CL 40574608
Content/__ExternalActors__/Canton/DistrictPrototype/Maps/L_Canton_District_PROVISIONAL/C/JM/58VPDY7JYJF91WI09HC4BK.uasset,4e2fd63003520754edd0047ac45597260a4b33e5c13e1f014cd9d26aab4e073b,4461,D_PROVISIONAL_ENGINEERING_ONLY,UE 5.5.4 CL 40574608
Content/__ExternalActors__/Canton/DistrictPrototype/Maps/L_Canton_District_PROVISIONAL/C/KD/CZ5AOXR8E7ZL1OB8ER722J.uasset,085dc9b6dd038e9f94cb7db6f422e7eca8979282cb88f8c73c728f1115300ba2,4459,D_PROVISIONAL_ENGINEERING_ONLY,UE 5.5.4 CL 40574608
Content/__ExternalActors__/Canton/DistrictPrototype/Maps/L_Canton_District_PROVISIONAL/C/KS/NC713R1O3F48QZVFEB0ABU.uasset,04c7ece3fee1d996a3b7f98770a3b9172578b80c117ab0d543711bc64eef2577,4457,D_PROVISIONAL_ENGINEERING_ONLY,UE 5.5.4 CL 40574608
Content/__ExternalActors__/Canton/DistrictPrototype/Maps/L_Canton_District_PROVISIONAL/C/KX/D1QS6847IN0OL2PEO274W3.uasset,d6b2a6e8063ca42dda23ec4654b15e4c10e50d7b3ca02bbc3054ec7a5c345dc2,4216,D_PROVISIONAL_ENGINEERING_ONLY,UE 5.5.4 CL 40574608
Content/__ExternalActors__/Canton/DistrictPrototype/Maps/L_Canton_District_PROVISIONAL/C/L0/0OFMPKB95EQK77IHVBQDQ2.uasset,57ea5b0e899632a1884f69c0844593017ae387905c779abe33d68193ca3c8a90,4216,D_PROVISIONAL_ENGINEERING_ONLY,UE 5.5.4 CL 40574608
Content/__ExternalActors__/Canton/DistrictPrototype/Maps/L_Canton_District_PROVISIONAL/C/LS/JX9DCYV7NVMGZ36TXH26MA.uasset,ca030a4905c370a97a48072a0739facda2fc27a80bbfebbe6cae944c5d521bed,4433,D_PROVISIONAL_ENGINEERING_ONLY,UE 5.5.4 CL 40574608
Content/__ExternalActors__/Canton/DistrictPrototype/Maps/L_Canton_District_PROVISIONAL/C/M4/90XQK0TR8URYKTGP2Q8Y1N.uasset,4ffc35ba5b1933c7c8df865670918e87976732687f35b58bb64caa6b2437534f,4461,D_PROVISIONAL_ENGINEERING_ONLY,UE 5.5.4 CL 40574608
Content/__ExternalActors__/Canton/DistrictPrototype/Maps/L_Canton_District_PROVISIONAL/C/M9/VRP2EO7DB607YOSKEY3R6Q.uasset,842262904ab48f35171a1bb9b1ad0c740ea1f417d9e2a50e6285bffc3b406d9c,4487,D_PROVISIONAL_ENGINEERING_ONLY,UE 5.5.4 CL 40574608
Content/__ExternalActors__/Canton/DistrictPrototype/Maps/L_Canton_District_PROVISIONAL/C/MN/2ODBEQQSZEI3T96JJDK19W.uasset,ebf1d38c1e31eb56ebb2fd632e01570069f870e094674f15a1aee52d009ad91f,4461,D_PROVISIONAL_ENGINEERING_ONLY,UE 5.5.4 CL 40574608
Content/__ExternalActors__/Canton/DistrictPrototype/Maps/L_Canton_District_PROVISIONAL/C/N2/W4DG7QMSRYNKH75YOX61GC.uasset,c7fbcb27d103989455c39ae4917160ea8309fc3e54b32b78cf01ee7743b7fd39,4461,D_PROVISIONAL_ENGINEERING_ONLY,UE 5.5.4 CL 40574608
Content/__ExternalActors__/Canton/DistrictPrototype/Maps/L_Canton_District_PROVISIONAL/C/NL/PHJFBWB3U8ECU3BX1F220R.uasset,de709b6b69cde62fd27b4753e9b2eebd02627dc16585661193e4466ae6f82df1,4457,D_PROVISIONAL_ENGINEERING_ONLY,UE 5.5.4 CL 40574608
Content/__ExternalActors__/Canton/DistrictPrototype/Maps/L_Canton_District_PROVISIONAL/C/NT/9CSUOWRH3VU9UIWANFG28S.uasset,280b2407280f5ca6b1699f1506737954fe5558858a2bcad1dbb0a2e27b515782,4461,D_PROVISIONAL_ENGINEERING_ONLY,UE 5.5.4 CL 40574608
Content/__ExternalActors__/Canton/DistrictPrototype/Maps/L_Canton_District_PROVISIONAL/C/O8/HQDOIB5FFUDATTHKE4D2N4.uasset,6aa5da9c0c65e38ca9f3cb6095827223ac5fa2bcebd73b199e55a3539b20a01f,4457,D_PROVISIONAL_ENGINEERING_ONLY,UE 5.5.4 CL 40574608
Content/__ExternalActors__/Canton/DistrictPrototype/Maps/L_Canton_District_PROVISIONAL/C/OA/Y3XX5067SHLJLQ6F8E7YPJ.uasset,a0c51d68b1686d9112c993f9eef51e56e0cb61d3010fa942c907cd8ce93872f7,1382320,D_PROVISIONAL_ENGINEERING_ONLY,UE 5.5.4 CL 40574608
Content/__ExternalActors__/Canton/DistrictPrototype/Maps/L_Canton_District_PROVISIONAL/C/OG/6VZZ2Q3IK1TM282VZG8HI0.uasset,3d8906861eb59694fbafe449696fbfc150603613d213559ffca7f73bb61000c3,4476,D_PROVISIONAL_ENGINEERING_ONLY,UE 5.5.4 CL 40574608
Content/__ExternalActors__/Canton/DistrictPrototype/Maps/L_Canton_District_PROVISIONAL/C/PB/WPUXXBQ1I0BDJ1L4R8V2T5.uasset,bf82f3b4f4f6005d79ce1445b821ec65c151bd057cc6f8f1e932c50dd14e9eed,4457,D_PROVISIONAL_ENGINEERING_ONLY,UE 5.5.4 CL 40574608
Content/__ExternalActors__/Canton/DistrictPrototype/Maps/L_Canton_District_PROVISIONAL/C/QT/5RNQHKTZMO46SEYG8CVCLA.uasset,1ca8a13af6ded27ba74d1ca112bc209d95b9e68f76b484d9f85d2e4d7b3ffb12,4433,D_PROVISIONAL_ENGINEERING_ONLY,UE 5.5.4 CL 40574608
Content/__ExternalActors__/Canton/DistrictPrototype/Maps/L_Canton_District_PROVISIONAL/C/R5/HF1OPWVGRXQQE8TSNDOQUU.uasset,f8dca211a109bacc7aaf1827d5f8fb2b31157064fc770c4af9009dfb83bcfbef,4315,D_PROVISIONAL_ENGINEERING_ONLY,UE 5.5.4 CL 40574608
Content/__ExternalActors__/Canton/DistrictPrototype/Maps/L_Canton_District_PROVISIONAL/C/RI/PCQGEXXFC8GR1106AKPN4S.uasset,3cff02e2e408e2d0c92e3d1199d1896d70186d3790757e4e1a21e22ea7fadad4,4476,D_PROVISIONAL_ENGINEERING_ONLY,UE 5.5.4 CL 40574608
Content/__ExternalActors__/Canton/DistrictPrototype/Maps/L_Canton_District_PROVISIONAL/C/S6/P0Q4DZTB6F9ZSGICQ4QVYH.uasset,acfbaee065f82fe377d691109bc5c8d3f11c128e8bc4d591e76296394ce7c8bc,4315,D_PROVISIONAL_ENGINEERING_ONLY,UE 5.5.4 CL 40574608
Content/__ExternalActors__/Canton/DistrictPrototype/Maps/L_Canton_District_PROVISIONAL/C/SU/A0SBR25Y19NXJFG4UOJ1Q5.uasset,ae06d58cc8d04a60e3abda377c537238aa20f046cb0cf7e10801064dc81243c2,4455,D_PROVISIONAL_ENGINEERING_ONLY,UE 5.5.4 CL 40574608
Content/__ExternalActors__/Canton/DistrictPrototype/Maps/L_Canton_District_PROVISIONAL/C/UK/AFR9OYPFTVG88C3WHN7X0V.uasset,9785d25e53d20b49e6a9488b76a534309b37ca6d6bdfd4713076978fbded726b,4433,D_PROVISIONAL_ENGINEERING_ONLY,UE 5.5.4 CL 40574608
Content/__ExternalActors__/Canton/DistrictPrototype/Maps/L_Canton_District_PROVISIONAL/C/V1/X5GXYQOYFNY8PC4XSO67W5.uasset,76402b107e790492a31048132a8f641a4b44da0d84f95ce2332fb98ea83d0f6a,4253,D_PROVISIONAL_ENGINEERING_ONLY,UE 5.5.4 CL 40574608
Content/__ExternalActors__/Canton/DistrictPrototype/Maps/L_Canton_District_PROVISIONAL/C/VL/G9LI4BN1SL7HH99YVI908U.uasset,f5ee3e0bb488fc0f04c52df5d91b6cd737d669e81589fc44f0cdcd356601d658,4423,D_PROVISIONAL_ENGINEERING_ONLY,UE 5.5.4 CL 40574608
Content/__ExternalActors__/Canton/DistrictPrototype/Maps/L_Canton_District_PROVISIONAL/C/W4/B24YQELU32ZPF7YZPA3DP7.uasset,34c9dc9dd69b2c70a346f8081138b0b4355b20104483991dea8c69f459edb293,4455,D_PROVISIONAL_ENGINEERING_ONLY,UE 5.5.4 CL 40574608
Content/__ExternalActors__/Canton/DistrictPrototype/Maps/L_Canton_District_PROVISIONAL/C/WN/GWY0IM2T6TIP14CHEE63WB.uasset,2f2e635b5eb09ca4dac131cc3492d681bcc66d867222fdcc36e6dfab229353ff,4423,D_PROVISIONAL_ENGINEERING_ONLY,UE 5.5.4 CL 40574608
Content/__ExternalActors__/Canton/DistrictPrototype/Maps/L_Canton_District_PROVISIONAL/C/WO/U94DMVYHRDVG60VUGQ2WQT.uasset,6919f4d89e5f2b2a85d378ddd50e629d5dc19c58add41e2b3da0c75c0ff9ce91,4455,D_PROVISIONAL_ENGINEERING_ONLY,UE 5.5.4 CL 40574608
Content/__ExternalActors__/Canton/DistrictPrototype/Maps/L_Canton_District_PROVISIONAL/C/Y1/4P02FPF8XLPKXG0C19JXVF.uasset,27b564a4da0f23c6fb3a10388122f9297f6690a6fa90bc1d90d1269055a0fd58,4455,D_PROVISIONAL_ENGINEERING_ONLY,UE 5.5.4 CL 40574608
Content/__ExternalActors__/Canton/DistrictPrototype/Maps/L_Canton_District_PROVISIONAL/C/Y8/SJ315CYKNAP2XF5Z0XIL6P.uasset,3ced76a5aeecbb2370b39945284fb622502f78d9b5d0df5b78085fb7f0065f90,4423,D_PROVISIONAL_ENGINEERING_ONLY,UE 5.5.4 CL 40574608
Content/__ExternalActors__/Canton/DistrictPrototype/Maps/L_Canton_District_PROVISIONAL/D/0R/60B4ZJNO0UJOM6MKLDALPY.uasset,898431603a69be57a32776e4d606a2fb6aedd9f7db6ef8f40a201dfdea4c372b,4423,D_PROVISIONAL_ENGINEERING_ONLY,UE 5.5.4 CL 40574608
Content/__ExternalActors__/Canton/DistrictPrototype/Maps/L_Canton_District_PROVISIONAL/D/1J/H4XE54C5L1H8EKUJKGN6Z6.uasset,e5d3f689ca7462825540e5030bc040ad0db8bcba52febfd537097b00a8943fd5,4433,D_PROVISIONAL_ENGINEERING_ONLY,UE 5.5.4 CL 40574608
Content/__ExternalActors__/Canton/DistrictPrototype/Maps/L_Canton_District_PROVISIONAL/D/1K/FY7ALSNUMIYDDT4210MNAY.uasset,79ef8bca3ce0635d4c9c9541277cb3c667adcecdecb77b18215bdf1d7cc41097,4457,D_PROVISIONAL_ENGINEERING_ONLY,UE 5.5.4 CL 40574608
Content/__ExternalActors__/Canton/DistrictPrototype/Maps/L_Canton_District_PROVISIONAL/D/1V/FWA35GVS8RF7UME2KDG71L.uasset,03e27b02f542848099a465cc0364dbe23a7420aca1d5700eabadd54632eb2121,4459,D_PROVISIONAL_ENGINEERING_ONLY,UE 5.5.4 CL 40574608
Content/__ExternalActors__/Canton/DistrictPrototype/Maps/L_Canton_District_PROVISIONAL/D/4F/P3QEIVXNQR8GMW33ON62E1.uasset,cfa1226cde02a019717de8b58b46bc767d1e98408504a1934efb86e47f28b6bb,4459,D_PROVISIONAL_ENGINEERING_ONLY,UE 5.5.4 CL 40574608
Content/__ExternalActors__/Canton/DistrictPrototype/Maps/L_Canton_District_PROVISIONAL/D/4Q/AGMCJCYLY763B2E87J88HS.uasset,129366efd635984a4007e860d62449a6aaff0072ed7b956dc76424cdb2f11ff3,4216,D_PROVISIONAL_ENGINEERING_ONLY,UE 5.5.4 CL 40574608
Content/__ExternalActors__/Canton/DistrictPrototype/Maps/L_Canton_District_PROVISIONAL/D/4T/S7PGW3NW0D93UXQXNBV1H6.uasset,642fed8b5001c11ba00384b16f52ef68fe49bdd1a1b43874a536a679862cd533,4216,D_PROVISIONAL_ENGINEERING_ONLY,UE 5.5.4 CL 40574608
Content/__ExternalActors__/Canton/DistrictPrototype/Maps/L_Canton_District_PROVISIONAL/D/60/10OZGTIKDZSOVXX0NNUSD3.uasset,26de25aae19c0344239d5656a6aab6e3511773cbf9de13e55b93a187af9d254f,4216,D_PROVISIONAL_ENGINEERING_ONLY,UE 5.5.4 CL 40574608
Content/__ExternalActors__/Canton/DistrictPrototype/Maps/L_Canton_District_PROVISIONAL/D/6D/EZETXID9TX6JM42VADC0U8.uasset,1b5e22f50a45e792f34018e2b9b249f6b8c2dfdd1bd5f6f8f728cdc9734ea14a,4253,D_PROVISIONAL_ENGINEERING_ONLY,UE 5.5.4 CL 40574608
Content/__ExternalActors__/Canton/DistrictPrototype/Maps/L_Canton_District_PROVISIONAL/D/6Y/MSGCOBCN8VHJBG1RTTTL84.uasset,a41956254a4c9bce946f243afeb583862b933a2dedd89fedcc1e3a7e6af6e2a2,4433,D_PROVISIONAL_ENGINEERING_ONLY,UE 5.5.4 CL 40574608
Content/__ExternalActors__/Canton/DistrictPrototype/Maps/L_Canton_District_PROVISIONAL/D/7D/GTD2L3T8J4S6Z1KQBBJS03.uasset,4aca77d46be4837556a82946e11f969aba8da04206ea288076b54ebe5566b5d5,4457,D_PROVISIONAL_ENGINEERING_ONLY,UE 5.5.4 CL 40574608
Content/__ExternalActors__/Canton/DistrictPrototype/Maps/L_Canton_District_PROVISIONAL/D/7J/JUNNCK2R4JSUJXWGDV2422.uasset,70aaa1bba17afbc42b6ef78175b6d2364db3ecb6c15e9233fe615c7b4fe871ba,4459,D_PROVISIONAL_ENGINEERING_ONLY,UE 5.5.4 CL 40574608
Content/__ExternalActors__/Canton/DistrictPrototype/Maps/L_Canton_District_PROVISIONAL/D/8E/W4POQN6CDWO76JUOE254R3.uasset,8fed2f605bc17ce3c3b78e17a27e5000f038fa6111765eac318137ed4c2b1a55,4455,D_PROVISIONAL_ENGINEERING_ONLY,UE 5.5.4 CL 40574608
Content/__ExternalActors__/Canton/DistrictPrototype/Maps/L_Canton_District_PROVISIONAL/D/8F/UK7T22K50KB9KOVEU54DVP.uasset,e0d3f48b24fa9535632fa22a65b46e4c44feec009524f3c45e621daa4bde5bba,4459,D_PROVISIONAL_ENGINEERING_ONLY,UE 5.5.4 CL 40574608
Content/__ExternalActors__/Canton/DistrictPrototype/Maps/L_Canton_District_PROVISIONAL/D/AW/S49H4WXIB4Z2SXIND4OKOE.uasset,7041696c3ae6d85cb1af8b8a2851ecd376ec9bd4ec969a9806334cc3f735127d,4459,D_PROVISIONAL_ENGINEERING_ONLY,UE 5.5.4 CL 40574608
Content/__ExternalActors__/Canton/DistrictPrototype/Maps/L_Canton_District_PROVISIONAL/D/B9/LDQONHEVGHPKH2K76P4CI6.uasset,75817993d0492991b95102a09237c92f72b3a963d94c65cda62d3587a586ca30,4315,D_PROVISIONAL_ENGINEERING_ONLY,UE 5.5.4 CL 40574608
Content/__ExternalActors__/Canton/DistrictPrototype/Maps/L_Canton_District_PROVISIONAL/D/BS/HW4KQNRCM11PRT5UHUNDBX.uasset,2b48a7fe7514f3c2ed2590e2d656ebcc6417c79bffd5a03af4bfdf36e797575b,4457,D_PROVISIONAL_ENGINEERING_ONLY,UE 5.5.4 CL 40574608
Content/__ExternalActors__/Canton/DistrictPrototype/Maps/L_Canton_District_PROVISIONAL/D/CZ/JZ65IHMQ7739J3CYJDDWSE.uasset,354377fd09da90169b75a0929e329dbcf45bf2c2d20dc84a7c538659fe632178,4433,D_PROVISIONAL_ENGINEERING_ONLY,UE 5.5.4 CL 40574608
Content/__ExternalActors__/Canton/DistrictPrototype/Maps/L_Canton_District_PROVISIONAL/D/E7/H4WKCT88PUK0PD6U5Z9TMN.uasset,5d03fbc2778a8b785df4f547ee020cf547067c92689780c0afc4765b1e151096,4216,D_PROVISIONAL_ENGINEERING_ONLY,UE 5.5.4 CL 40574608
Content/__ExternalActors__/Canton/DistrictPrototype/Maps/L_Canton_District_PROVISIONAL/D/ED/W6D23ZEBWU4NJMVZ6NT2IM.uasset,c36c3da5a9b5f963bdf21507e6ef9b36003a4e10e87d492688b3186a08f90982,4315,D_PROVISIONAL_ENGINEERING_ONLY,UE 5.5.4 CL 40574608
Content/__ExternalActors__/Canton/DistrictPrototype/Maps/L_Canton_District_PROVISIONAL/D/F6/LGNKSV0RRTRT79KI73VIIO.uasset,090016b7f0d537b98a2301a64320c10150ad698d3d9d16e1b67d5c589d0e8d4b,1393132,D_PROVISIONAL_ENGINEERING_ONLY,UE 5.5.4 CL 40574608
Content/__ExternalActors__/Canton/DistrictPrototype/Maps/L_Canton_District_PROVISIONAL/D/F8/WCDPEAJSJX443ZPIN1SW6S.uasset,b7b2e1c5e2ce7d06bcbc006a1aa159b0e40504ebf949e1920fc61bf286b1b7d6,4216,D_PROVISIONAL_ENGINEERING_ONLY,UE 5.5.4 CL 40574608
Content/__ExternalActors__/Canton/DistrictPrototype/Maps/L_Canton_District_PROVISIONAL/D/FA/QAE182LI7E1DJ93W0V0P13.uasset,5d0fc35098b3dfb6960b2d2112fee1e3bb43dee14b566584f421c0d63d8c8a7d,4212,D_PROVISIONAL_ENGINEERING_ONLY,UE 5.5.4 CL 40574608
Content/__ExternalActors__/Canton/DistrictPrototype/Maps/L_Canton_District_PROVISIONAL/D/FO/Y2E5QMAXP50133TKB4N227.uasset,772f03d6650dd93d27052067512f77efefdfd618e6d24f26a9d5a46207f69002,4216,D_PROVISIONAL_ENGINEERING_ONLY,UE 5.5.4 CL 40574608
Content/__ExternalActors__/Canton/DistrictPrototype/Maps/L_Canton_District_PROVISIONAL/D/FS/6LKVCVCW6R7G3HELBB08T5.uasset,3cb8e11310da7a6dce6f917db42f73fe7d5749457179794761bf8eafb345ad47,4315,D_PROVISIONAL_ENGINEERING_ONLY,UE 5.5.4 CL 40574608
Content/__ExternalActors__/Canton/DistrictPrototype/Maps/L_Canton_District_PROVISIONAL/D/GK/YPNKPVGPJF8VVWI5ZYH5D0.uasset,e67d5270a66c8105c4bdc7e900189550fd01a1ef30546b8f82bf92ae2cbb89ef,4459,D_PROVISIONAL_ENGINEERING_ONLY,UE 5.5.4 CL 40574608
Content/__ExternalActors__/Canton/DistrictPrototype/Maps/L_Canton_District_PROVISIONAL/D/H6/EGM7PXMKOPWNHFQ3NNPI2T.uasset,67a80dd2125746fb555451396263da415474c079f85a1e552fac8a59e674f0a5,4476,D_PROVISIONAL_ENGINEERING_ONLY,UE 5.5.4 CL 40574608
Content/__ExternalActors__/Canton/DistrictPrototype/Maps/L_Canton_District_PROVISIONAL/D/HC/LPJFPNUM2SS2VSDYHE6M78.uasset,5188d12fa2c0d091798097338a65f1fd42845c6e1f2674ad98ba8c8b9adb7c3d,4457,D_PROVISIONAL_ENGINEERING_ONLY,UE 5.5.4 CL 40574608
Content/__ExternalActors__/Canton/DistrictPrototype/Maps/L_Canton_District_PROVISIONAL/D/HF/GLK2CN40OSUL5L6PDV1BTO.uasset,570680023c5f4e159f1cd159cf7c962bea995b3d702c277d22b95e10410fce5c,4455,D_PROVISIONAL_ENGINEERING_ONLY,UE 5.5.4 CL 40574608
Content/__ExternalActors__/Canton/DistrictPrototype/Maps/L_Canton_District_PROVISIONAL/D/HJ/NBZ1AV15AVPUEGFCUYTOXL.uasset,c2564250a7f180d209b8974d713eba8ff67016c3d45c9713916613a5931d9654,4457,D_PROVISIONAL_ENGINEERING_ONLY,UE 5.5.4 CL 40574608
Content/__ExternalActors__/Canton/DistrictPrototype/Maps/L_Canton_District_PROVISIONAL/D/HK/WC0T3L2ZTJ2Q0PK5VGUV35.uasset,59747c7e0893fa1005b52c7f14840454a0ec55fe45bc13b7c77372f3321df506,4423,D_PROVISIONAL_ENGINEERING_ONLY,UE 5.5.4 CL 40574608
Content/__ExternalActors__/Canton/DistrictPrototype/Maps/L_Canton_District_PROVISIONAL/D/IL/V8WRTYEICK9G6LWV5937TQ.uasset,075487d860c87d4019b6cd225a74615203f080c3e1a7e93963045e7bd05a68b9,4423,D_PROVISIONAL_ENGINEERING_ONLY,UE 5.5.4 CL 40574608
Content/__ExternalActors__/Canton/DistrictPrototype/Maps/L_Canton_District_PROVISIONAL/D/KB/E5E4X3J6PUTMWAU8133EVZ.uasset,eef9f46910922aa3db8351ce539535c21211484ff2497c37e51e46e4cff8ddbe,4457,D_PROVISIONAL_ENGINEERING_ONLY,UE 5.5.4 CL 40574608
Content/__ExternalActors__/Canton/DistrictPrototype/Maps/L_Canton_District_PROVISIONAL/D/LS/AK2YALHS1GGI0GU149CJSX.uasset,84ada3d2111d56b2dd8565aff4c55ba173e1a2a4ca11ea6546efcbc14ab60ffb,4216,D_PROVISIONAL_ENGINEERING_ONLY,UE 5.5.4 CL 40574608
Content/__ExternalActors__/Canton/DistrictPrototype/Maps/L_Canton_District_PROVISIONAL/D/LS/VE2Q90Q2W4DZ4843DUJ0QC.uasset,c6b2ac3c5518ccba8c5ce4818090112968d1e38932e6c75d97be9a9e89555d48,4423,D_PROVISIONAL_ENGINEERING_ONLY,UE 5.5.4 CL 40574608
Content/__ExternalActors__/Canton/DistrictPrototype/Maps/L_Canton_District_PROVISIONAL/D/LY/EFH5K3AN9NIOTK4G5BYU9I.uasset,a968036897d703df7e71d74d9808d10bf725c8aee70ed9bd6c81cea3f3fac675,4461,D_PROVISIONAL_ENGINEERING_ONLY,UE 5.5.4 CL 40574608
Content/__ExternalActors__/Canton/DistrictPrototype/Maps/L_Canton_District_PROVISIONAL/D/MW/OIZYVBG79H8VUD6407O4V7.uasset,6eaa92a47bf3da80d2f57a35762184a0bf90f5fd5c2535c1aa9abd02e790a3a3,4457,D_PROVISIONAL_ENGINEERING_ONLY,UE 5.5.4 CL 40574608
Content/__ExternalActors__/Canton/DistrictPrototype/Maps/L_Canton_District_PROVISIONAL/D/OD/IJ1RRCUIVHBYPB59NC5J5W.uasset,a17aabc762f9b55a4f180594fc32adb6a256ea5c5312ace5f31caf94aebf0805,4423,D_PROVISIONAL_ENGINEERING_ONLY,UE 5.5.4 CL 40574608
Content/__ExternalActors__/Canton/DistrictPrototype/Maps/L_Canton_District_PROVISIONAL/D/OI/AG5R0LLQDRJYACOPKT4C65.uasset,78e83233dfadf1e76aba0dde15a850d9c33726593a7cb4635c7fa4a645eddf89,4459,D_PROVISIONAL_ENGINEERING_ONLY,UE 5.5.4 CL 40574608
Content/__ExternalActors__/Canton/DistrictPrototype/Maps/L_Canton_District_PROVISIONAL/D/OW/EAXDVKDRH7QQR9RAUTCRZ5.uasset,57b8b644831f84d34ab3947a36303f123c2f7a7baad41883935d764f114f9d92,4476,D_PROVISIONAL_ENGINEERING_ONLY,UE 5.5.4 CL 40574608
Content/__ExternalActors__/Canton/DistrictPrototype/Maps/L_Canton_District_PROVISIONAL/D/QN/CI281WLP8XBY4964CTXJ6I.uasset,ad695e2d92c537e38cdf0a75044735b2a5981b2754fbca22381f91bb6e7673aa,4423,D_PROVISIONAL_ENGINEERING_ONLY,UE 5.5.4 CL 40574608
Content/__ExternalActors__/Canton/DistrictPrototype/Maps/L_Canton_District_PROVISIONAL/D/QR/5PXJN11BGNEX3J7SHHL8B6.uasset,49a9197e34822ca1cefe67893227608cf357c488b3d1a6d355f1a87872207ba0,4476,D_PROVISIONAL_ENGINEERING_ONLY,UE 5.5.4 CL 40574608
Content/__ExternalActors__/Canton/DistrictPrototype/Maps/L_Canton_District_PROVISIONAL/D/RN/2DQ578W8SIM4H7GOU6Z621.uasset,494a82bdbf8955f7c9d11fc492fb9e1248d3bb0fa7e5caa0a508e722ef9f52ee,4253,D_PROVISIONAL_ENGINEERING_ONLY,UE 5.5.4 CL 40574608
Content/__ExternalActors__/Canton/DistrictPrototype/Maps/L_Canton_District_PROVISIONAL/D/SU/926D4TWQO83UEPXQTIZMIY.uasset,2a66822de67ab7d52d6c6986f40726a7af71fcc14401662143a3111610cf65fd,4461,D_PROVISIONAL_ENGINEERING_ONLY,UE 5.5.4 CL 40574608
Content/__ExternalActors__/Canton/DistrictPrototype/Maps/L_Canton_District_PROVISIONAL/D/T7/1ZUA1WVI5D7A5FNQ5MTWXA.uasset,a15dde5183521c7507d09a2aec2b5c422cca254317b382379cf47ff7b454dc01,4476,D_PROVISIONAL_ENGINEERING_ONLY,UE 5.5.4 CL 40574608
Content/__ExternalActors__/Canton/DistrictPrototype/Maps/L_Canton_District_PROVISIONAL/D/U4/FPDAHIJ722ASBG5SGVNZUH.uasset,0c7f52d2064a53fe603a3bfe6df20e1e83d6bc03d9ca056298cbc62d6966407c,4315,D_PROVISIONAL_ENGINEERING_ONLY,UE 5.5.4 CL 40574608
Content/__ExternalActors__/Canton/DistrictPrototype/Maps/L_Canton_District_PROVISIONAL/D/UB/K7TY81FGSYUEMKQEOJA0MG.uasset,a8a3c6876dc76ef607ac04bf1c1c8de321bef8dfebfcd354da991b6732460f9f,4461,D_PROVISIONAL_ENGINEERING_ONLY,UE 5.5.4 CL 40574608
Content/__ExternalActors__/Canton/DistrictPrototype/Maps/L_Canton_District_PROVISIONAL/D/UI/CXKOGJ1LK21GRRWE0WYZON.uasset,7bc9c643ba360bb025d62ab14f7d2270db155cfc87a9d19947a74e10a064a1f4,4459,D_PROVISIONAL_ENGINEERING_ONLY,UE 5.5.4 CL 40574608
Content/__ExternalActors__/Canton/DistrictPrototype/Maps/L_Canton_District_PROVISIONAL/D/UZ/J9ODLKG2ZARW0HZOVX44E6.uasset,6ff1be1241385052a5898ffb115855ff2d6961d88a4a3b8af32b82693c370c7a,4476,D_PROVISIONAL_ENGINEERING_ONLY,UE 5.5.4 CL 40574608
Content/__ExternalActors__/Canton/DistrictPrototype/Maps/L_Canton_District_PROVISIONAL/D/WF/CTTHGRX211UW73SZ5JIPGB.uasset,5590e634da4c3d9ee29519c531e4eda6e0acb7c599491ac3f62b24a8cf12ba25,4461,D_PROVISIONAL_ENGINEERING_ONLY,UE 5.5.4 CL 40574608
Content/__ExternalActors__/Canton/DistrictPrototype/Maps/L_Canton_District_PROVISIONAL/E/0A/R0J0VF1HXYE8Q87DKHWL9Q.uasset,b3d3d1a95c71c19d36348e6811035b76edab6b2f08006f83252145e24bae8993,4212,D_PROVISIONAL_ENGINEERING_ONLY,UE 5.5.4 CL 40574608
Content/__ExternalActors__/Canton/DistrictPrototype/Maps/L_Canton_District_PROVISIONAL/E/13/3T3L5RQN6JF1VK398TG6BU.uasset,2f0d8c0f414da41b1371aae819c4557883c63cb16914ad37ce4f2891d10384a0,4433,D_PROVISIONAL_ENGINEERING_ONLY,UE 5.5.4 CL 40574608
Content/__ExternalActors__/Canton/DistrictPrototype/Maps/L_Canton_District_PROVISIONAL/E/2V/ZA70F6L4U568PNFUZ4R4Z2.uasset,3b32c51470fa640f89f78e906f1fa42eeb3241a7a68e5368a1e0643c27ab7b19,4476,D_PROVISIONAL_ENGINEERING_ONLY,UE 5.5.4 CL 40574608
Content/__ExternalActors__/Canton/DistrictPrototype/Maps/L_Canton_District_PROVISIONAL/E/3B/C36M4S72GJ16GFY5HWB2UW.uasset,e3aa0689b6e3908239cbd277e18ea7127c958fb2f0e3a16f061584ba71177bf0,4476,D_PROVISIONAL_ENGINEERING_ONLY,UE 5.5.4 CL 40574608
Content/__ExternalActors__/Canton/DistrictPrototype/Maps/L_Canton_District_PROVISIONAL/E/3P/B3SMLAQ74WQV1P3HR1YMG2.uasset,f185e457c5a2a131eb26d1e4285f20702dbc6d15590e38968f2e5637fd28b363,4216,D_PROVISIONAL_ENGINEERING_ONLY,UE 5.5.4 CL 40574608
Content/__ExternalActors__/Canton/DistrictPrototype/Maps/L_Canton_District_PROVISIONAL/E/3Z/AEN8I47F78E2JINLKX7WH9.uasset,03a52da6651f61662679ece0740f3958f94fe5ffe30c19a150a1b85b73a70676,4423,D_PROVISIONAL_ENGINEERING_ONLY,UE 5.5.4 CL 40574608
Content/__ExternalActors__/Canton/DistrictPrototype/Maps/L_Canton_District_PROVISIONAL/E/6G/YVOVX42Y3N15XFEYTKIC91.uasset,f1b65cf632f1faf2d98639751847b33ff3346b94bb22843dfa9bc7d6fee08c28,4461,D_PROVISIONAL_ENGINEERING_ONLY,UE 5.5.4 CL 40574608
Content/__ExternalActors__/Canton/DistrictPrototype/Maps/L_Canton_District_PROVISIONAL/E/79/ZP9HZV3M6QQR69V32D0EJV.uasset,caf917317ba919a702d0ffa2f965ebbcc4e7eeee95c629dfbf86a7307ece187c,4423,D_PROVISIONAL_ENGINEERING_ONLY,UE 5.5.4 CL 40574608
Content/__ExternalActors__/Canton/DistrictPrototype/Maps/L_Canton_District_PROVISIONAL/E/7A/6N69IKNP521AVCSXQH63HH.uasset,8352321add5f0a8e565a7fc27b390bf57ecb277f0133b3bbac22c918d0391c50,4455,D_PROVISIONAL_ENGINEERING_ONLY,UE 5.5.4 CL 40574608
Content/__ExternalActors__/Canton/DistrictPrototype/Maps/L_Canton_District_PROVISIONAL/E/9G/4N022UT76LPT0OLUN8BR7I.uasset,600cc97c3fa74c5911ffc262c7b89551dc4adbcfad933889083da314564b45cc,4459,D_PROVISIONAL_ENGINEERING_ONLY,UE 5.5.4 CL 40574608
Content/__ExternalActors__/Canton/DistrictPrototype/Maps/L_Canton_District_PROVISIONAL/E/AV/40C5FC2RAP1QNGIWWYJGTK.uasset,0d61bdc020537241ea3289e3b7f1d196c55aa3b5f357663193fc225b454027eb,4455,D_PROVISIONAL_ENGINEERING_ONLY,UE 5.5.4 CL 40574608
Content/__ExternalActors__/Canton/DistrictPrototype/Maps/L_Canton_District_PROVISIONAL/E/DB/666TCY9HK8VCO713D82L4U.uasset,d8e9cb9bfafb1fc974dd71df230b34683fdbf882a222eeb0015e1cfeae1ef596,4216,D_PROVISIONAL_ENGINEERING_ONLY,UE 5.5.4 CL 40574608
Content/__ExternalActors__/Canton/DistrictPrototype/Maps/L_Canton_District_PROVISIONAL/E/DU/DGEDBWZP1YMTCQNK720EE4.uasset,b675400c43a03c1fab86916835a61d7b809127282e3cc9c8439b702ecad0307f,4459,D_PROVISIONAL_ENGINEERING_ONLY,UE 5.5.4 CL 40574608
Content/__ExternalActors__/Canton/DistrictPrototype/Maps/L_Canton_District_PROVISIONAL/E/E5/HZIXY3R0HABLAHZHDDE1I0.uasset,12783791588aa346624c88a8ba006af4dea188a0e3da3272bc71cc4de5e73e13,4433,D_PROVISIONAL_ENGINEERING_ONLY,UE 5.5.4 CL 40574608
Content/__ExternalActors__/Canton/DistrictPrototype/Maps/L_Canton_District_PROVISIONAL/E/EK/KMNI4Q0QIAEOKDVIX9BEEE.uasset,d9aa1a8470f43b5da23037d403101a935e1aa48ad9005f5912d0378f11239d1d,4455,D_PROVISIONAL_ENGINEERING_ONLY,UE 5.5.4 CL 40574608
Content/__ExternalActors__/Canton/DistrictPrototype/Maps/L_Canton_District_PROVISIONAL/E/EQ/NHPGZ3VWI37KG3KNWVCIJR.uasset,9985df50f62981a3811517201357095ca93fd4457f2b324eb0117cc39cb98ab8,4476,D_PROVISIONAL_ENGINEERING_ONLY,UE 5.5.4 CL 40574608
Content/__ExternalActors__/Canton/DistrictPrototype/Maps/L_Canton_District_PROVISIONAL/E/EU/4OER680RIQR06JZ6XGFTYJ.uasset,75afb3c08d30a617e146a8b758af49f025d08e93a4e081b4e997ea930595c4b1,4459,D_PROVISIONAL_ENGINEERING_ONLY,UE 5.5.4 CL 40574608
Content/__ExternalActors__/Canton/DistrictPrototype/Maps/L_Canton_District_PROVISIONAL/E/FX/S6VS2UXKE3I89Q22ZWQ0EM.uasset,e4dd27b5adda75c19c17a632c0897944e298cfba03988ed9570863fbb05c0269,4476,D_PROVISIONAL_ENGINEERING_ONLY,UE 5.5.4 CL 40574608
Content/__ExternalActors__/Canton/DistrictPrototype/Maps/L_Canton_District_PROVISIONAL/E/G1/BT7CF5BOE5Y82H3Z5H841G.uasset,621375be77f883c07d827a42f7919d75e9ad547e22cf3fa154bdfa60771b6d4a,4461,D_PROVISIONAL_ENGINEERING_ONLY,UE 5.5.4 CL 40574608
Content/__ExternalActors__/Canton/DistrictPrototype/Maps/L_Canton_District_PROVISIONAL/E/G3/Y2OS6HAQMYFRIB30ETZ8CX.uasset,c44c1bbadeb186756c80da359e49b3b4510aa6232435a706030612eda3df24c5,1369696,D_PROVISIONAL_ENGINEERING_ONLY,UE 5.5.4 CL 40574608
Content/__ExternalActors__/Canton/DistrictPrototype/Maps/L_Canton_District_PROVISIONAL/E/HF/DJBPGEFJK7LIQ0GXF4CSV1.uasset,62e68003e03569ed046c10bb1aecabda278cd98a19a871759ddac0e58a65993f,4455,D_PROVISIONAL_ENGINEERING_ONLY,UE 5.5.4 CL 40574608
Content/__ExternalActors__/Canton/DistrictPrototype/Maps/L_Canton_District_PROVISIONAL/E/J9/VFGOOSCCGJ5P3RO58FCDK3.uasset,2560089d81d1a04f4aef6664d2cae3a0bcb3d13d3b0fb338d0a942f98a822e81,4461,D_PROVISIONAL_ENGINEERING_ONLY,UE 5.5.4 CL 40574608
Content/__ExternalActors__/Canton/DistrictPrototype/Maps/L_Canton_District_PROVISIONAL/E/JZ/ZCON71QUHIA0R8YV4LCZTM.uasset,772f66810539aafa653cf569d8aa367de9cce994d85f513f3504efadc830be92,4712,D_PROVISIONAL_ENGINEERING_ONLY,UE 5.5.4 CL 40574608
Content/__ExternalActors__/Canton/DistrictPrototype/Maps/L_Canton_District_PROVISIONAL/E/LA/BYDWO5CG9AZNPCRPRMA1AW.uasset,6947758649397837318e87ad9e2b0ccf3e6739c36b969067204babcb2e85afcf,4423,D_PROVISIONAL_ENGINEERING_ONLY,UE 5.5.4 CL 40574608
Content/__ExternalActors__/Canton/DistrictPrototype/Maps/L_Canton_District_PROVISIONAL/E/LK/P8B6M00F710DJDR57C9ZQI.uasset,0ee29dbb99b313553c9f4346023cf03b4e7e956913679e527108abe0c2a411b6,4455,D_PROVISIONAL_ENGINEERING_ONLY,UE 5.5.4 CL 40574608
Content/__ExternalActors__/Canton/DistrictPrototype/Maps/L_Canton_District_PROVISIONAL/E/M2/VKOQ6SD0IZRQGH7UB8AU5U.uasset,dfa38c7ac55ca2d5aeafdc5a30b044403658e04645099dc2fe6d44de90519de4,4315,D_PROVISIONAL_ENGINEERING_ONLY,UE 5.5.4 CL 40574608
Content/__ExternalActors__/Canton/DistrictPrototype/Maps/L_Canton_District_PROVISIONAL/E/MG/OLPG2MEIJGJC4VXES2KGQA.uasset,bcede8bdf91555990ae4431d9eba824b5029eb467c94f6d275b6eb34701ca8e7,4476,D_PROVISIONAL_ENGINEERING_ONLY,UE 5.5.4 CL 40574608
Content/__ExternalActors__/Canton/DistrictPrototype/Maps/L_Canton_District_PROVISIONAL/E/NT/GN58TBXNA45N6IC3UUKMLR.uasset,afaaf56da88855419845e0d52fb683c35d71a2517a132c9f7d1cfbfeec6a0cb1,4476,D_PROVISIONAL_ENGINEERING_ONLY,UE 5.5.4 CL 40574608
Content/__ExternalActors__/Canton/DistrictPrototype/Maps/L_Canton_District_PROVISIONAL/E/Q0/GT1ORPN7YRMREPJRMJR2I6.uasset,5790745ee0e40179c1eacd5b6bfe33887cf9091e0c5e1ea0ddc3c2f9ffbf28a6,4461,D_PROVISIONAL_ENGINEERING_ONLY,UE 5.5.4 CL 40574608
Content/__ExternalActors__/Canton/DistrictPrototype/Maps/L_Canton_District_PROVISIONAL/E/Q6/6STGKRCHWLP2JIDK2JOV9Q.uasset,67fc0a9b85b438e5d5dbb020c4f558e706be70b18b5a36100be6cb7ef0ddfd33,4461,D_PROVISIONAL_ENGINEERING_ONLY,UE 5.5.4 CL 40574608
Content/__ExternalActors__/Canton/DistrictPrototype/Maps/L_Canton_District_PROVISIONAL/E/Q8/SABKMTJ6FLWGAE9F8S01GG.uasset,3210e90ef22d683c357ec73fd62e33606e62f73ca415f293d53a4e2f073142c8,4459,D_PROVISIONAL_ENGINEERING_ONLY,UE 5.5.4 CL 40574608
Content/__ExternalActors__/Canton/DistrictPrototype/Maps/L_Canton_District_PROVISIONAL/E/QT/UIK7KHVL902LCE3YNKVFL6.uasset,94f23993d87eba291e371152ee7699e1f2733ff08635ebb5cfc072dc86a327ba,4216,D_PROVISIONAL_ENGINEERING_ONLY,UE 5.5.4 CL 40574608
Content/__ExternalActors__/Canton/DistrictPrototype/Maps/L_Canton_District_PROVISIONAL/E/R6/W5XEK07X668PSDO83QYE2Q.uasset,778b5e6562099194be1a8abd50a267389ec22d60a0846b087b637c1863a8b329,4459,D_PROVISIONAL_ENGINEERING_ONLY,UE 5.5.4 CL 40574608
Content/__ExternalActors__/Canton/DistrictPrototype/Maps/L_Canton_District_PROVISIONAL/E/RM/XY0HUYDE3PYUYPM80K4E1C.uasset,daec94688952bb427fae00553c176859bb65474edddbfe53de02e1f90cc889e0,4212,D_PROVISIONAL_ENGINEERING_ONLY,UE 5.5.4 CL 40574608
Content/__ExternalActors__/Canton/DistrictPrototype/Maps/L_Canton_District_PROVISIONAL/E/RQ/1UYWTHUF459KLIVQ4JL6ZU.uasset,dd3d76507b01da687dfb171fd43f55c0c4baa053e3092c01b5803adc36dde7a8,1389718,D_PROVISIONAL_ENGINEERING_ONLY,UE 5.5.4 CL 40574608
Content/__ExternalActors__/Canton/DistrictPrototype/Maps/L_Canton_District_PROVISIONAL/E/RQ/437LAWB5T417PVZFE39MGU.uasset,e40164b5f8a98b66faffe1313e65467587cdcb19552c09425be6f8baf6af4633,4457,D_PROVISIONAL_ENGINEERING_ONLY,UE 5.5.4 CL 40574608
Content/__ExternalActors__/Canton/DistrictPrototype/Maps/L_Canton_District_PROVISIONAL/E/T3/8KTCV4SSLPMNYE83YIW3MR.uasset,3e2cee8db7ef6f4dfd691f032643132c70162e9036af0a54447028445f0a6453,4476,D_PROVISIONAL_ENGINEERING_ONLY,UE 5.5.4 CL 40574608
Content/__ExternalActors__/Canton/DistrictPrototype/Maps/L_Canton_District_PROVISIONAL/E/TY/V1RL63HDW5RDO2ZA8HDAGU.uasset,681e85e43a81560d79b39a19d54dd19aec176fea1bf100e4d9ac8c5e839177df,4455,D_PROVISIONAL_ENGINEERING_ONLY,UE 5.5.4 CL 40574608
Content/__ExternalActors__/Canton/DistrictPrototype/Maps/L_Canton_District_PROVISIONAL/E/U8/4N4742PP7J7AII1GRGEX3V.uasset,ad3d8884cc415627022b71c46cc11e29f00a4e907aed1e8b2f89fe1b11fa0601,4476,D_PROVISIONAL_ENGINEERING_ONLY,UE 5.5.4 CL 40574608
Content/__ExternalActors__/Canton/DistrictPrototype/Maps/L_Canton_District_PROVISIONAL/E/VA/Q8SV9WDEOJSESG4TWBAZ79.uasset,375cac933afe0f3f46275f7055b1f3f7a3aa2546589ca694a35914a978f3da1e,4476,D_PROVISIONAL_ENGINEERING_ONLY,UE 5.5.4 CL 40574608
Content/__ExternalActors__/Canton/DistrictPrototype/Maps/L_Canton_District_PROVISIONAL/E/VG/X2PXA92N6AQGZIMBB7BAYP.uasset,df5c74cf57896a53697641d33010c323e5e24632ae292cd3a6f4d1c729a5ea65,4461,D_PROVISIONAL_ENGINEERING_ONLY,UE 5.5.4 CL 40574608
Content/__ExternalActors__/Canton/DistrictPrototype/Maps/L_Canton_District_PROVISIONAL/E/VP/BH3D0KJ35CX7P39TGUSURB.uasset,b3dfd37108af6f2fc2e32c9ee32aa3352b4b0b1f871ac408122cf770c8b9c375,4476,D_PROVISIONAL_ENGINEERING_ONLY,UE 5.5.4 CL 40574608
Content/__ExternalActors__/Canton/DistrictPrototype/Maps/L_Canton_District_PROVISIONAL/E/VS/LQS7AQU5Q4C7DMOCNT303K.uasset,5bde539db9f2a90f991b85e3dce21f0f9042184d481542be96eff8abf5c0e3ee,4455,D_PROVISIONAL_ENGINEERING_ONLY,UE 5.5.4 CL 40574608
Content/__ExternalActors__/Canton/DistrictPrototype/Maps/L_Canton_District_PROVISIONAL/E/W0/JUEA09SF1IMMVKROJUK2GP.uasset,64ca9070bcd99ad4c1d0c517e8e56a012e6f1315910c581d31263725685ab5e2,4476,D_PROVISIONAL_ENGINEERING_ONLY,UE 5.5.4 CL 40574608
Content/__ExternalActors__/Canton/DistrictPrototype/Maps/L_Canton_District_PROVISIONAL/E/WD/5QR0I3DEE34HLK0M4ADZXR.uasset,08e10d1b3799a41f9994dcceef5b9cf5851e0f913f49d1b7ecc06961cc403482,4457,D_PROVISIONAL_ENGINEERING_ONLY,UE 5.5.4 CL 40574608
Content/__ExternalActors__/Canton/DistrictPrototype/Maps/L_Canton_District_PROVISIONAL/E/WF/M51EOQWR2890VG4ZPMG238.uasset,b458d8c02359fa51a33e2c3bbcc11c0c3cfd86007258967caeb865b6fe32a8ff,4315,D_PROVISIONAL_ENGINEERING_ONLY,UE 5.5.4 CL 40574608
Content/__ExternalActors__/Canton/DistrictPrototype/Maps/L_Canton_District_PROVISIONAL/E/X0/G15I8H6JIYX0NN818FBL55.uasset,38d25e00adf654774fe83ad6f37e20185ae6bf7768a86ed54c63d3775fa269e0,4459,D_PROVISIONAL_ENGINEERING_ONLY,UE 5.5.4 CL 40574608
Content/__ExternalActors__/Canton/DistrictPrototype/Maps/L_Canton_District_PROVISIONAL/E/X8/MTNXTG3L8JVPMSMF75THXD.uasset,5e06aeca965e2f1c11580f0668cc6b87ebbcf377f84dc47e93e6f1b246c2891d,4476,D_PROVISIONAL_ENGINEERING_ONLY,UE 5.5.4 CL 40574608
Content/__ExternalActors__/Canton/DistrictPrototype/Maps/L_Canton_District_PROVISIONAL/E/XA/96Y1KYMW3NA3GV7JITX7EM.uasset,efbef7b6942c10c4d71a409313858cf72dfda5dc0120922e2c05d1e47df9d489,4315,D_PROVISIONAL_ENGINEERING_ONLY,UE 5.5.4 CL 40574608
Content/__ExternalActors__/Canton/DistrictPrototype/Maps/L_Canton_District_PROVISIONAL/E/YJ/R1S7H76BESW4WSL6P7BU2C.uasset,8b90dacf49912717098c3d65c5e149789babec16f25f4336cc4be2f4b00150b6,4455,D_PROVISIONAL_ENGINEERING_ONLY,UE 5.5.4 CL 40574608
Content/__ExternalActors__/Canton/DistrictPrototype/Maps/L_Canton_District_PROVISIONAL/E/ZE/JQUUWUS4LDMIRLKDQBE5CV.uasset,3ce7a8d63727ce8003eacfdd2c62400593c35d66e3342fda04c31564c08c354b,4459,D_PROVISIONAL_ENGINEERING_ONLY,UE 5.5.4 CL 40574608
Content/__ExternalActors__/Canton/DistrictPrototype/Maps/L_Canton_District_PROVISIONAL/F/02/NAI7KZHD91LM7ZZNS07B29.uasset,811d6b7e8cda8a44e0dd162bac6c85e3839b66ca1c3d7b536fbdb724410183dc,4461,D_PROVISIONAL_ENGINEERING_ONLY,UE 5.5.4 CL 40574608
Content/__ExternalActors__/Canton/DistrictPrototype/Maps/L_Canton_District_PROVISIONAL/F/0C/8N93P02LL07UI75H6B32PD.uasset,5b644637ca47b7863b9beaade025dd45064accb7439ad84c9ee8d9fca0f1e770,4476,D_PROVISIONAL_ENGINEERING_ONLY,UE 5.5.4 CL 40574608
Content/__ExternalActors__/Canton/DistrictPrototype/Maps/L_Canton_District_PROVISIONAL/F/0J/7KKS5RICT9XTW67LSWJDCJ.uasset,3bb2608e75489b94bfb1d49a75bbc9a01cec38e01eccdb4f39eb659e952002c9,4455,D_PROVISIONAL_ENGINEERING_ONLY,UE 5.5.4 CL 40574608
Content/__ExternalActors__/Canton/DistrictPrototype/Maps/L_Canton_District_PROVISIONAL/F/25/I6S1JAW1GYFUTF1146KA1G.uasset,6964b3fb3d24f07eb86fdfa80945233d210af650c44a2f48c8aa1864d3401d66,4459,D_PROVISIONAL_ENGINEERING_ONLY,UE 5.5.4 CL 40574608
Content/__ExternalActors__/Canton/DistrictPrototype/Maps/L_Canton_District_PROVISIONAL/F/2S/3NA7F6FOF5YNIZP011XLK3.uasset,e1b3e3a6907eff2521e9213cf5fcb62c0ddf2aa8b9b0d63f69e39c415b9a94d2,4216,D_PROVISIONAL_ENGINEERING_ONLY,UE 5.5.4 CL 40574608
Content/__ExternalActors__/Canton/DistrictPrototype/Maps/L_Canton_District_PROVISIONAL/F/3K/ECC0NEMPAAUC6RHOTND9M6.uasset,5ecd245880c0c3dbe65b490559483da876e8cbdd13ffeb953d95aede4165c181,4423,D_PROVISIONAL_ENGINEERING_ONLY,UE 5.5.4 CL 40574608
Content/__ExternalActors__/Canton/DistrictPrototype/Maps/L_Canton_District_PROVISIONAL/F/43/T3O2Q99IWU2P1ZKHDT276P.uasset,639bc25dd2679f3e1d08a21fff7a86ec2be8281a0e3b50f52417475aba06b788,4253,D_PROVISIONAL_ENGINEERING_ONLY,UE 5.5.4 CL 40574608
Content/__ExternalActors__/Canton/Provisional/Maps/L_Canton_WalledCity_PROVISIONAL/0/0C/C3NW92RRPHGTTWTYRWUCD9.uasset,f4993ee730f853f6e78393b38d3a7aff2e3dc13f470ab857247ec73bbb90cc3b,4432,D_PROVISIONAL_ENGINEERING_ONLY,UE 5.5.4 CL 40574608
Content/__ExternalActors__/Canton/Provisional/Maps/L_Canton_WalledCity_PROVISIONAL/0/16/X5NS9MTAN2U01G5QEFTFYW.uasset,754f5c202841808215f3e63083f8f4c246989d459c1f6e7f97b514701c98e653,4432,D_PROVISIONAL_ENGINEERING_ONLY,UE 5.5.4 CL 40574608
Content/__ExternalActors__/Canton/Provisional/Maps/L_Canton_WalledCity_PROVISIONAL/0/1I/9PQAO65M32N8NXH1QJ0JC3.uasset,bb6eaaefed6aebd21e8138fcdd528515fab5dbbcbc8924d5722f11a059ed2266,4434,D_PROVISIONAL_ENGINEERING_ONLY,UE 5.5.4 CL 40574608
Content/__ExternalActors__/Canton/Provisional/Maps/L_Canton_WalledCity_PROVISIONAL/0/1P/C86BVFNUB7PEPM45YZJ8Z2.uasset,940a13f90716592934ed51e3e4cd57640f824b7940aa453e67e89384528fe5bc,4432,D_PROVISIONAL_ENGINEERING_ONLY,UE 5.5.4 CL 40574608
Content/__ExternalActors__/Canton/Provisional/Maps/L_Canton_WalledCity_PROVISIONAL/0/1Q/NPEENFCGMR266AMIYVX9LB.uasset,ce71da71cbee89a4469fe5cf357c72b759ed07b91d9040b2af2d13427464c2d8,4432,D_PROVISIONAL_ENGINEERING_ONLY,UE 5.5.4 CL 40574608
Content/__ExternalActors__/Canton/Provisional/Maps/L_Canton_WalledCity_PROVISIONAL/0/2M/FKN08ZUH76UBEF78SA7QDY.uasset,06ee9ac280b5920d77a103a0417fd44e7204b8b18730a261342f3f6af1da8ad8,4434,D_PROVISIONAL_ENGINEERING_ONLY,UE 5.5.4 CL 40574608
Content/__ExternalActors__/Canton/Provisional/Maps/L_Canton_WalledCity_PROVISIONAL/0/2N/SEXSF1RNPRRK5GXD39U4JC.uasset,2acb9620d5d75a808f3f63ae8d8c6b77333cc9166b27d139cb8c0414d373b78f,4432,D_PROVISIONAL_ENGINEERING_ONLY,UE 5.5.4 CL 40574608
Content/__ExternalActors__/Canton/Provisional/Maps/L_Canton_WalledCity_PROVISIONAL/0/3O/3A5S8Q9ZSMY43F07JMRH3K.uasset,916e64b964069e5c061633bde857cc0f82a96db44fcc3429db7894ef5ce60739,4432,D_PROVISIONAL_ENGINEERING_ONLY,UE 5.5.4 CL 40574608
Content/__ExternalActors__/Canton/Provisional/Maps/L_Canton_WalledCity_PROVISIONAL/0/7U/CKA9VHD7TFA2S1TTURJKGF.uasset,e2b5075c4eabae7ea2ab55480b6c685ab73f1d3084710653fa636b3e94cca257,4434,D_PROVISIONAL_ENGINEERING_ONLY,UE 5.5.4 CL 40574608
Content/__ExternalActors__/Canton/Provisional/Maps/L_Canton_WalledCity_PROVISIONAL/0/8G/L8NI8V14YXG9E95M3EA4GL.uasset,c45c86d76b36ccbd357302568473102d9a3666e22ea065457e12f5354525f492,4432,D_PROVISIONAL_ENGINEERING_ONLY,UE 5.5.4 CL 40574608
Content/__ExternalActors__/Canton/Provisional/Maps/L_Canton_WalledCity_PROVISIONAL/0/8R/3UTDTO5SX1921D537MQ3BH.uasset,30eb7841755026faa17f020d312eaeec398eff79cd4778bd70f40beef71f020c,4432,D_PROVISIONAL_ENGINEERING_ONLY,UE 5.5.4 CL 40574608
Content/__ExternalActors__/Canton/Provisional/Maps/L_Canton_WalledCity_PROVISIONAL/0/AO/NL2ZNAGUKZYGGMB16ZP674.uasset,1bafecf7eee2baca5e9537f7a1d5b4e5f7f49f1073f3c707ca6eaf0b0d7b60b6,4434,D_PROVISIONAL_ENGINEERING_ONLY,UE 5.5.4 CL 40574608
Content/__ExternalActors__/Canton/Provisional/Maps/L_Canton_WalledCity_PROVISIONAL/0/BB/U5XSWKUTRU47Y7YNIOBO4K.uasset,459386064830e7bce15e1f1b10462a71cee440d44bdefe020912bf1e555a90a5,4687,D_PROVISIONAL_ENGINEERING_ONLY,UE 5.5.4 CL 40574608
Content/__ExternalActors__/Canton/Provisional/Maps/L_Canton_WalledCity_PROVISIONAL/0/CA/OYQFADYZZJYFI986J9MZYM.uasset,b0f708de360174f81f6c5dce6378b6237b730658bf88474e1b079a9587e28d10,4432,D_PROVISIONAL_ENGINEERING_ONLY,UE 5.5.4 CL 40574608
Content/__ExternalActors__/Canton/Provisional/Maps/L_Canton_WalledCity_PROVISIONAL/0/CJ/LFPYRYMQ8F0S0PJ52333UY.uasset,6983f0262c853d5a119d55ca35b6ba8cf2fc0440b4082f960358ef2f2bf1f968,4434,D_PROVISIONAL_ENGINEERING_ONLY,UE 5.5.4 CL 40574608
Content/__ExternalActors__/Canton/Provisional/Maps/L_Canton_WalledCity_PROVISIONAL/0/D9/FC82OVQOWLZOKPDJTRA5NU.uasset,58e4e1291bddba5e5dba7fe8493ee96bf5ab6d79c885b400dd6b3c2098f34a78,4434,D_PROVISIONAL_ENGINEERING_ONLY,UE 5.5.4 CL 40574608
Content/__ExternalActors__/Canton/Provisional/Maps/L_Canton_WalledCity_PROVISIONAL/0/DT/YXL62SD88THHA69R1KGBRQ.uasset,02f651c665ded946d3f55a2f6ce867b768e5b9e3977515a456dd8bf0324dc585,4432,D_PROVISIONAL_ENGINEERING_ONLY,UE 5.5.4 CL 40574608
Content/__ExternalActors__/Canton/Provisional/Maps/L_Canton_WalledCity_PROVISIONAL/0/ET/C6G5TUZZ8G8NSX5V5P3AB6.uasset,ff874b0c26c3b611deeb702082046e72bb8137d278a3db09d81fc31adc463291,4432,D_PROVISIONAL_ENGINEERING_ONLY,UE 5.5.4 CL 40574608
Content/__ExternalActors__/Canton/Provisional/Maps/L_Canton_WalledCity_PROVISIONAL/0/F3/IYUMUPDB82OY28COJ97AXE.uasset,bd4dd22060d89b15b7720730c2676fd8b22c2fdf029845870bc9fe4d3ae5ce07,4434,D_PROVISIONAL_ENGINEERING_ONLY,UE 5.5.4 CL 40574608
Content/__ExternalActors__/Canton/Provisional/Maps/L_Canton_WalledCity_PROVISIONAL/0/FI/NJJ43CYCQXCEWE2G022BMP.uasset,142516f5fec4249ddc4bbbb00e56b24c96564c6d63a5becf215cf1fce24d9109,4432,D_PROVISIONAL_ENGINEERING_ONLY,UE 5.5.4 CL 40574608
Content/__ExternalActors__/Canton/Provisional/Maps/L_Canton_WalledCity_PROVISIONAL/0/HJ/5WNHSPCQZI06QJYB55WHTW.uasset,948e97074b7ffd654ca94db347ceb0184acbbcbbbb52d3e108b142a4b73f7e9b,4434,D_PROVISIONAL_ENGINEERING_ONLY,UE 5.5.4 CL 40574608
Content/__ExternalActors__/Canton/Provisional/Maps/L_Canton_WalledCity_PROVISIONAL/0/IS/M7V2XIJ2EDZAVZS7WR3N8D.uasset,6c5a80f12aa14d5b2c6e103dbe2c355c0d3fc9d2ec11089fd57fe1063a412528,4432,D_PROVISIONAL_ENGINEERING_ONLY,UE 5.5.4 CL 40574608
Content/__ExternalActors__/Canton/Provisional/Maps/L_Canton_WalledCity_PROVISIONAL/0/JS/JVAHZUZGPLHYAJJ7XXSE5F.uasset,c5395f6f319aac2135c68098a03f6c840381953882e2c898842c077ee2bedb6e,4434,D_PROVISIONAL_ENGINEERING_ONLY,UE 5.5.4 CL 40574608
Content/__ExternalActors__/Canton/Provisional/Maps/L_Canton_WalledCity_PROVISIONAL/0/JV/8RQYNNI2LMT6RU1PJACBPP.uasset,ccfacf2c99188a8a233da6ba434127f9af07cb71d276c814b45f74a2c6c9be5c,1323307,D_PROVISIONAL_ENGINEERING_ONLY,UE 5.5.4 CL 40574608
Content/__ExternalActors__/Canton/Provisional/Maps/L_Canton_WalledCity_PROVISIONAL/0/KT/AG7RJ7R0VYLXA4ZXJKCJW5.uasset,849aff965ad8c81b7a44d6be1c3138ae4eea750d846f31102b5a72c645386c0e,4434,D_PROVISIONAL_ENGINEERING_ONLY,UE 5.5.4 CL 40574608
Content/__ExternalActors__/Canton/Provisional/Maps/L_Canton_WalledCity_PROVISIONAL/0/M0/CCF7O1T3B5X77DATAWS3D8.uasset,12b90f119fe95619ae5ead9f8d129587b154d4f5dbcf2f5752ba0bcd32c83a4e,4432,D_PROVISIONAL_ENGINEERING_ONLY,UE 5.5.4 CL 40574608
Content/__ExternalActors__/Canton/Provisional/Maps/L_Canton_WalledCity_PROVISIONAL/0/M4/XJ39W5HN6ICA8O3DF79SBW.uasset,fa3cd98a9a3d74f72e1e6a568350b473e0bc87708328916d9109d08ae6da9ca0,4434,D_PROVISIONAL_ENGINEERING_ONLY,UE 5.5.4 CL 40574608
Content/__ExternalActors__/Canton/Provisional/Maps/L_Canton_WalledCity_PROVISIONAL/0/OD/QFKF87BCNQY8BN4W7GKXT4.uasset,6f2d8b6bda49dfe46b3108ef091de03dab03679bbacdbd1863b61c0eb31c02a5,1292475,D_PROVISIONAL_ENGINEERING_ONLY,UE 5.5.4 CL 40574608
Content/__ExternalActors__/Canton/Provisional/Maps/L_Canton_WalledCity_PROVISIONAL/0/PZ/CNCL0VDD37RTCOS1T8F6YU.uasset,cfcd421f739337ef16b7c7d1e4357d46a79fcfcb2cf36b5276d591d23af08331,4804,D_PROVISIONAL_ENGINEERING_ONLY,UE 5.5.4 CL 40574608
Content/__ExternalActors__/Canton/Provisional/Maps/L_Canton_WalledCity_PROVISIONAL/0/RH/CCQJ8LDWRSMYLVXM9NH3YX.uasset,6c987528ca8a2ef520142bbf9f6cc51473fd69c857c36429b4caf66391978118,4749,D_PROVISIONAL_ENGINEERING_ONLY,UE 5.5.4 CL 40574608
Content/__ExternalActors__/Canton/Provisional/Maps/L_Canton_WalledCity_PROVISIONAL/0/S4/4JGKYV2LJYQQAWCRGS73T7.uasset,3f09a0c318c0f6541231bc42d52f191c0fe7131d9a0495e31199083331f08e86,4434,D_PROVISIONAL_ENGINEERING_ONLY,UE 5.5.4 CL 40574608
Content/__ExternalActors__/Canton/Provisional/Maps/L_Canton_WalledCity_PROVISIONAL/0/TG/DZO6CHERWXFE8LF1XA84XD.uasset,c2f9b280afa867cb74e2e151699204b4735829fa6257c5c1eca3b4eacae50cce,4434,D_PROVISIONAL_ENGINEERING_ONLY,UE 5.5.4 CL 40574608
Content/__ExternalActors__/Canton/Provisional/Maps/L_Canton_WalledCity_PROVISIONAL/0/TR/1CNA8OS1ME0326IT7J5FI4.uasset,f95ebf4668519c95f0a6dfd6a198a1e8116c28fcbd2bd9723345db8c1a7b50d6,4434,D_PROVISIONAL_ENGINEERING_ONLY,UE 5.5.4 CL 40574608
Content/__ExternalActors__/Canton/Provisional/Maps/L_Canton_WalledCity_PROVISIONAL/0/V5/FLYSCI432L2W963IL1I6RO.uasset,798bc378c5b3e03cbfd7bf46328107e83e479b446131a361b35a1493ab526b03,4434,D_PROVISIONAL_ENGINEERING_ONLY,UE 5.5.4 CL 40574608
Content/__ExternalActors__/Canton/Provisional/Maps/L_Canton_WalledCity_PROVISIONAL/0/X6/QUQHKT9X64C75745H40HEM.uasset,eb519ccdb5b0df7b8a8ae629474661d4bfe4bb7ee1625e8309685a43f44141f3,4432,D_PROVISIONAL_ENGINEERING_ONLY,UE 5.5.4 CL 40574608
Content/__ExternalActors__/Canton/Provisional/Maps/L_Canton_WalledCity_PROVISIONAL/0/XZ/MG4Z3W51GNX78VZ7PKRGJO.uasset,682123bba14823e615f9df8286cd19a081d551de01abbbd285def5089a9ca03d,4434,D_PROVISIONAL_ENGINEERING_ONLY,UE 5.5.4 CL 40574608
Content/__ExternalActors__/Canton/Provisional/Maps/L_Canton_WalledCity_PROVISIONAL/0/YJ/3D7B9EFRMOC6LIF58GHTM6.uasset,020c55cb4ca4b9484792f425832c0926e4e5b7e77d81b50fd8cc35b1c2361282,4434,D_PROVISIONAL_ENGINEERING_ONLY,UE 5.5.4 CL 40574608
Content/__ExternalActors__/Canton/Provisional/Maps/L_Canton_WalledCity_PROVISIONAL/0/YZ/46I4RYFIPRM12TA5SR6OGO.uasset,c77382a412ee2ff6f086e484142a92a3e25bda83ec1fb233313b1e019ea27feb,4432,D_PROVISIONAL_ENGINEERING_ONLY,UE 5.5.4 CL 40574608
Content/__ExternalActors__/Canton/Provisional/Maps/L_Canton_WalledCity_PROVISIONAL/0/Z3/V8PRILOYP2KYNOBIIEHEVA.uasset,21be503cee2adf2de253093a621faa02d35d7912759042e2a13abdd6e0c539eb,4841,D_PROVISIONAL_ENGINEERING_ONLY,UE 5.5.4 CL 40574608
Content/__ExternalActors__/Canton/Provisional/Maps/L_Canton_WalledCity_PROVISIONAL/0/Z7/KB94AC6HWF1S3VC4A95LK4.uasset,6a91d12bc2c8e20b81f42be7e9466456a4f433ff243ae5324771636c56fa26dd,4434,D_PROVISIONAL_ENGINEERING_ONLY,UE 5.5.4 CL 40574608
Content/__ExternalActors__/Canton/Provisional/Maps/L_Canton_WalledCity_PROVISIONAL/1/0E/OP5Q37T53W3L2A4I4THXHR.uasset,f4435d3a9f000990c15ed1cef549402a5fe630d35e4ea1b42b9d55c18d4b882f,4434,D_PROVISIONAL_ENGINEERING_ONLY,UE 5.5.4 CL 40574608
Content/__ExternalActors__/Canton/Provisional/Maps/L_Canton_WalledCity_PROVISIONAL/1/1G/COLMWDN22TS1LAUBONUEXA.uasset,cf199329a3c5c44f175feed35c807bbebebffeb67db2ca4d71fae4f96ce79fa9,4434,D_PROVISIONAL_ENGINEERING_ONLY,UE 5.5.4 CL 40574608
Content/__ExternalActors__/Canton/Provisional/Maps/L_Canton_WalledCity_PROVISIONAL/1/4G/O813B3Z8Z2ZJOOSGC9SDX1.uasset,47721030c53df334da41bf73fe381b93354e88f3f9ce8fe63dad0003b22ad7b8,4432,D_PROVISIONAL_ENGINEERING_ONLY,UE 5.5.4 CL 40574608
Content/__ExternalActors__/Canton/Provisional/Maps/L_Canton_WalledCity_PROVISIONAL/1/4U/15E7G1DMQ3OKOQ7QBUOMJ7.uasset,c90dd312faaa3638ebb1d33e2a2b214cbfd3fe8e8adb17a5c0c120c4a56935db,4434,D_PROVISIONAL_ENGINEERING_ONLY,UE 5.5.4 CL 40574608
Content/__ExternalActors__/Canton/Provisional/Maps/L_Canton_WalledCity_PROVISIONAL/1/5B/RZZ7Z8XAFJL5SBHGSHPINR.uasset,e3a9f9fbc4c831129a8cc5913bd8cd8d716ed744f80c7e92cf1f8892ab970e6a,4432,D_PROVISIONAL_ENGINEERING_ONLY,UE 5.5.4 CL 40574608
Content/__ExternalActors__/Canton/Provisional/Maps/L_Canton_WalledCity_PROVISIONAL/1/5P/ZV7H5B4YPNJBJ6EOU1AI6Z.uasset,1266b5a534378fe883ed277f5fabab2af668b568b82666a8829892d81f138c86,4432,D_PROVISIONAL_ENGINEERING_ONLY,UE 5.5.4 CL 40574608
Content/__ExternalActors__/Canton/Provisional/Maps/L_Canton_WalledCity_PROVISIONAL/1/5T/8GQZWUYB8JQLGEUNGFHD48.uasset,39400e3806735a4b2a5c032ba214dffd98c26d44bfb63427f3671d313176c9ad,4432,D_PROVISIONAL_ENGINEERING_ONLY,UE 5.5.4 CL 40574608
Content/__ExternalActors__/Canton/Provisional/Maps/L_Canton_WalledCity_PROVISIONAL/1/7C/ELMAPCMZWBL6HIA7QHTIMO.uasset,52a373a56920a0a5790319c0db492e7889b12323d4340ec4d3c92a758d543e0c,4434,D_PROVISIONAL_ENGINEERING_ONLY,UE 5.5.4 CL 40574608
Content/__ExternalActors__/Canton/Provisional/Maps/L_Canton_WalledCity_PROVISIONAL/1/8H/G2ORRMK6FQPFV0N3UVPVXJ.uasset,f9431a8f4459bee8c731690fb696fe41d9fbf235538938cffcf8300575fa990a,4434,D_PROVISIONAL_ENGINEERING_ONLY,UE 5.5.4 CL 40574608
Content/__ExternalActors__/Canton/Provisional/Maps/L_Canton_WalledCity_PROVISIONAL/1/8O/M8BCFNARZOSSU8RZ6DEKIL.uasset,6f2d7370689bcd1c765e258e7c2ae5341718ef3371c890894c0c2ea0524f8027,1294349,D_PROVISIONAL_ENGINEERING_ONLY,UE 5.5.4 CL 40574608
Content/__ExternalActors__/Canton/Provisional/Maps/L_Canton_WalledCity_PROVISIONAL/1/8S/TG3RE7HDCGWYJZFZP8DGN9.uasset,eb85532893bb4b9ba3b8d8cf11d15671524fb1078778ad3b8b6047e179c451c8,4882,D_PROVISIONAL_ENGINEERING_ONLY,UE 5.5.4 CL 40574608
Content/__ExternalActors__/Canton/Provisional/Maps/L_Canton_WalledCity_PROVISIONAL/1/9L/3EH4ECZJ94WD5W3VP7OIWH.uasset,8b9384dbd0b68b59673b1c050fba2295ed57bf44267b3fb18b46982b6250f7d0,4432,D_PROVISIONAL_ENGINEERING_ONLY,UE 5.5.4 CL 40574608
Content/__ExternalActors__/Canton/Provisional/Maps/L_Canton_WalledCity_PROVISIONAL/1/9X/E4Y9J7736DE099ZOEPN67M.uasset,772adfb174eaf48438fb4639f944abf2768795fb9459da7e73e38b528aa93e20,4434,D_PROVISIONAL_ENGINEERING_ONLY,UE 5.5.4 CL 40574608
Content/__ExternalActors__/Canton/Provisional/Maps/L_Canton_WalledCity_PROVISIONAL/1/9X/MYHIPCE3T56ETOQ2GNVD83.uasset,e002113241f7abdfb8573a1139643578ac6a0501d9ea4b61cb18cc75efefcbb3,4434,D_PROVISIONAL_ENGINEERING_ONLY,UE 5.5.4 CL 40574608
Content/__ExternalActors__/Canton/Provisional/Maps/L_Canton_WalledCity_PROVISIONAL/1/C4/RZ4S6QOGD7WA2BCEHMZ38O.uasset,205e14b5ca55c2e31b44a2e27599a7665af4278da23152f49a1f6169258fadef,4432,D_PROVISIONAL_ENGINEERING_ONLY,UE 5.5.4 CL 40574608
Content/__ExternalActors__/Canton/Provisional/Maps/L_Canton_WalledCity_PROVISIONAL/1/E7/YD4AEFBY26JNV7QLKDSR95.uasset,e227dd271151dd69bf5c8838c5c0a2e3e8f304015407a1fe19faddf8907d8eee,4434,D_PROVISIONAL_ENGINEERING_ONLY,UE 5.5.4 CL 40574608
Content/__ExternalActors__/Canton/Provisional/Maps/L_Canton_WalledCity_PROVISIONAL/1/EE/14KG91W3A3CGSLRB8JJPHZ.uasset,a336f9683c9b280385221d082097e118bd001a75ca0eeda80377df8f3dd52b32,1159957,D_PROVISIONAL_ENGINEERING_ONLY,UE 5.5.4 CL 40574608
Content/__ExternalActors__/Canton/Provisional/Maps/L_Canton_WalledCity_PROVISIONAL/1/I7/4PQQU2STXNBWIGQTCKXSKR.uasset,dae6c53ec5a51aa5f42bc48e470232710c5b2173f07a272d0ec7e5e6adbaf7f8,4681,D_PROVISIONAL_ENGINEERING_ONLY,UE 5.5.4 CL 40574608
Content/__ExternalActors__/Canton/Provisional/Maps/L_Canton_WalledCity_PROVISIONAL/1/IK/FKTT6C2Q0VNSYZMG767ZTS.uasset,2ad1f557d7d9919e48fbe95fdb97d134865d2c79d53cad93c197f78c4c3c1dd7,4434,D_PROVISIONAL_ENGINEERING_ONLY,UE 5.5.4 CL 40574608
Content/__ExternalActors__/Canton/Provisional/Maps/L_Canton_WalledCity_PROVISIONAL/1/IM/U53TVL5YX8ZY7ZSZYL4K47.uasset,e30f85e5bcb270883ffa5dd1971db19628a79481b8b89049297c787c1dfe966b,4432,D_PROVISIONAL_ENGINEERING_ONLY,UE 5.5.4 CL 40574608
Content/__ExternalActors__/Canton/Provisional/Maps/L_Canton_WalledCity_PROVISIONAL/1/IX/MJYVL62WOUFCTXAG4D90AR.uasset,d1e5b1ee0d5e10c06506261e6147c54d2655edd799b1458bbfd4ba284c14a091,4434,D_PROVISIONAL_ENGINEERING_ONLY,UE 5.5.4 CL 40574608
Content/__ExternalActors__/Canton/Provisional/Maps/L_Canton_WalledCity_PROVISIONAL/1/KZ/IRZ7WZYXS9IZAJQBXE04L8.uasset,0416d8de9bbeb2068fb416e814b18e6020bc56a75bc62eb4ef689a948288f228,4432,D_PROVISIONAL_ENGINEERING_ONLY,UE 5.5.4 CL 40574608
Content/__ExternalActors__/Canton/Provisional/Maps/L_Canton_WalledCity_PROVISIONAL/1/MC/NNR3J7YP4YLD6KVDWCOA3W.uasset,36adb1f88d4812cea3951734bcf41dbd4b33fc8d96927d965e67189688114c90,4432,D_PROVISIONAL_ENGINEERING_ONLY,UE 5.5.4 CL 40574608
Content/__ExternalActors__/Canton/Provisional/Maps/L_Canton_WalledCity_PROVISIONAL/1/N5/WK16HX15CTBD53MYPAPT7E.uasset,72c76b8cc15041a797be21a2441c44edb4640954afe696603291707a1b9f7439,4432,D_PROVISIONAL_ENGINEERING_ONLY,UE 5.5.4 CL 40574608
Content/__ExternalActors__/Canton/Provisional/Maps/L_Canton_WalledCity_PROVISIONAL/1/NJ/N2MIP35FDACOLDUKTH0Q96.uasset,41ab22c6d04f8cb796abf3fa850d4609e5efe99e5cbba59a1b7c3f6ef268ef23,4436,D_PROVISIONAL_ENGINEERING_ONLY,UE 5.5.4 CL 40574608
Content/__ExternalActors__/Canton/Provisional/Maps/L_Canton_WalledCity_PROVISIONAL/1/NW/K0SP07EIO4OBTGK154F4Q7.uasset,3499ccae60bb69cecac76d4aace74f505a5568b663f2a3583d09027c13f8a130,4841,D_PROVISIONAL_ENGINEERING_ONLY,UE 5.5.4 CL 40574608
Content/__ExternalActors__/Canton/Provisional/Maps/L_Canton_WalledCity_PROVISIONAL/1/OY/32L3GDS992BWU1X9KA5BUY.uasset,8151fd825b5e21186e8ef7c78d24234bae2725f182c78c4545c66a177b37098f,4681,D_PROVISIONAL_ENGINEERING_ONLY,UE 5.5.4 CL 40574608
Content/__ExternalActors__/Canton/Provisional/Maps/L_Canton_WalledCity_PROVISIONAL/1/PE/2YR7BGSFMIQMN16YXZDADN.uasset,9e242ecd3ba9f181d19d99e9c37640fe9ad735b4e2cd53ddb1c1dbc6d4b947ae,4432,D_PROVISIONAL_ENGINEERING_ONLY,UE 5.5.4 CL 40574608
Content/__ExternalActors__/Canton/Provisional/Maps/L_Canton_WalledCity_PROVISIONAL/1/PT/KXWK05RDKHG8MXZ927NMQZ.uasset,76625ecb37ff0241fe69d208757014dd763f71bd4a212f0a5173d96bc0c92cf0,4434,D_PROVISIONAL_ENGINEERING_ONLY,UE 5.5.4 CL 40574608
Content/__ExternalActors__/Canton/Provisional/Maps/L_Canton_WalledCity_PROVISIONAL/1/Q5/HZ8Z5P53IURN43XLDJ8UQT.uasset,a517bed1088c03eaf1969a3d89a9d5c6ff885124827cc6476ad6606df6a824e7,4432,D_PROVISIONAL_ENGINEERING_ONLY,UE 5.5.4 CL 40574608
Content/__ExternalActors__/Canton/Provisional/Maps/L_Canton_WalledCity_PROVISIONAL/1/RG/AZ5VT50D4QCG0EQ89JTHAE.uasset,b6095089db920450a96dcc0c06de75eef9dbd2ed244d9d0d3b24a77ed2b7fbdd,4434,D_PROVISIONAL_ENGINEERING_ONLY,UE 5.5.4 CL 40574608
Content/__ExternalActors__/Canton/Provisional/Maps/L_Canton_WalledCity_PROVISIONAL/1/RJ/YEL6CSIGNNT6ZBI6ERQFQZ.uasset,353f6deb2300f8e94c4a115ef4e207b0dd407f325a9ca9b2671367d25b26f1a5,4432,D_PROVISIONAL_ENGINEERING_ONLY,UE 5.5.4 CL 40574608
Content/__ExternalActors__/Canton/Provisional/Maps/L_Canton_WalledCity_PROVISIONAL/1/RR/K6SSYRYSID5QK5YAXE7H2J.uasset,b1e8cd1ebff45deb2f79494bdb9878656a036d524d1ed28993ee87c115ddaf56,4434,D_PROVISIONAL_ENGINEERING_ONLY,UE 5.5.4 CL 40574608
Content/__ExternalActors__/Canton/Provisional/Maps/L_Canton_WalledCity_PROVISIONAL/1/VQ/GL03KF941TLI5H1T8D19C9.uasset,4a6b692a31b678c3284d17e9e8f083c82c80c25fa7b5c4b5d1407042138eebae,4434,D_PROVISIONAL_ENGINEERING_ONLY,UE 5.5.4 CL 40574608
Content/__ExternalActors__/Canton/Provisional/Maps/L_Canton_WalledCity_PROVISIONAL/1/W4/8RQ6VEEB6OB4GMEXMCVNKU.uasset,244ff0dd5526e4255eb70c8e40197bc2e5ccd78eb5edff32f64359c2af722034,4434,D_PROVISIONAL_ENGINEERING_ONLY,UE 5.5.4 CL 40574608
Content/__ExternalActors__/Canton/Provisional/Maps/L_Canton_WalledCity_PROVISIONAL/1/W7/MNWLFJE5WP513EJ0MZ7KXA.uasset,734f8e84186972404efadca2dcbfab1e9c4b4218f8ab6e4b8f59414232568f7b,4824,D_PROVISIONAL_ENGINEERING_ONLY,UE 5.5.4 CL 40574608
Content/__ExternalActors__/Canton/Provisional/Maps/L_Canton_WalledCity_PROVISIONAL/1/WA/AX0VVH80VJ9FVDO3ZOCTUW.uasset,f49504c2743eb39c80646ce7e1432685bd17da9e0f70c6deb1266254360a6434,4434,D_PROVISIONAL_ENGINEERING_ONLY,UE 5.5.4 CL 40574608
Content/__ExternalActors__/Canton/Provisional/Maps/L_Canton_WalledCity_PROVISIONAL/1/WQ/EJU6LPJKO7QA7JLRJ8DQY9.uasset,780fe978c4cf6b3abe29ac48fdcaa5f660ae983be4c0e04366ac8c14906f60e6,4762,D_PROVISIONAL_ENGINEERING_ONLY,UE 5.5.4 CL 40574608
Content/__ExternalActors__/Canton/Provisional/Maps/L_Canton_WalledCity_PROVISIONAL/1/XR/63VRM968RDEJQJHN8C6IZQ.uasset,25796d6c2000c5d64946a89c83cc7381bf217aa500af1cecdb8c370c921a0a41,4804,D_PROVISIONAL_ENGINEERING_ONLY,UE 5.5.4 CL 40574608
Content/__ExternalActors__/Canton/Provisional/Maps/L_Canton_WalledCity_PROVISIONAL/1/YC/302OE6J8CTJEL9DFAJECB7.uasset,cb216bc2d5be78c84d01f869aa0a1a636340dfe3585c771cc53acbc35e9df973,4434,D_PROVISIONAL_ENGINEERING_ONLY,UE 5.5.4 CL 40574608
Content/__ExternalActors__/Canton/Provisional/Maps/L_Canton_WalledCity_PROVISIONAL/1/YN/K7ER7Z7VV47XSONW6027IV.uasset,691cb37da20883877683082125c3bfcb621a661e26e8eab224ce0911ccfe2ce8,4434,D_PROVISIONAL_ENGINEERING_ONLY,UE 5.5.4 CL 40574608
Content/__ExternalActors__/Canton/Provisional/Maps/L_Canton_WalledCity_PROVISIONAL/2/1H/2CANEWLMHPO4YPMSFHKII2.uasset,c2fb01d054986c2b1c306d6a8abe4c302bb110549d06468613c10ab21fc7b131,4841,D_PROVISIONAL_ENGINEERING_ONLY,UE 5.5.4 CL 40574608
Content/__ExternalActors__/Canton/Provisional/Maps/L_Canton_WalledCity_PROVISIONAL/2/1M/0CI5M7XUB4LCIM54B8R8S6.uasset,90ad37ae37f090b17d54727d0906f317518a778a101973123c9017ee77a0ebae,4434,D_PROVISIONAL_ENGINEERING_ONLY,UE 5.5.4 CL 40574608
Content/__ExternalActors__/Canton/Provisional/Maps/L_Canton_WalledCity_PROVISIONAL/2/37/F94RE5F2NMV764YDDIGCRC.uasset,8c92588130e3a9a51731877c04c8a6b02d9c0d573d164f5a313b880f250344c3,4434,D_PROVISIONAL_ENGINEERING_ONLY,UE 5.5.4 CL 40574608
Content/__ExternalActors__/Canton/Provisional/Maps/L_Canton_WalledCity_PROVISIONAL/2/47/ON0ENNNZ17ZNCICIRJT9SV.uasset,833306b38be8d20e8af93d730cee182e465f1e9f849ea864daeb05a8b403f48f,4432,D_PROVISIONAL_ENGINEERING_ONLY,UE 5.5.4 CL 40574608
Content/__ExternalActors__/Canton/Provisional/Maps/L_Canton_WalledCity_PROVISIONAL/2/67/I4C53NCOT2P8IYKTEN48D6.uasset,76a16ed92b37573b2451e5b12ca5134666daf738ca0b57d63c16d184166a2524,4434,D_PROVISIONAL_ENGINEERING_ONLY,UE 5.5.4 CL 40574608
Content/__ExternalActors__/Canton/Provisional/Maps/L_Canton_WalledCity_PROVISIONAL/2/75/T6IQM0C3W4I8L4W8UR9XM0.uasset,ddf6835c4eb4267f784ee2ff18eaac89294403306f10494fbdb660f2cc30fe8e,4841,D_PROVISIONAL_ENGINEERING_ONLY,UE 5.5.4 CL 40574608
Content/__ExternalActors__/Canton/Provisional/Maps/L_Canton_WalledCity_PROVISIONAL/2/7U/3V3LT5OV5EZJ2ESB4Q3L9G.uasset,80e8a94143beac358eee38e93612fc6cda27601c77341bb576f6b16a4623d401,4432,D_PROVISIONAL_ENGINEERING_ONLY,UE 5.5.4 CL 40574608
Content/__ExternalActors__/Canton/Provisional/Maps/L_Canton_WalledCity_PROVISIONAL/2/7Z/VUSI8A5GFI67HHDHROU1H0.uasset,e5ee64e8491f2ebd8551d5a43e9c48807742c27bd5cfc881b292cebe613bdb8c,4434,D_PROVISIONAL_ENGINEERING_ONLY,UE 5.5.4 CL 40574608
Content/__ExternalActors__/Canton/Provisional/Maps/L_Canton_WalledCity_PROVISIONAL/2/8O/IBCZKZA00OY26VEXXBNSM7.uasset,a8b15ec1898b28180f6f05e96c1095229204e56c314db3c80434b28a1cba8767,4432,D_PROVISIONAL_ENGINEERING_ONLY,UE 5.5.4 CL 40574608
Content/__ExternalActors__/Canton/Provisional/Maps/L_Canton_WalledCity_PROVISIONAL/2/9I/ZNU2X1GG5V4NUHN1F2BALJ.uasset,d09635ac124074868ccefc12ee742ba1b4e71dd0481f8ae7928265201d5ab1f0,4434,D_PROVISIONAL_ENGINEERING_ONLY,UE 5.5.4 CL 40574608
Content/__ExternalActors__/Canton/Provisional/Maps/L_Canton_WalledCity_PROVISIONAL/2/9W/FZAHTI3ZNHEYPN3A03AZB0.uasset,6c7bf6c98e305598375957449d9d69e1b20962dc74b9c59a1f38af76cd6b296a,4882,D_PROVISIONAL_ENGINEERING_ONLY,UE 5.5.4 CL 40574608
Content/__ExternalActors__/Canton/Provisional/Maps/L_Canton_WalledCity_PROVISIONAL/2/CN/ST95AE495VCKS5WQ6VVDUI.uasset,287c2a02845c373e8a426afcbe1d123c71bcaffc3c7d5c2e761d50a9538da22d,4434,D_PROVISIONAL_ENGINEERING_ONLY,UE 5.5.4 CL 40574608
Content/__ExternalActors__/Canton/Provisional/Maps/L_Canton_WalledCity_PROVISIONAL/2/CS/QUSHI0B4PE9M6Q0LW1IEWX.uasset,ad94fab28c467b986aa87cf70336dc02d60cd0952b4771aff872607cc409787d,4434,D_PROVISIONAL_ENGINEERING_ONLY,UE 5.5.4 CL 40574608
Content/__ExternalActors__/Canton/Provisional/Maps/L_Canton_WalledCity_PROVISIONAL/2/DN/WYPO165W6CRDIES9LF9VHO.uasset,c27299904e399191a29656209acda9630d146a1268195d960646e37720c11b1e,4434,D_PROVISIONAL_ENGINEERING_ONLY,UE 5.5.4 CL 40574608
Content/__ExternalActors__/Canton/Provisional/Maps/L_Canton_WalledCity_PROVISIONAL/2/E5/8D5AZ5136SRDVWFMFDYNTR.uasset,95c896ab991062ba1fee3efb5a9be4566001a4b4176157e5e8f04cfdc23d07f1,4434,D_PROVISIONAL_ENGINEERING_ONLY,UE 5.5.4 CL 40574608
Content/__ExternalActors__/Canton/Provisional/Maps/L_Canton_WalledCity_PROVISIONAL/2/EZ/5F4WDRSHKN2M9R4RLEMZVV.uasset,6e1a4ea7031e1699255815ab115caa4233b124a01c6a7b9de082359e894c35fb,4434,D_PROVISIONAL_ENGINEERING_ONLY,UE 5.5.4 CL 40574608
Content/__ExternalActors__/Canton/Provisional/Maps/L_Canton_WalledCity_PROVISIONAL/2/FJ/F43KHDSP2XOBKVC32P9CQT.uasset,48216e943358cc69183210e8f047ea0c33f06a0c09b01368f5bbf63c961c5135,4434,D_PROVISIONAL_ENGINEERING_ONLY,UE 5.5.4 CL 40574608
Content/__ExternalActors__/Canton/Provisional/Maps/L_Canton_WalledCity_PROVISIONAL/2/H1/56M9QVO1NMI5S2PQSV4POL.uasset,08f0dd97179b28f53de1395b078cd028ae33da46ad3bfcaa5d9612ddfe64386f,4432,D_PROVISIONAL_ENGINEERING_ONLY,UE 5.5.4 CL 40574608
Content/__ExternalActors__/Canton/Provisional/Maps/L_Canton_WalledCity_PROVISIONAL/2/HX/MVN3813Y5YYHU2GRT4ZLV7.uasset,8145e48ffcde155735263736c2f174634ba3a2a55607fd27ec64551fb18a159e,4681,D_PROVISIONAL_ENGINEERING_ONLY,UE 5.5.4 CL 40574608
Content/__ExternalActors__/Canton/Provisional/Maps/L_Canton_WalledCity_PROVISIONAL/2/KK/MHPCOSUMYXLQC3J0DK8DIB.uasset,f6abc9ffe482f90993821bd44a16194a653b885fa8dfb1bb0fcd4db072ee5a45,4432,D_PROVISIONAL_ENGINEERING_ONLY,UE 5.5.4 CL 40574608
Content/__ExternalActors__/Canton/Provisional/Maps/L_Canton_WalledCity_PROVISIONAL/2/L6/8OSIKTOQS5KOMG25AKY8RG.uasset,8d7f3380f73c8b55abfb9d004796e056bbd697f8625c43f3632085e174efb8b5,4712,D_PROVISIONAL_ENGINEERING_ONLY,UE 5.5.4 CL 40574608
Content/__ExternalActors__/Canton/Provisional/Maps/L_Canton_WalledCity_PROVISIONAL/2/LY/Z9I2C0LHO69TE6ZH47OV3Y.uasset,746ca5c1b1748cac2df36a785b48092721049c2bf692ea51ae37e934b188cf6e,4434,D_PROVISIONAL_ENGINEERING_ONLY,UE 5.5.4 CL 40574608
Content/__ExternalActors__/Canton/Provisional/Maps/L_Canton_WalledCity_PROVISIONAL/2/M5/BP4CVVSP7JIKQHO7686FQZ.uasset,c85b818938f7ca68ee828b30b0635cddae927b3422d608715f581c61edfa7329,4434,D_PROVISIONAL_ENGINEERING_ONLY,UE 5.5.4 CL 40574608
Content/__ExternalActors__/Canton/Provisional/Maps/L_Canton_WalledCity_PROVISIONAL/2/MZ/4825W9NC8ZFL9J63P7WJC8.uasset,cf41bae6c4b1b1a3f1d60bd422b6ba9ff7f3857ae60e2f5aeb898566f0aa89ab,4434,D_PROVISIONAL_ENGINEERING_ONLY,UE 5.5.4 CL 40574608
Content/__ExternalActors__/Canton/Provisional/Maps/L_Canton_WalledCity_PROVISIONAL/2/NM/L2WJ6O0AN3PMJJZI8YFFKX.uasset,aef9e3174e4a090138df6d0b5c9eec323aa5814b8b28984c58f2faefef7eb537,4804,D_PROVISIONAL_ENGINEERING_ONLY,UE 5.5.4 CL 40574608
Content/__ExternalActors__/Canton/Provisional/Maps/L_Canton_WalledCity_PROVISIONAL/2/NN/4MGTL9FQNV7WN9E3YP2BO1.uasset,7169fcbbf4d705d73e6c7932ce991423af9c9f064a220179ba18178abf52ed65,4432,D_PROVISIONAL_ENGINEERING_ONLY,UE 5.5.4 CL 40574608
Content/__ExternalActors__/Canton/Provisional/Maps/L_Canton_WalledCity_PROVISIONAL/2/OY/P9F0PXNHX6VIXHMPQIHSQF.uasset,ca6ae2dc0922f68f9aada16219babf4009ca5b17cad93ba734dcd093ef028d38,4687,D_PROVISIONAL_ENGINEERING_ONLY,UE 5.5.4 CL 40574608
Content/__ExternalActors__/Canton/Provisional/Maps/L_Canton_WalledCity_PROVISIONAL/2/PK/S3QJAFV9I6NPO4MPBWKQS0.uasset,1ad5ac5346223972ee4650116861acc8e1a102531de991b8653a8cb6f21451e9,4432,D_PROVISIONAL_ENGINEERING_ONLY,UE 5.5.4 CL 40574608
Content/__ExternalActors__/Canton/Provisional/Maps/L_Canton_WalledCity_PROVISIONAL/2/PV/W0H8YXVU4YAAZUTPKM7QA0.uasset,4ef1768109bb1ed46f61954c12b83def1be19d7c0fe0dd6a7c493f3eef8b714c,4434,D_PROVISIONAL_ENGINEERING_ONLY,UE 5.5.4 CL 40574608
Content/__ExternalActors__/Canton/Provisional/Maps/L_Canton_WalledCity_PROVISIONAL/2/SZ/CRJWGOVHR1SRUZO9RBG6J3.uasset,ff0ee6e7c9788f9f7564c1fe498ac689bb0ced4fcf6d15d213daed285201d827,4804,D_PROVISIONAL_ENGINEERING_ONLY,UE 5.5.4 CL 40574608
Content/__ExternalActors__/Canton/Provisional/Maps/L_Canton_WalledCity_PROVISIONAL/2/TR/QT2F68JTY9XS39UE7LHYGF.uasset,13156c843e95f8d37a788c208db924b86a248ffddfdcd3d8b7edfd2d72a3746d,4434,D_PROVISIONAL_ENGINEERING_ONLY,UE 5.5.4 CL 40574608
Content/__ExternalActors__/Canton/Provisional/Maps/L_Canton_WalledCity_PROVISIONAL/2/U6/ELJ5AOBKC8S2F63AIG4P2L.uasset,a859a8a5c70e557e8d641e5a4c3182a231535e18efd0ed98e1ce53d8a72473c6,4434,D_PROVISIONAL_ENGINEERING_ONLY,UE 5.5.4 CL 40574608
Content/__ExternalActors__/Canton/Provisional/Maps/L_Canton_WalledCity_PROVISIONAL/2/VK/MK6EIZXC0CW6L0GTIX388R.uasset,91f47c25673dfbb68af26062245d1f4e40ec4ecdc75b8a057345dbd51b30a5d8,4434,D_PROVISIONAL_ENGINEERING_ONLY,UE 5.5.4 CL 40574608
Content/__ExternalActors__/Canton/Provisional/Maps/L_Canton_WalledCity_PROVISIONAL/2/X5/BWOHG9Z1VTGOI2ZEFRA9TA.uasset,3fad9c1947e1ff851a2fd7c0373b03396151d9ece767f4e23094c2d58dc1a019,15082,D_PROVISIONAL_ENGINEERING_ONLY,UE 5.5.4 CL 40574608
Content/__ExternalActors__/Canton/Provisional/Maps/L_Canton_WalledCity_PROVISIONAL/2/XP/PVC5TPBCAYOZKB5RZB4V1I.uasset,103b83a91ffbf4165c6ccf8abb8b633a384e747757ed39ddb0f25a40a279756a,4434,D_PROVISIONAL_ENGINEERING_ONLY,UE 5.5.4 CL 40574608
Content/__ExternalActors__/Canton/Provisional/Maps/L_Canton_WalledCity_PROVISIONAL/2/ZY/017HH2TAAP2UYTS29KVTGD.uasset,da63540a0c68db1e3702576be94c5e2caa733e991e28ee4f098add4f633a217f,4681,D_PROVISIONAL_ENGINEERING_ONLY,UE 5.5.4 CL 40574608
Content/__ExternalActors__/Canton/Provisional/Maps/L_Canton_WalledCity_PROVISIONAL/3/0Y/WF12P8RF17T847SFWE8I18.uasset,c82165a2af473bb2dca68c90047ac8eda75b914441de6a7bb9a537f4e3f5fccc,4434,D_PROVISIONAL_ENGINEERING_ONLY,UE 5.5.4 CL 40574608
Content/__ExternalActors__/Canton/Provisional/Maps/L_Canton_WalledCity_PROVISIONAL/3/17/BVO70HGTTQEBS2WQ1L26FZ.uasset,944f68b409e8cd6bae809167e62466ceb209c7dbfd633b12be478ec636b63b55,4434,D_PROVISIONAL_ENGINEERING_ONLY,UE 5.5.4 CL 40574608
Content/__ExternalActors__/Canton/Provisional/Maps/L_Canton_WalledCity_PROVISIONAL/3/1G/DZ7DK6JUWIZODHHP8KOAP0.uasset,ebffc39d5973909e024054442f815ca0480d303aa1e6d48cefb28f57ed5cc691,1229263,D_PROVISIONAL_ENGINEERING_ONLY,UE 5.5.4 CL 40574608
Content/__ExternalActors__/Canton/Provisional/Maps/L_Canton_WalledCity_PROVISIONAL/3/5E/QIBSZKFVWF6G32F0CSEOUR.uasset,2c635868c007e13f5d6470d59a52da2839d0a9c02eb2fd962ff2263130dbb536,4434,D_PROVISIONAL_ENGINEERING_ONLY,UE 5.5.4 CL 40574608
Content/__ExternalActors__/Canton/Provisional/Maps/L_Canton_WalledCity_PROVISIONAL/3/84/5CFL7N3AK9PSNBQ1LPG4K5.uasset,f90e465bd8e5928035f380166b580284ea4d025badb4581595453ce8d62d6f3d,4434,D_PROVISIONAL_ENGINEERING_ONLY,UE 5.5.4 CL 40574608
Content/__ExternalActors__/Canton/Provisional/Maps/L_Canton_WalledCity_PROVISIONAL/3/92/DON1X5AQX720X1408MB3MZ.uasset,b3ad7ac6cc59a5504658efb1ed80fe33786a3b451c6fe98a5bb806a2795b995f,4824,D_PROVISIONAL_ENGINEERING_ONLY,UE 5.5.4 CL 40574608
Content/__ExternalActors__/Canton/Provisional/Maps/L_Canton_WalledCity_PROVISIONAL/3/92/FIJHQBNDYUT3B8G0JRKILQ.uasset,e932d488df3ef77611db277b8bf2a0ead8cfc1b0fa30dceb504096c61e174d4f,4434,D_PROVISIONAL_ENGINEERING_ONLY,UE 5.5.4 CL 40574608
Content/__ExternalActors__/Canton/Provisional/Maps/L_Canton_WalledCity_PROVISIONAL/3/97/1S55QIGXRBVL3D1AEOGIS9.uasset,fff1d281426e6f8328df3f9b027014c5046a44c4044a717002b64efab6a8111e,4434,D_PROVISIONAL_ENGINEERING_ONLY,UE 5.5.4 CL 40574608
Content/__ExternalActors__/Canton/Provisional/Maps/L_Canton_WalledCity_PROVISIONAL/3/9H/DRU1P6BS2QCT7F5UGQ4V4K.uasset,51c411ec4960a27cf591635a9e1feff3abc654fad5923a6bad2f40f6577787c8,4434,D_PROVISIONAL_ENGINEERING_ONLY,UE 5.5.4 CL 40574608
Content/__ExternalActors__/Canton/Provisional/Maps/L_Canton_WalledCity_PROVISIONAL/3/A8/1AS79JU15F2N78VD228CPG.uasset,0db5d4bdab310b8752a8ff5ad0a5275f032aa5c2083e034d10b84b2a0cf3e135,4432,D_PROVISIONAL_ENGINEERING_ONLY,UE 5.5.4 CL 40574608
Content/__ExternalActors__/Canton/Provisional/Maps/L_Canton_WalledCity_PROVISIONAL/3/BF/8OT18ZK1HRKVEJX94EZSZQ.uasset,bd24bcfe735b55fefb8bfe2714fb2eff6814090cecccc2607e04b030e718187a,4432,D_PROVISIONAL_ENGINEERING_ONLY,UE 5.5.4 CL 40574608
Content/__ExternalActors__/Canton/Provisional/Maps/L_Canton_WalledCity_PROVISIONAL/3/CD/VXP587M3UYDVAZRUXOPD0X.uasset,a05e2d1f960646f5ddf85bead1e9530bc6c66539965cd470a14f7f3469592bef,4434,D_PROVISIONAL_ENGINEERING_ONLY,UE 5.5.4 CL 40574608
Content/__ExternalActors__/Canton/Provisional/Maps/L_Canton_WalledCity_PROVISIONAL/3/E0/256WALF662M1UZECMWMZ3I.uasset,7853e052fdfe300b846f52d49a194c54b4d0cd8c316e6ff14855a021bcea55b6,4434,D_PROVISIONAL_ENGINEERING_ONLY,UE 5.5.4 CL 40574608
Content/__ExternalActors__/Canton/Provisional/Maps/L_Canton_WalledCity_PROVISIONAL/3/E5/S1CY4ACY3HEEMJHGMU5FR9.uasset,f9938a27a87e6629d7bfd9ecf1b7b6988d58c498dd3d2169591227a79220b2ca,4828,D_PROVISIONAL_ENGINEERING_ONLY,UE 5.5.4 CL 40574608
Content/__ExternalActors__/Canton/Provisional/Maps/L_Canton_WalledCity_PROVISIONAL/3/F4/BR8HKT42M23ZFMDNQA4O6E.uasset,24c290dd1802fd74fb32efadb895d0ebf1f7f3d34bc4642683c70da8953e7e34,4434,D_PROVISIONAL_ENGINEERING_ONLY,UE 5.5.4 CL 40574608
Content/__ExternalActors__/Canton/Provisional/Maps/L_Canton_WalledCity_PROVISIONAL/3/F4/U722OTL5IMI52EC2P75GD9.uasset,7b5e8ae67b4f78fa0d8c10a977a526f60594194f540384edba59c721d53aaa42,4882,D_PROVISIONAL_ENGINEERING_ONLY,UE 5.5.4 CL 40574608
Content/__ExternalActors__/Canton/Provisional/Maps/L_Canton_WalledCity_PROVISIONAL/3/F9/R0A4UUB1ZQZB8D0SDW2D8U.uasset,7a2716bcd33b6c3e88a52a5221a4df2f6b361c17ade3897c6651995ba8f1933c,4858,D_PROVISIONAL_ENGINEERING_ONLY,UE 5.5.4 CL 40574608
Content/__ExternalActors__/Canton/Provisional/Maps/L_Canton_WalledCity_PROVISIONAL/3/F9/VDA9RWVEVUXV6BGS2H3FMI.uasset,0010e56029b763a6164f2e4521c7935e616e1d622311e799a1734869cbddf6ca,4432,D_PROVISIONAL_ENGINEERING_ONLY,UE 5.5.4 CL 40574608
Content/__ExternalActors__/Canton/Provisional/Maps/L_Canton_WalledCity_PROVISIONAL/3/G5/BGYQZVG0WXJ28S1PLOYGLP.uasset,9e6195f32dce48a9dbfb95ae275c47f16cc7c34919fb8f1fe1fb80cf48ea7db0,4434,D_PROVISIONAL_ENGINEERING_ONLY,UE 5.5.4 CL 40574608
Content/__ExternalActors__/Canton/Provisional/Maps/L_Canton_WalledCity_PROVISIONAL/3/GL/R4GGRUX2SXIIVN3ZNTKN8U.uasset,7f408922d8d75ebb6b14cd56b5d5fb0b09b596afabe5e155a3e8fde729511d9a,4434,D_PROVISIONAL_ENGINEERING_ONLY,UE 5.5.4 CL 40574608
Content/__ExternalActors__/Canton/Provisional/Maps/L_Canton_WalledCity_PROVISIONAL/3/GR/3CFWLR27FFPZ4UG3B2RGQF.uasset,866a365ea54fe7a4981da868eda5a76fc6da08fed345189eabd6957e0825c49b,4434,D_PROVISIONAL_ENGINEERING_ONLY,UE 5.5.4 CL 40574608
Content/__ExternalActors__/Canton/Provisional/Maps/L_Canton_WalledCity_PROVISIONAL/3/H6/YC4KHK6JYQ142U17SIC55J.uasset,60adf06ae79f71dad5016b3ca56a83ee0a7e320094524ff23f34dfccabb6f09e,4804,D_PROVISIONAL_ENGINEERING_ONLY,UE 5.5.4 CL 40574608
Content/__ExternalActors__/Canton/Provisional/Maps/L_Canton_WalledCity_PROVISIONAL/3/HR/JB4TIV610J6Z4BBAVN2CF6.uasset,a7806a521a29213ada8daafab388a4e26fca7404a60c422250fb3b3db16383f6,4892,D_PROVISIONAL_ENGINEERING_ONLY,UE 5.5.4 CL 40574608
Content/__ExternalActors__/Canton/Provisional/Maps/L_Canton_WalledCity_PROVISIONAL/3/HS/PQPYOYS102NCSG81QJ85UE.uasset,7aa0852f72cd2ae8abd53d8369fdb44afcb40cf44a2660377cae4f3340c8d280,4434,D_PROVISIONAL_ENGINEERING_ONLY,UE 5.5.4 CL 40574608
Content/__ExternalActors__/Canton/Provisional/Maps/L_Canton_WalledCity_PROVISIONAL/3/II/3AJRN6G35PM5AGPDCYZZ89.uasset,2ff3111ca5485bde29a29213cba1856bba6a47bf5489636303d8a1b41fff7078,4434,D_PROVISIONAL_ENGINEERING_ONLY,UE 5.5.4 CL 40574608
Content/__ExternalActors__/Canton/Provisional/Maps/L_Canton_WalledCity_PROVISIONAL/3/IP/3SSTEW11IF0T6H3HEDF31G.uasset,bcb9e50b225840e9fc8a3e1e70f444e5b8507df9eeb1a5c525a9f3a85e37f420,4432,D_PROVISIONAL_ENGINEERING_ONLY,UE 5.5.4 CL 40574608
Content/__ExternalActors__/Canton/Provisional/Maps/L_Canton_WalledCity_PROVISIONAL/3/JN/4NWLITEFNFQG4F0XDSBBDM.uasset,49c60ff5cefd4451b34bdc011a796c86ad25519a0e59a39d18b26fb9732bd0c7,4434,D_PROVISIONAL_ENGINEERING_ONLY,UE 5.5.4 CL 40574608
Content/__ExternalActors__/Canton/Provisional/Maps/L_Canton_WalledCity_PROVISIONAL/3/KO/12IR83W1TAGGMOJO3LD6PF.uasset,b820988e6872a964a1a50823c836f7d89c9592cf901d5ca32800ea0840218f2b,4432,D_PROVISIONAL_ENGINEERING_ONLY,UE 5.5.4 CL 40574608
Content/__ExternalActors__/Canton/Provisional/Maps/L_Canton_WalledCity_PROVISIONAL/3/MG/UODWY6N9QQDJP2Z81YL82O.uasset,d20feaeb49819224bf7c0abba31b3da2d9bfa21c5345a4b6510bccde7a24a500,4432,D_PROVISIONAL_ENGINEERING_ONLY,UE 5.5.4 CL 40574608
Content/__ExternalActors__/Canton/Provisional/Maps/L_Canton_WalledCity_PROVISIONAL/3/OG/OT5RKWHW1DLYXBYNQ3DU47.uasset,c36e7954100c1824a91a5a64121a24435f4dc87366cc479ed1383e82debdb87a,4432,D_PROVISIONAL_ENGINEERING_ONLY,UE 5.5.4 CL 40574608
Content/__ExternalActors__/Canton/Provisional/Maps/L_Canton_WalledCity_PROVISIONAL/3/OY/CNB0MZD1PPKTVUF32Z030F.uasset,35a7ef911a9aa0679ca75e884d94df432d0ef2c0bbcb8651a3145c188a1717c9,4434,D_PROVISIONAL_ENGINEERING_ONLY,UE 5.5.4 CL 40574608
Content/__ExternalActors__/Canton/Provisional/Maps/L_Canton_WalledCity_PROVISIONAL/3/QJ/7QCOK3HNIOGRDXO6EKWQ21.uasset,84baeda1ccd76257ed54137049f19419d150031ebf337dc91e71b527f13afd81,4434,D_PROVISIONAL_ENGINEERING_ONLY,UE 5.5.4 CL 40574608
Content/__ExternalActors__/Canton/Provisional/Maps/L_Canton_WalledCity_PROVISIONAL/3/R3/MT2WQKOH0M4Y5X5FBDEMPW.uasset,3348935c28fb3e03a7a53f017505c1ae72bdd34747722ee157bb156bb8c763e7,4841,D_PROVISIONAL_ENGINEERING_ONLY,UE 5.5.4 CL 40574608
Content/__ExternalActors__/Canton/Provisional/Maps/L_Canton_WalledCity_PROVISIONAL/3/R9/RYREI9BO82J9INVY98SZ3E.uasset,df8ef70ebb3f8072aded4eed0d9fe94b0f150d74be70cd5af415fcc04959ac59,4434,D_PROVISIONAL_ENGINEERING_ONLY,UE 5.5.4 CL 40574608
Content/__ExternalActors__/Canton/Provisional/Maps/L_Canton_WalledCity_PROVISIONAL/3/RV/SGEN55O0G9O8TVB865AWYS.uasset,a6d6078a791982e6df35e16d1f7ad8eb2564f896f3e7f49821b031b096194006,4814,D_PROVISIONAL_ENGINEERING_ONLY,UE 5.5.4 CL 40574608
Content/__ExternalActors__/Canton/Provisional/Maps/L_Canton_WalledCity_PROVISIONAL/3/TT/RBD27ZS0V5TMLF7YWJ4CJ5.uasset,93be42a0bce0a63530ed5f82b6035c258419155d8e960caa17d146586058c9f5,4434,D_PROVISIONAL_ENGINEERING_ONLY,UE 5.5.4 CL 40574608
Content/__ExternalActors__/Canton/Provisional/Maps/L_Canton_WalledCity_PROVISIONAL/3/U4/5VOUSLMJ3KQYQ7ZLE4VFQS.uasset,49aa067e643697a9034668f6fd0dfb8cc4e3bc05fd7dde88194115b382775b9a,5921,D_PROVISIONAL_ENGINEERING_ONLY,UE 5.5.4 CL 40574608
Content/__ExternalActors__/Canton/Provisional/Maps/L_Canton_WalledCity_PROVISIONAL/3/UA/5NFXCPFCBI3W8X75R113M2.uasset,7651859dd596d68c08b3cb975e3d670a8e0c6013b07eae726e84d754d7149fb8,4432,D_PROVISIONAL_ENGINEERING_ONLY,UE 5.5.4 CL 40574608
Content/__ExternalActors__/Canton/Provisional/Maps/L_Canton_WalledCity_PROVISIONAL/3/V5/Y7NNP1EVXUEN02OGYV00JZ.uasset,148f4ab650e94c23d490b540d933915737b151ab599f2e3528cbbffdf32793f1,4804,D_PROVISIONAL_ENGINEERING_ONLY,UE 5.5.4 CL 40574608
Content/__ExternalActors__/Canton/Provisional/Maps/L_Canton_WalledCity_PROVISIONAL/3/VI/JQ95MGVC1QG7ZD5OSYIODV.uasset,9152deee3270c7ff1fc519ad418e1647589490c931269395cf36f8369a553d95,4432,D_PROVISIONAL_ENGINEERING_ONLY,UE 5.5.4 CL 40574608
Content/__ExternalActors__/Canton/Provisional/Maps/L_Canton_WalledCity_PROVISIONAL/3/VW/M7P9J3ZJ8BGGC6DWM467JP.uasset,eec0b5b502d5a1be80748eb4241c40a636a8a70c7efeeece85db4aead2a651e2,4434,D_PROVISIONAL_ENGINEERING_ONLY,UE 5.5.4 CL 40574608
Content/__ExternalActors__/Canton/Provisional/Maps/L_Canton_WalledCity_PROVISIONAL/3/W9/LN5S6677675UZQLKUI7OFC.uasset,bc3c3a17f7c57facc5e70147de32d2c07901a2df3f0e7d92c3f441688bb57129,4434,D_PROVISIONAL_ENGINEERING_ONLY,UE 5.5.4 CL 40574608
Content/__ExternalActors__/Canton/Provisional/Maps/L_Canton_WalledCity_PROVISIONAL/3/ZE/45HQ5YL1BKQKYN85MWZ7K4.uasset,1e5c36d6f88cc7207f1acf00d526ff796b2bd7d7551a3948ecc08418b8e1b185,4434,D_PROVISIONAL_ENGINEERING_ONLY,UE 5.5.4 CL 40574608
Content/__ExternalActors__/Canton/Provisional/Maps/L_Canton_WalledCity_PROVISIONAL/4/06/TYDE6GO6PQ3DPJ0QGT8ZEU.uasset,3b9bec94ac9c542a70d55efa9f795fe9628a4cd2f68a4f134f98422721b8bf36,4804,D_PROVISIONAL_ENGINEERING_ONLY,UE 5.5.4 CL 40574608
Content/__ExternalActors__/Canton/Provisional/Maps/L_Canton_WalledCity_PROVISIONAL/4/1G/0N20K38ZY1ZHG7IIMYMZHF.uasset,cf3869608f8275cfb2013076fd2bdf0240e567daf5ad5d0c0d7e633c3d918cf1,4434,D_PROVISIONAL_ENGINEERING_ONLY,UE 5.5.4 CL 40574608
Content/__ExternalActors__/Canton/Provisional/Maps/L_Canton_WalledCity_PROVISIONAL/4/3C/EXOSEOMW20WK4HWYM8BGN8.uasset,feffc05d82d8c31f94a1f7babeb3a5a7743277986c5ce2908c912d95697ae780,4434,D_PROVISIONAL_ENGINEERING_ONLY,UE 5.5.4 CL 40574608
Content/__ExternalActors__/Canton/Provisional/Maps/L_Canton_WalledCity_PROVISIONAL/4/4L/JXV6J76OP5UG2L89O72OVD.uasset,5c92b82af2530c93fc01d2929a8366c98fb5d8dfbffd38286db418f0a63a8f5c,4432,D_PROVISIONAL_ENGINEERING_ONLY,UE 5.5.4 CL 40574608
Content/__ExternalActors__/Canton/Provisional/Maps/L_Canton_WalledCity_PROVISIONAL/4/4T/LO4D2DIWETOVXCLO6X017S.uasset,b8b36c6f8064b21850a6d69ac55a470b6a75398cb24d72a06750d6c40c429098,4432,D_PROVISIONAL_ENGINEERING_ONLY,UE 5.5.4 CL 40574608
Content/__ExternalActors__/Canton/Provisional/Maps/L_Canton_WalledCity_PROVISIONAL/4/65/EYLPXIVYZC0G0JB6Q9B5ML.uasset,c2dd7cfe4b2b71e41c65a6aab526398edf9123e734a9871054d21830c720f300,1314945,D_PROVISIONAL_ENGINEERING_ONLY,UE 5.5.4 CL 40574608
Content/__ExternalActors__/Canton/Provisional/Maps/L_Canton_WalledCity_PROVISIONAL/4/6T/DYROYR6B5HC5QKECHJREZB.uasset,d3db322b6e1e5005ec9da20b0d694df84bb3b015129b5b5d9e7165c11820843b,4434,D_PROVISIONAL_ENGINEERING_ONLY,UE 5.5.4 CL 40574608
Content/__ExternalActors__/Canton/Provisional/Maps/L_Canton_WalledCity_PROVISIONAL/4/91/H2LUJIZJHMZS1B4WDSTYTZ.uasset,228666bf191846349603322d722fdedd38796ad3b27125a8ef22ff0733d5ce6d,4814,D_PROVISIONAL_ENGINEERING_ONLY,UE 5.5.4 CL 40574608
Content/__ExternalActors__/Canton/Provisional/Maps/L_Canton_WalledCity_PROVISIONAL/4/B4/W5K1ZGL4DZCZGC7AOL6RC3.uasset,a808f4aeac10ad1460fc56f2895adea117761f9b23a54c850812c315718b4b71,4804,D_PROVISIONAL_ENGINEERING_ONLY,UE 5.5.4 CL 40574608
Content/__ExternalActors__/Canton/Provisional/Maps/L_Canton_WalledCity_PROVISIONAL/4/C4/GD23ZQXHRGNGI0G475A9C4.uasset,84414c35a1ed8ab922d25e127b7cf05719885c7141e3e6aa1529961058f9a92c,4434,D_PROVISIONAL_ENGINEERING_ONLY,UE 5.5.4 CL 40574608
Content/__ExternalActors__/Canton/Provisional/Maps/L_Canton_WalledCity_PROVISIONAL/4/CO/EPW102GLSDO62QKJFMSKR5.uasset,a371f24483c02cae32937d4caf139f779897fe5f55d6e54047eb4b197521e9d6,4434,D_PROVISIONAL_ENGINEERING_ONLY,UE 5.5.4 CL 40574608
Content/__ExternalActors__/Canton/Provisional/Maps/L_Canton_WalledCity_PROVISIONAL/4/DK/GFKH0FJ0AGYZP5X7T1PMZL.uasset,2f0904386e9857343c36240b33acbe342934ba72dad047d2fc1f2b60de2dd125,4814,D_PROVISIONAL_ENGINEERING_ONLY,UE 5.5.4 CL 40574608
Content/__ExternalActors__/Canton/Provisional/Maps/L_Canton_WalledCity_PROVISIONAL/4/G0/PETPBLDIBK88JN4PVEUCMU.uasset,56377b867dd3e70cea6e7c68710680ccbffddcced5a50ad2f0dca7528109e3c8,4432,D_PROVISIONAL_ENGINEERING_ONLY,UE 5.5.4 CL 40574608
Content/__ExternalActors__/Canton/Provisional/Maps/L_Canton_WalledCity_PROVISIONAL/4/G3/HBTP0U90P2JHKJMKD0CAES.uasset,e80f4c31ef833c9442d1ec064899bd1d105f927196ddafe36c3506eb08b46679,4434,D_PROVISIONAL_ENGINEERING_ONLY,UE 5.5.4 CL 40574608
Content/__ExternalActors__/Canton/Provisional/Maps/L_Canton_WalledCity_PROVISIONAL/4/I3/WSPEPY6J1RKLEYFECYWC1T.uasset,6ffff9ccd5df113f3defa327f2bbf72bd7f6e64e9c35cf515de5be0b890b70a5,4804,D_PROVISIONAL_ENGINEERING_ONLY,UE 5.5.4 CL 40574608
Content/__ExternalActors__/Canton/Provisional/Maps/L_Canton_WalledCity_PROVISIONAL/4/J6/6LSCH0NGW1FLP9QGIWNOAZ.uasset,f51e35e034bb48020bf0157485518aef8401d963cdd9b6d142c33b2b97477512,4858,D_PROVISIONAL_ENGINEERING_ONLY,UE 5.5.4 CL 40574608
Content/__ExternalActors__/Canton/Provisional/Maps/L_Canton_WalledCity_PROVISIONAL/4/KP/UZ0QV4OI0Y0AHVOLIZ73ZJ.uasset,778b50fa75dc3b1a9519f350021fa5d9986b3863d973bb959b0e0b31d45d39d3,4432,D_PROVISIONAL_ENGINEERING_ONLY,UE 5.5.4 CL 40574608
Content/__ExternalActors__/Canton/Provisional/Maps/L_Canton_WalledCity_PROVISIONAL/4/KS/9QAJ5F5ZGG8Z3BVAW1CN41.uasset,1f108dde0b0618e0c4552c4506d8924349d3036d2dec8c88bbad33623987c190,4434,D_PROVISIONAL_ENGINEERING_ONLY,UE 5.5.4 CL 40574608
Content/__ExternalActors__/Canton/Provisional/Maps/L_Canton_WalledCity_PROVISIONAL/4/KT/A7Q0GNU7SZA673E1904LDY.uasset,36b09d5741ab89e918e74f6383f7a37214855715ade2bc1dea457c5a174a27c8,4681,D_PROVISIONAL_ENGINEERING_ONLY,UE 5.5.4 CL 40574608
Content/__ExternalActors__/Canton/Provisional/Maps/L_Canton_WalledCity_PROVISIONAL/4/RZ/GCJF6B2NF97CMAO7PA79AB.uasset,d6499919f72776f193ad5fe788c838ede2a65744a00f332d0a4259aad6a4027a,4858,D_PROVISIONAL_ENGINEERING_ONLY,UE 5.5.4 CL 40574608
Content/__ExternalActors__/Canton/Provisional/Maps/L_Canton_WalledCity_PROVISIONAL/4/TE/RE5OHG5XH3BJ59YMNTRRD2.uasset,80d1338fd761f6fc07f50115481ba648146ff8579fa145f4c1e70423b9babe68,4436,D_PROVISIONAL_ENGINEERING_ONLY,UE 5.5.4 CL 40574608
Content/__ExternalActors__/Canton/Provisional/Maps/L_Canton_WalledCity_PROVISIONAL/4/U4/EPKPWVA3E5C8UE834Z4EH2.uasset,32e99ab318eb3a9a4b3e3aa89113d11c71fcc6c1889177d4456929a8d736cdee,4129,D_PROVISIONAL_ENGINEERING_ONLY,UE 5.5.4 CL 40574608
Content/__ExternalActors__/Canton/Provisional/Maps/L_Canton_WalledCity_PROVISIONAL/4/UM/3TKTUDIQGT7P0ERSAK86C6.uasset,6334f6302f1d0d687ccd4430729d85ac275ee0391287777b28bde52e51205096,4687,D_PROVISIONAL_ENGINEERING_ONLY,UE 5.5.4 CL 40574608
Content/__ExternalActors__/Canton/Provisional/Maps/L_Canton_WalledCity_PROVISIONAL/4/UT/GYGVK99IXKZR586RQ0B4AW.uasset,5f9fac1e3b404c6e1d2320af3d1847e767807bb4e9816777a716f1d5e10336dd,4804,D_PROVISIONAL_ENGINEERING_ONLY,UE 5.5.4 CL 40574608
Content/__ExternalActors__/Canton/Provisional/Maps/L_Canton_WalledCity_PROVISIONAL/4/VI/MVC19X49M5XRRWEKHCVZ38.uasset,e3c0073c405c370530d633e4f5d8f3c73c7c9cc0a0f04f7cbbb34ff0bab40fac,4434,D_PROVISIONAL_ENGINEERING_ONLY,UE 5.5.4 CL 40574608
Content/__ExternalActors__/Canton/Provisional/Maps/L_Canton_WalledCity_PROVISIONAL/4/VY/JY9ZHIUUBKX6RY7AZGDIUA.uasset,399e5292e6bb021c9c2b6644e39a265937b4c81536a631e41637d9622b561484,4434,D_PROVISIONAL_ENGINEERING_ONLY,UE 5.5.4 CL 40574608
Content/__ExternalActors__/Canton/Provisional/Maps/L_Canton_WalledCity_PROVISIONAL/4/XB/21V23WBLHDG977R4O0TH0F.uasset,90de5ddeec69076f57675227e250cf7db4f05dd56859e988dea9eb53d5040529,4434,D_PROVISIONAL_ENGINEERING_ONLY,UE 5.5.4 CL 40574608
Content/__ExternalActors__/Canton/Provisional/Maps/L_Canton_WalledCity_PROVISIONAL/4/Z0/CHI50UPHRLUDKTAUN3WKEZ.uasset,95a37effb6317d34b0e5ad4f90c82ac4987540df1ed139d01a0185f40b10bebd,4432,D_PROVISIONAL_ENGINEERING_ONLY,UE 5.5.4 CL 40574608
Content/__ExternalActors__/Canton/Provisional/Maps/L_Canton_WalledCity_PROVISIONAL/5/22/RZST9U6FO823CQIP30J3XY.uasset,03c845c24e72135e82208c664692a099a1fb298a8cff98b92f1b00273901b16c,4687,D_PROVISIONAL_ENGINEERING_ONLY,UE 5.5.4 CL 40574608
Content/__ExternalActors__/Canton/Provisional/Maps/L_Canton_WalledCity_PROVISIONAL/5/3M/5KALAVGC8B51LLL3ORIBBU.uasset,a263a12f0f3ef1cf8150326f0bac9cdcff4b6a0e0543bea746de73024f23d081,4434,D_PROVISIONAL_ENGINEERING_ONLY,UE 5.5.4 CL 40574608
Content/__ExternalActors__/Canton/Provisional/Maps/L_Canton_WalledCity_PROVISIONAL/5/4K/6S00RODSRLORX7CW8C7AQI.uasset,bc730f63b3a9412c66e4c77eec833630e7d5b73ee533b1396db9dce022262d8f,4434,D_PROVISIONAL_ENGINEERING_ONLY,UE 5.5.4 CL 40574608
Content/__ExternalActors__/Canton/Provisional/Maps/L_Canton_WalledCity_PROVISIONAL/5/59/ROTYF212RW0XJBDA70064Z.uasset,d9cf6577ca778c5098d36d341391e7a84db8e24c91f44036635e230794a71573,4434,D_PROVISIONAL_ENGINEERING_ONLY,UE 5.5.4 CL 40574608
Content/__ExternalActors__/Canton/Provisional/Maps/L_Canton_WalledCity_PROVISIONAL/5/9O/OKYDCFR1F5CZ5YW6BNELD7.uasset,00c8ee21994d52dadf409b0fda5f84278f4fae9ea871c8f9caaf770daef22ea4,4434,D_PROVISIONAL_ENGINEERING_ONLY,UE 5.5.4 CL 40574608
Content/__ExternalActors__/Canton/Provisional/Maps/L_Canton_WalledCity_PROVISIONAL/5/9Z/DTBDY8UMPVVWVWB2NJ7MJ1.uasset,bfda6c371c1d3c3e445123dc47c1f22ab302e59c21f7c4142c53c8fc1bc56d9a,4434,D_PROVISIONAL_ENGINEERING_ONLY,UE 5.5.4 CL 40574608
Content/__ExternalActors__/Canton/Provisional/Maps/L_Canton_WalledCity_PROVISIONAL/5/AO/K5EO31DNF0SKANHBAWDL6G.uasset,0335d5e43f21d044b657f40fef6a933665bd183f3e50826cdab696139c37d9bf,4434,D_PROVISIONAL_ENGINEERING_ONLY,UE 5.5.4 CL 40574608
Content/__ExternalActors__/Canton/Provisional/Maps/L_Canton_WalledCity_PROVISIONAL/5/BT/00FIB5TGBLNLALY4GIKVMI.uasset,58c7795e9c456c9f9fb315ae28f2f2ca0894d9cc860d2a27d6d6b1d51cd8493b,4434,D_PROVISIONAL_ENGINEERING_ONLY,UE 5.5.4 CL 40574608
Content/__ExternalActors__/Canton/Provisional/Maps/L_Canton_WalledCity_PROVISIONAL/5/CD/3X8PA01HBOBLZEYD8OKS6B.uasset,462f141f97608a9a1a21d0c38dbd19e0d53fff24b5e49e050853cbabb03ed73f,4432,D_PROVISIONAL_ENGINEERING_ONLY,UE 5.5.4 CL 40574608
Content/__ExternalActors__/Canton/Provisional/Maps/L_Canton_WalledCity_PROVISIONAL/5/D8/VQD8N6FGNBP5SAXAJ3SP48.uasset,67860a79d46b046ab5a6a3ef2378c03a1c38f18b67ac3855eafbc1d1afc22127,4434,D_PROVISIONAL_ENGINEERING_ONLY,UE 5.5.4 CL 40574608
Content/__ExternalActors__/Canton/Provisional/Maps/L_Canton_WalledCity_PROVISIONAL/5/DH/S6G7OTYYFTP3K96PF2ALJZ.uasset,16d3c720749f28d5e8dd192fa80df92622d4ac562b0bb339b151d1704e6b64fa,4436,D_PROVISIONAL_ENGINEERING_ONLY,UE 5.5.4 CL 40574608
Content/__ExternalActors__/Canton/Provisional/Maps/L_Canton_WalledCity_PROVISIONAL/5/G9/IIV89LLTADKSE28Z8L5WXZ.uasset,bbc9a2bbdc5efb2b0b48c1133c1d360e6438cefe2ac78913360455e825f860a6,4858,D_PROVISIONAL_ENGINEERING_ONLY,UE 5.5.4 CL 40574608
Content/__ExternalActors__/Canton/Provisional/Maps/L_Canton_WalledCity_PROVISIONAL/5/HT/4YOXIYS5L9AMJLBEN5SMAR.uasset,82480d40d1d5325fc789a03db90c6f09bb449783b0b50eae5e63de7402d06bba,4749,D_PROVISIONAL_ENGINEERING_ONLY,UE 5.5.4 CL 40574608
Content/__ExternalActors__/Canton/Provisional/Maps/L_Canton_WalledCity_PROVISIONAL/5/J8/SQS5RB258JFGVJRNEC8H5W.uasset,e51daa4b53f719793c5e5823484975cbcc7197e83af442b79d66cf4a63b785ee,4432,D_PROVISIONAL_ENGINEERING_ONLY,UE 5.5.4 CL 40574608
Content/__ExternalActors__/Canton/Provisional/Maps/L_Canton_WalledCity_PROVISIONAL/5/JO/RJP2SHPT24NGEMNEV6NA3F.uasset,f09335179a13648c2a8876eccb6c33a94dda55494c36915a2eddd21bcc47875b,4432,D_PROVISIONAL_ENGINEERING_ONLY,UE 5.5.4 CL 40574608
Content/__ExternalActors__/Canton/Provisional/Maps/L_Canton_WalledCity_PROVISIONAL/5/KC/AT58BI6XONE1VGNWLQV5TV.uasset,7550e486eb7546a3aaa660661774090b041046f825809b1b882cf215bd744839,4434,D_PROVISIONAL_ENGINEERING_ONLY,UE 5.5.4 CL 40574608
Content/__ExternalActors__/Canton/Provisional/Maps/L_Canton_WalledCity_PROVISIONAL/5/KR/QJFP5E7U5IU5DCK1M5I7PO.uasset,1c62f86851a00ba5fd729f7f4e72fb148c01f505d4d0879b38d41570182fffcb,4432,D_PROVISIONAL_ENGINEERING_ONLY,UE 5.5.4 CL 40574608
Content/__ExternalActors__/Canton/Provisional/Maps/L_Canton_WalledCity_PROVISIONAL/5/M5/LMCBPXRSMJ5HO0Z1EA0J2R.uasset,e11b9d1145438b77b10568931530b03242fe36b19a91f07826054f20fab98835,4432,D_PROVISIONAL_ENGINEERING_ONLY,UE 5.5.4 CL 40574608
Content/__ExternalActors__/Canton/Provisional/Maps/L_Canton_WalledCity_PROVISIONAL/5/NH/FPEPG4X28X8RRK3K15RGCK.uasset,4e827ae9fe6d6e3ee9f0901d3f1dd68525c2d9a56ed8d1bf663b57115c69bac0,4434,D_PROVISIONAL_ENGINEERING_ONLY,UE 5.5.4 CL 40574608
Content/__ExternalActors__/Canton/Provisional/Maps/L_Canton_WalledCity_PROVISIONAL/5/SW/I4W5XHIN29QHCB9L4317JS.uasset,08f15d0686d29d1f1a9c7fba298805abb828bd334039baaf4a8613a7e59e08e2,4814,D_PROVISIONAL_ENGINEERING_ONLY,UE 5.5.4 CL 40574608
Content/__ExternalActors__/Canton/Provisional/Maps/L_Canton_WalledCity_PROVISIONAL/5/T3/1ULKRYQJ7Y785DBR5VF7U1.uasset,ad8a8b9534e432cc21078678ada2c6152a97a627a1b6174dd30f025b9961cea9,4434,D_PROVISIONAL_ENGINEERING_ONLY,UE 5.5.4 CL 40574608
Content/__ExternalActors__/Canton/Provisional/Maps/L_Canton_WalledCity_PROVISIONAL/5/U7/3XBG488T0ZFHVKV3R79IJY.uasset,5bf8e36d61f62483488d9dda7e24fa0e649f49cd084ad4a23924631c164a76cc,4892,D_PROVISIONAL_ENGINEERING_ONLY,UE 5.5.4 CL 40574608
Content/__ExternalActors__/Canton/Provisional/Maps/L_Canton_WalledCity_PROVISIONAL/5/WP/WERFSQ0IYQK40DRZZQIM6M.uasset,660ec9d9dbd018a6feda0f3888c0a142c2fb3a9bf8c624f3bf713235fdf492e3,4434,D_PROVISIONAL_ENGINEERING_ONLY,UE 5.5.4 CL 40574608
Content/__ExternalActors__/Canton/Provisional/Maps/L_Canton_WalledCity_PROVISIONAL/5/XB/Y6Q16XH6I2ZOD9HJF7065V.uasset,71be3f9b2d9c7abc3abb56367dc9dfd0efbb66b652b27518a97f1bb441689bf4,4432,D_PROVISIONAL_ENGINEERING_ONLY,UE 5.5.4 CL 40574608
Content/__ExternalActors__/Canton/Provisional/Maps/L_Canton_WalledCity_PROVISIONAL/5/XP/1JVBCYA4IBHZ0QYBAR1JCU.uasset,8754e24638f850a3a4e142474f62db025e9323dc3c25fd460249b8f8552c6187,4434,D_PROVISIONAL_ENGINEERING_ONLY,UE 5.5.4 CL 40574608
Content/__ExternalActors__/Canton/Provisional/Maps/L_Canton_WalledCity_PROVISIONAL/5/YD/WB4YTSOCLWLZ7QEGWXCIA5.uasset,772c6403679d7dafb8097efc387a48e599990fe57c94f0efd014448bcee39174,4432,D_PROVISIONAL_ENGINEERING_ONLY,UE 5.5.4 CL 40574608
Content/__ExternalActors__/Canton/Provisional/Maps/L_Canton_WalledCity_PROVISIONAL/6/08/L3TBH14HSTZ5LS2OLQ25RG.uasset,b57cc98c6e4a4cb0f9afbc5f09bf06c5771b362a6d3c3e8ce4fd6d4af9283154,1299873,D_PROVISIONAL_ENGINEERING_ONLY,UE 5.5.4 CL 40574608
Content/__ExternalActors__/Canton/Provisional/Maps/L_Canton_WalledCity_PROVISIONAL/6/1N/I5CFUD63QTDH2EYE5VOIEB.uasset,672844818da51c5a6f8868fd2f610259e9111b566757c645905844937d6f6b12,4434,D_PROVISIONAL_ENGINEERING_ONLY,UE 5.5.4 CL 40574608
Content/__ExternalActors__/Canton/Provisional/Maps/L_Canton_WalledCity_PROVISIONAL/6/2S/QEIED1XZ6ZCNVVLW6RQEPL.uasset,723f4e4a4e86662333fe19208f3b61ec0cdbffe6501e4e1cfd8e2e8d3aeb1ae7,4804,D_PROVISIONAL_ENGINEERING_ONLY,UE 5.5.4 CL 40574608
Content/__ExternalActors__/Canton/Provisional/Maps/L_Canton_WalledCity_PROVISIONAL/6/6A/PLAU1Z9H6GGEZOWX2NSBMQ.uasset,55320f0e8be87c2ff6fdfa7c37e262b8c6843d25390b9de7df542f1020367a09,4434,D_PROVISIONAL_ENGINEERING_ONLY,UE 5.5.4 CL 40574608
Content/__ExternalActors__/Canton/Provisional/Maps/L_Canton_WalledCity_PROVISIONAL/6/AR/3Z0HXU2JHUN32FLDWC8SCM.uasset,62330433cb2a438015c4e997231dc85155bc81f450ec799fb2dd99bccd6e3020,4432,D_PROVISIONAL_ENGINEERING_ONLY,UE 5.5.4 CL 40574608
Content/__ExternalActors__/Canton/Provisional/Maps/L_Canton_WalledCity_PROVISIONAL/6/B8/5034FGUIQKXT0PXNRICQ22.uasset,cf12f61251c54bf131d845fb47cdb14fc36d9402fa3f6e8eb619c832ea9ad0d8,4434,D_PROVISIONAL_ENGINEERING_ONLY,UE 5.5.4 CL 40574608
Content/__ExternalActors__/Canton/Provisional/Maps/L_Canton_WalledCity_PROVISIONAL/6/C6/OK98C55D23Z8J3IJWA41JA.uasset,86546a225578ff7a08dce19edf77b3dd520743a0f105b1745fae260b7e801053,4434,D_PROVISIONAL_ENGINEERING_ONLY,UE 5.5.4 CL 40574608
Content/__ExternalActors__/Canton/Provisional/Maps/L_Canton_WalledCity_PROVISIONAL/6/CD/8M1BOIHM52E3A1P7X4I7SY.uasset,3f08e2a9b15a7567df149d93f622c3ca9f25143ca185f883836a92e5460721cc,4681,D_PROVISIONAL_ENGINEERING_ONLY,UE 5.5.4 CL 40574608
Content/__ExternalActors__/Canton/Provisional/Maps/L_Canton_WalledCity_PROVISIONAL/6/DA/6D8ABTU6KFS81PVTMVMZ92.uasset,dce0f07537160282ae40cbdbc94b325938691cab2b0dc95b4ae39dd577f4455c,1193700,D_PROVISIONAL_ENGINEERING_ONLY,UE 5.5.4 CL 40574608
Content/__ExternalActors__/Canton/Provisional/Maps/L_Canton_WalledCity_PROVISIONAL/6/I0/FGSNJRW4O1VQ3C8CL8K21J.uasset,81826501eb01a632bb149612ae275596519bacfd6d2340327cdbb3d100d2ab55,4814,D_PROVISIONAL_ENGINEERING_ONLY,UE 5.5.4 CL 40574608
Content/__ExternalActors__/Canton/Provisional/Maps/L_Canton_WalledCity_PROVISIONAL/6/I4/O78GNX9QU6V2JN7FSKJGCB.uasset,f9f8c43a830b6af7946ececd76815da746e3dd4df9650af7e6b9d6c7937258ce,4432,D_PROVISIONAL_ENGINEERING_ONLY,UE 5.5.4 CL 40574608
Content/__ExternalActors__/Canton/Provisional/Maps/L_Canton_WalledCity_PROVISIONAL/6/JR/3APKF1B2QVUEGGAF5CDKEE.uasset,12acf41af2c5b52eb3d7b6ee5140d6028323402c6cf4fef1fb43599f2c3fce61,4434,D_PROVISIONAL_ENGINEERING_ONLY,UE 5.5.4 CL 40574608
Content/__ExternalActors__/Canton/Provisional/Maps/L_Canton_WalledCity_PROVISIONAL/6/K0/LPELZUJL9012HA7T9LNSWM.uasset,3e6ecccc2ea00dec6bebda1502c05aa371917f78a9781b739b45216a5a4e4535,1319285,D_PROVISIONAL_ENGINEERING_ONLY,UE 5.5.4 CL 40574608
Content/__ExternalActors__/Canton/Provisional/Maps/L_Canton_WalledCity_PROVISIONAL/6/LO/ZV824RDR5DT3NYJZ651KP0.uasset,f78697c593e2ae8c5948b2b8cfde6077373c55a1985c98e4473f1c54a023d17b,4432,D_PROVISIONAL_ENGINEERING_ONLY,UE 5.5.4 CL 40574608
Content/__ExternalActors__/Canton/Provisional/Maps/L_Canton_WalledCity_PROVISIONAL/6/M0/0NWWCT12BBXIM7CF8VR3XW.uasset,311975ff2d884533799afe386bcccec75cc66bc64d94428b7d608b8253b12a7f,4434,D_PROVISIONAL_ENGINEERING_ONLY,UE 5.5.4 CL 40574608
Content/__ExternalActors__/Canton/Provisional/Maps/L_Canton_WalledCity_PROVISIONAL/6/M2/B9T1KQOBA3UAH3YCQ40WD0.uasset,e9c7df812d5194f559dd025f8a06869786ef5283e063961ef64f4962066d85aa,4432,D_PROVISIONAL_ENGINEERING_ONLY,UE 5.5.4 CL 40574608
Content/__ExternalActors__/Canton/Provisional/Maps/L_Canton_WalledCity_PROVISIONAL/6/M8/EHGSZLTEQCHVEFODGWMHVP.uasset,8c3756de3f6688ac720574dba435d6d174ead18bc813db930e2c16bfee65cee5,4824,D_PROVISIONAL_ENGINEERING_ONLY,UE 5.5.4 CL 40574608
Content/__ExternalActors__/Canton/Provisional/Maps/L_Canton_WalledCity_PROVISIONAL/6/MI/YG4KTAT2B17XYBUD75HGDC.uasset,dbb881d1bf5b1df5e4fd5fbf11b199a10f1e393deaadba969e7e03ed082d6eb6,4434,D_PROVISIONAL_ENGINEERING_ONLY,UE 5.5.4 CL 40574608
Content/__ExternalActors__/Canton/Provisional/Maps/L_Canton_WalledCity_PROVISIONAL/6/N4/DHJ6FA3CNA7Q5PR67SHLYU.uasset,ef5bc8667bf409d865ef948a7d68f31e03834f85cd912f6beb14f1840fd7067a,6835,D_PROVISIONAL_ENGINEERING_ONLY,UE 5.5.4 CL 40574608
Content/__ExternalActors__/Canton/Provisional/Maps/L_Canton_WalledCity_PROVISIONAL/6/OD/8MH892AIOIRL2Y984J65EP.uasset,1bad9e8eeebccba22720080cf3017a7ec6dc60835a1712a90cca27de5e789744,4432,D_PROVISIONAL_ENGINEERING_ONLY,UE 5.5.4 CL 40574608
Content/__ExternalActors__/Canton/Provisional/Maps/L_Canton_WalledCity_PROVISIONAL/6/OH/TOTE8GC0RRA8QDXK8TGAEA.uasset,a742bd7db7825c6d9b0fa05ff1d12998e740e23b19614b80f1809cf06ee88ab7,4432,D_PROVISIONAL_ENGINEERING_ONLY,UE 5.5.4 CL 40574608
Content/__ExternalActors__/Canton/Provisional/Maps/L_Canton_WalledCity_PROVISIONAL/6/OY/MTS1QDU19G5DMDFO48CPPI.uasset,eee01bb07f16db2c1b246f68340d4c2968103a940a5ce46c59de4805efaa1f48,4432,D_PROVISIONAL_ENGINEERING_ONLY,UE 5.5.4 CL 40574608
Content/__ExternalActors__/Canton/Provisional/Maps/L_Canton_WalledCity_PROVISIONAL/6/P2/PYKGX5TKDSH8H14GFB6HGD.uasset,ee4c2fc2ff4661251ab51c538bc5d6668841155d58ed62e9a7d7380cfe9e5a83,4657,D_PROVISIONAL_ENGINEERING_ONLY,UE 5.5.4 CL 40574608
Content/__ExternalActors__/Canton/Provisional/Maps/L_Canton_WalledCity_PROVISIONAL/6/QB/CGGAVG0HIAFSXSXQ73L945.uasset,0d2ebde28abdf92371fc7774aabb32eb4cee9f33231a065210aba48a3e0191c5,4434,D_PROVISIONAL_ENGINEERING_ONLY,UE 5.5.4 CL 40574608
Content/__ExternalActors__/Canton/Provisional/Maps/L_Canton_WalledCity_PROVISIONAL/6/S0/YAP1039YHSQ4HA02XIE1JC.uasset,a4b595fd83c31d28d7942990117e79dfb82e17799a8e37da7022d92ee12e1e95,4434,D_PROVISIONAL_ENGINEERING_ONLY,UE 5.5.4 CL 40574608
Content/__ExternalActors__/Canton/Provisional/Maps/L_Canton_WalledCity_PROVISIONAL/6/T3/FV6QNVRVMXTLB9I5IGMWF9.uasset,7aff2637f6e8afa462a01f63fb97f66c9e042294e9820303f9707eb461a4dde2,4434,D_PROVISIONAL_ENGINEERING_ONLY,UE 5.5.4 CL 40574608
Content/__ExternalActors__/Canton/Provisional/Maps/L_Canton_WalledCity_PROVISIONAL/6/V2/GWOCN94KEF13ANXNY35ZNH.uasset,1460184df9e852d452f443513c9ab863a5799f886472a3d2431e84735224b27f,4892,D_PROVISIONAL_ENGINEERING_ONLY,UE 5.5.4 CL 40574608
Content/__ExternalActors__/Canton/Provisional/Maps/L_Canton_WalledCity_PROVISIONAL/6/VB/HNJZAW76DJ1WHQSIGVQUG0.uasset,92081710e26b383af8db911dcf5f66079c702e5d5964b4581d829a1ad881ccda,2412,D_PROVISIONAL_ENGINEERING_ONLY,UE 5.5.4 CL 40574608
Content/__ExternalActors__/Canton/Provisional/Maps/L_Canton_WalledCity_PROVISIONAL/6/VP/5VY2IJSXNZ6L9M7EZP56FD.uasset,852fb3d97ab6a33ead397ec4473ec85315f8df5801393f5d486aedcd40ee7fa2,4434,D_PROVISIONAL_ENGINEERING_ONLY,UE 5.5.4 CL 40574608
Content/__ExternalActors__/Canton/Provisional/Maps/L_Canton_WalledCity_PROVISIONAL/6/WP/0WGFPGUCZLVNLVN9A8ICIM.uasset,327d4ac1b657be24e97c71bce456c3780836ea254abb0cadb3623dbdc7c09c5f,4434,D_PROVISIONAL_ENGINEERING_ONLY,UE 5.5.4 CL 40574608
Content/__ExternalActors__/Canton/Provisional/Maps/L_Canton_WalledCity_PROVISIONAL/6/XL/5OECQ5Y2IXF635QUDLQAVC.uasset,55f66bc72ab755249b2c70936b1dbc1bdbd781abb3f99af35ddabddf88b1e327,4434,D_PROVISIONAL_ENGINEERING_ONLY,UE 5.5.4 CL 40574608
Content/__ExternalActors__/Canton/Provisional/Maps/L_Canton_WalledCity_PROVISIONAL/6/YO/ZAQ6KSLXV5IRH4ZLJLHZA8.uasset,48082ee13721f2aa270519a131d14c08efecea1c5b3f6c48f2145741297f95fe,4434,D_PROVISIONAL_ENGINEERING_ONLY,UE 5.5.4 CL 40574608
Content/__ExternalActors__/Canton/Provisional/Maps/L_Canton_WalledCity_PROVISIONAL/6/Z4/NQ6PN2393VWIXPG9XR5XPM.uasset,f64df476cf97202a7e41886879912c495905a4dc430b77698bbb0dd5ad560029,4432,D_PROVISIONAL_ENGINEERING_ONLY,UE 5.5.4 CL 40574608
Content/__ExternalActors__/Canton/Provisional/Maps/L_Canton_WalledCity_PROVISIONAL/6/Z4/ZHSXWCD3HBAAAHNADS76EL.uasset,03e4cfacf24231b3d887e4c0184654cb41b95057438a04baba25e210ab4d4fb1,4434,D_PROVISIONAL_ENGINEERING_ONLY,UE 5.5.4 CL 40574608
Content/__ExternalActors__/Canton/Provisional/Maps/L_Canton_WalledCity_PROVISIONAL/6/ZA/XPS6RLVRRBZPOMC6SLI421.uasset,76cd6d1b2f1d91279a13577e95ab4b905ea9f077204c8600d3be4c39f1cfa996,4434,D_PROVISIONAL_ENGINEERING_ONLY,UE 5.5.4 CL 40574608
Content/__ExternalActors__/Canton/Provisional/Maps/L_Canton_WalledCity_PROVISIONAL/7/1J/PUSPZW5XYMCCB9MQ717B4I.uasset,a8ea406931e2e1f8a5ed1c6f589db428e1a44aca3e96deb2f4e3f7b3d6c16a93,4434,D_PROVISIONAL_ENGINEERING_ONLY,UE 5.5.4 CL 40574608
Content/__ExternalActors__/Canton/Provisional/Maps/L_Canton_WalledCity_PROVISIONAL/7/1R/LHHI8YY0SIOIEOJG7CWCGP.uasset,99d45f5403867c96e742dd988814ce3269219bb937982d4e558c3a21924defdf,4882,D_PROVISIONAL_ENGINEERING_ONLY,UE 5.5.4 CL 40574608
Content/__ExternalActors__/Canton/Provisional/Maps/L_Canton_WalledCity_PROVISIONAL/7/27/CUINYMSOD2749T8GW607MV.uasset,fcb1beb0ffd3d699f5ab2287127fbb734e68275a0bd479f962b8c71ada14a2cc,4436,D_PROVISIONAL_ENGINEERING_ONLY,UE 5.5.4 CL 40574608
Content/__ExternalActors__/Canton/Provisional/Maps/L_Canton_WalledCity_PROVISIONAL/7/6E/MH3489LYMJLHBS3MNCR3DX.uasset,e93ec6f06069c53de291e4cd4d3ecc4657738c5a02dd51320a99b1fa32689650,4434,D_PROVISIONAL_ENGINEERING_ONLY,UE 5.5.4 CL 40574608
Content/__ExternalActors__/Canton/Provisional/Maps/L_Canton_WalledCity_PROVISIONAL/7/6W/9ZRXNYZ6IDOJKCSDVTO4PR.uasset,1ecf02af345551c7a4b5fcf85f720f05f9121ecb24db6531dc5d7886a8eebebc,4432,D_PROVISIONAL_ENGINEERING_ONLY,UE 5.5.4 CL 40574608
Content/__ExternalActors__/Canton/Provisional/Maps/L_Canton_WalledCity_PROVISIONAL/7/8N/DB2S7XGSRYSUNCJWB4610U.uasset,5f84f61e6de648a94239b6d810caa2b099b9a81ec904dcdfb6b70671bdc8d31e,4804,D_PROVISIONAL_ENGINEERING_ONLY,UE 5.5.4 CL 40574608
Content/__ExternalActors__/Canton/Provisional/Maps/L_Canton_WalledCity_PROVISIONAL/7/9Q/D3CNWJCG02REDFLW4BHRFT.uasset,5e2481e30af702af1c0ecf4b633d2905ab345a141d826bedb9146dce745bdd1a,4432,D_PROVISIONAL_ENGINEERING_ONLY,UE 5.5.4 CL 40574608
Content/__ExternalActors__/Canton/Provisional/Maps/L_Canton_WalledCity_PROVISIONAL/7/A9/NTUNH8WP68X8B9OHAFXR7G.uasset,9c59a9321786a49abc8c97cd14986fbd31477bbc2d1a50147f5cd103d0c4024a,4432,D_PROVISIONAL_ENGINEERING_ONLY,UE 5.5.4 CL 40574608
Content/__ExternalActors__/Canton/Provisional/Maps/L_Canton_WalledCity_PROVISIONAL/7/AT/WKYG4KKM74PAC2NOCWOHTN.uasset,be46402f638a83302f05f8befbf63d54c9cff0a6974fd4c181e6a2c7b69b7fce,4432,D_PROVISIONAL_ENGINEERING_ONLY,UE 5.5.4 CL 40574608
Content/__ExternalActors__/Canton/Provisional/Maps/L_Canton_WalledCity_PROVISIONAL/7/BU/5QR3RL04NZNDUWOPS5U9I6.uasset,3818d1ff75d40fef13e2c66d4abc9f925a72f96130879c1f7ebe58220464bc6b,4475,D_PROVISIONAL_ENGINEERING_ONLY,UE 5.5.4 CL 40574608
Content/__ExternalActors__/Canton/Provisional/Maps/L_Canton_WalledCity_PROVISIONAL/7/C2/ZJMEJ94BJG3F0D2RKYE1UF.uasset,2a3046d7934882f558ab0ee6840517628342366f8bee94a9e358dc3ffe1d7068,4434,D_PROVISIONAL_ENGINEERING_ONLY,UE 5.5.4 CL 40574608
Content/__ExternalActors__/Canton/Provisional/Maps/L_Canton_WalledCity_PROVISIONAL/7/CB/FJPG0Z8B1044LIO4J9W0JN.uasset,eff8af1869fedde2035b50d2fb42c4098db55ee88236cb9f295dcd5ead5cd285,4434,D_PROVISIONAL_ENGINEERING_ONLY,UE 5.5.4 CL 40574608
Content/__ExternalActors__/Canton/Provisional/Maps/L_Canton_WalledCity_PROVISIONAL/7/CE/A9NLLBA8417KTZVRA4VUN3.uasset,8758b9368a54ee6cbd6085319d53ec802f0f7890d45abe47ad00718f0d2c054f,4434,D_PROVISIONAL_ENGINEERING_ONLY,UE 5.5.4 CL 40574608
Content/__ExternalActors__/Canton/Provisional/Maps/L_Canton_WalledCity_PROVISIONAL/7/CW/T4NV4YR3Z6TS88NO2XX4VP.uasset,9da8c09181510ad66a0c373b25473be46f0cdabae8951608844349e3fdea972c,4814,D_PROVISIONAL_ENGINEERING_ONLY,UE 5.5.4 CL 40574608
Content/__ExternalActors__/Canton/Provisional/Maps/L_Canton_WalledCity_PROVISIONAL/7/DL/2B3EGKIGHTTR6EX1VVCJS0.uasset,260cf2588e0d11029b01742eeb1d252f9837a1c57915c78f542f927f11fc586f,4882,D_PROVISIONAL_ENGINEERING_ONLY,UE 5.5.4 CL 40574608
Content/__ExternalActors__/Canton/Provisional/Maps/L_Canton_WalledCity_PROVISIONAL/7/DP/NCBABXUF7LWA3LFE0Z05RF.uasset,fbdcb1f261277c39fa897efb7629ea1d89197fde7c1e2563b7b992702d85ec6e,4432,D_PROVISIONAL_ENGINEERING_ONLY,UE 5.5.4 CL 40574608
Content/__ExternalActors__/Canton/Provisional/Maps/L_Canton_WalledCity_PROVISIONAL/7/FZ/8E7BSJYQJB3AYF9GMG4IWX.uasset,084bdf442c4e82bd94dbf35f524cf976cb15f3c4ab6c24472b09fa4a09b53129,4681,D_PROVISIONAL_ENGINEERING_ONLY,UE 5.5.4 CL 40574608
Content/__ExternalActors__/Canton/Provisional/Maps/L_Canton_WalledCity_PROVISIONAL/7/HU/K06PI96VXPPOP4NN0PM74C.uasset,01525b00933064ce7569d48f9ba4011b98cca3fac99bf13d284433d3eaf07be4,4432,D_PROVISIONAL_ENGINEERING_ONLY,UE 5.5.4 CL 40574608
Content/__ExternalActors__/Canton/Provisional/Maps/L_Canton_WalledCity_PROVISIONAL/7/KK/CHG0G0CKZ744MLBBB0E0TM.uasset,4bf5d85271794f0e3e2d9dcd5c0033166665e1e925c7cb184224b8a3a8c0b3a1,4434,D_PROVISIONAL_ENGINEERING_ONLY,UE 5.5.4 CL 40574608
Content/__ExternalActors__/Canton/Provisional/Maps/L_Canton_WalledCity_PROVISIONAL/7/KO/3HXR1843R0P9SLCMKV40G9.uasset,0d5bc0d36bc0107423d74da928962a263f1e9e57bdf2cebab05d1307c35f9170,4434,D_PROVISIONAL_ENGINEERING_ONLY,UE 5.5.4 CL 40574608
Content/__ExternalActors__/Canton/Provisional/Maps/L_Canton_WalledCity_PROVISIONAL/7/LO/HEDK7S70J102WJKNWK37OH.uasset,58a73a5767d4eb199807709d57cfe16e687009f06fe7c64214ad23a196817167,4858,D_PROVISIONAL_ENGINEERING_ONLY,UE 5.5.4 CL 40574608
Content/__ExternalActors__/Canton/Provisional/Maps/L_Canton_WalledCity_PROVISIONAL/7/M7/573IQJNL18SLPPA5U5SJKM.uasset,908f1dc7bc6314610e4e18fec591d1d3b9cf2c0c6d4894f3fcbe2a9f7273edfc,4434,D_PROVISIONAL_ENGINEERING_ONLY,UE 5.5.4 CL 40574608
Content/__ExternalActors__/Canton/Provisional/Maps/L_Canton_WalledCity_PROVISIONAL/7/N1/6KMVR74QQSE606T7SS06M0.uasset,dcf0b88c8fdb4119bee443b9328175450a7b2eea8bb8c51dcc33c5617711299f,4432,D_PROVISIONAL_ENGINEERING_ONLY,UE 5.5.4 CL 40574608
Content/__ExternalActors__/Canton/Provisional/Maps/L_Canton_WalledCity_PROVISIONAL/7/PL/PB8AO2U21V3287YT13MF93.uasset,b6b36b32b84534d0b4b07d38f13293a99890c34c2b1c661097e074d7c5ccea16,4434,D_PROVISIONAL_ENGINEERING_ONLY,UE 5.5.4 CL 40574608
Content/__ExternalActors__/Canton/Provisional/Maps/L_Canton_WalledCity_PROVISIONAL/7/R8/HKUBNXTP94LC20HFTV6WI4.uasset,3b5195d56457aa4618758340f621bcb964a5df719d881650e9158d8778a18dd4,4432,D_PROVISIONAL_ENGINEERING_ONLY,UE 5.5.4 CL 40574608
Content/__ExternalActors__/Canton/Provisional/Maps/L_Canton_WalledCity_PROVISIONAL/7/S4/F1BYAC0IKRV5E3XCBDS7VU.uasset,d826536faac311360f39e5edd4b83831f68f96d22befc469d583bb190c85172b,4432,D_PROVISIONAL_ENGINEERING_ONLY,UE 5.5.4 CL 40574608
Content/__ExternalActors__/Canton/Provisional/Maps/L_Canton_WalledCity_PROVISIONAL/7/TA/A16UPRL05P623E38725UU3.uasset,e2e213774dc7c7f46495071549d1496ff8916665f8e3546edde5409b0a41c877,4434,D_PROVISIONAL_ENGINEERING_ONLY,UE 5.5.4 CL 40574608
Content/__ExternalActors__/Canton/Provisional/Maps/L_Canton_WalledCity_PROVISIONAL/7/U0/PZLFWH1NVW80MUKCCA5KCU.uasset,2ed363fc2faeb193a86645dcaf0b42a163951a040ee23e54aa211c412ce6afae,4434,D_PROVISIONAL_ENGINEERING_ONLY,UE 5.5.4 CL 40574608
Content/__ExternalActors__/Canton/Provisional/Maps/L_Canton_WalledCity_PROVISIONAL/7/U3/AN5VM8DDB2THV7HX1CAH95.uasset,bb4b800be7dcc9b18ee13f284b2ec223a122575d35c728ecb5c509fe583d887d,4841,D_PROVISIONAL_ENGINEERING_ONLY,UE 5.5.4 CL 40574608
Content/__ExternalActors__/Canton/Provisional/Maps/L_Canton_WalledCity_PROVISIONAL/7/UX/BPISP5REZO2UR0NKUXQ5XY.uasset,bdb1c637841f94cf0a8eafd3e7c99f940f54c9f215a773b9bc1dd0b8fb7afc9d,4882,D_PROVISIONAL_ENGINEERING_ONLY,UE 5.5.4 CL 40574608
Content/__ExternalActors__/Canton/Provisional/Maps/L_Canton_WalledCity_PROVISIONAL/7/V0/9Y3N5DFBX7UYS3VEVIHMWE.uasset,b4c503fff3de820fe7381b129cfb6cc52da827f4de409ec602acf62046f42a74,1279851,D_PROVISIONAL_ENGINEERING_ONLY,UE 5.5.4 CL 40574608
Content/__ExternalActors__/Canton/Provisional/Maps/L_Canton_WalledCity_PROVISIONAL/7/VT/Q70B2CGELJKMF9VRRJ8EF0.uasset,28f860b7d6eb72563972b48f1c9dbf775d643982a1db7dd64665ac05c9057817,4434,D_PROVISIONAL_ENGINEERING_ONLY,UE 5.5.4 CL 40574608
Content/__ExternalActors__/Canton/Provisional/Maps/L_Canton_WalledCity_PROVISIONAL/7/W0/PZE6SHAYKSQJFML75QP68P.uasset,a05d7925159f0f58be750e5d606a40fa5ac0b219ff33bf288e9df0f918c3d17a,4434,D_PROVISIONAL_ENGINEERING_ONLY,UE 5.5.4 CL 40574608
Content/__ExternalActors__/Canton/Provisional/Maps/L_Canton_WalledCity_PROVISIONAL/7/W2/2EBPSUKMYK5IBCJZIZI1UZ.uasset,1a2bcbde1781e436f034120d85ae607ab1fd12e8c851ea73b3375dd81f3b613d,4882,D_PROVISIONAL_ENGINEERING_ONLY,UE 5.5.4 CL 40574608
Content/__ExternalActors__/Canton/Provisional/Maps/L_Canton_WalledCity_PROVISIONAL/7/YB/VTLZ1SG2WVTK4D5FH2ERU5.uasset,2923714a6ed9376b543db0746f33c4f4acfd6412b543fac12eaa7dfe5bd9470f,4434,D_PROVISIONAL_ENGINEERING_ONLY,UE 5.5.4 CL 40574608
Content/__ExternalActors__/Canton/Provisional/Maps/L_Canton_WalledCity_PROVISIONAL/7/ZO/CJI9OQXZP883I992GDVADB.uasset,b752779f6122065327d49f2198ba8861bbf9da81e83179300981a272a6e4f127,4432,D_PROVISIONAL_ENGINEERING_ONLY,UE 5.5.4 CL 40574608
Content/__ExternalActors__/Canton/Provisional/Maps/L_Canton_WalledCity_PROVISIONAL/8/0B/Y364CRKK5JSV6EXTE03G96.uasset,677a76d490b857e7972ac740eaac463e65edc431bb68c6138359ede433d69e24,4434,D_PROVISIONAL_ENGINEERING_ONLY,UE 5.5.4 CL 40574608
Content/__ExternalActors__/Canton/Provisional/Maps/L_Canton_WalledCity_PROVISIONAL/8/0H/MFS1JABNWI28ISL30O3IKW.uasset,49ce0124eb18e672b3c644626a96d43ac1a8f8160f0cddce5cf51e303ee1e443,4858,D_PROVISIONAL_ENGINEERING_ONLY,UE 5.5.4 CL 40574608
Content/__ExternalActors__/Canton/Provisional/Maps/L_Canton_WalledCity_PROVISIONAL/8/1V/VLLQ5E41G76KR2II1ZUKON.uasset,b947828632709a2395cf13755fda389fba0b5ca3ed58d1cdd0ae78fb9194e9f4,4434,D_PROVISIONAL_ENGINEERING_ONLY,UE 5.5.4 CL 40574608
Content/__ExternalActors__/Canton/Provisional/Maps/L_Canton_WalledCity_PROVISIONAL/8/49/6G4KKGE9DBWBN0I3D2OYJI.uasset,452b673819cdd4e56d0e13e5a2460c48d4330ca9b4f0f4003153b45c01e0827f,4804,D_PROVISIONAL_ENGINEERING_ONLY,UE 5.5.4 CL 40574608
Content/__ExternalActors__/Canton/Provisional/Maps/L_Canton_WalledCity_PROVISIONAL/8/6L/B9NA8PR4GAN4JW8HRSJ0FH.uasset,e78c3848e2bed16b9b61131146ddd74e9b8efc5a1d5db2e91f3853820876d9cc,4307,D_PROVISIONAL_ENGINEERING_ONLY,UE 5.5.4 CL 40574608
Content/__ExternalActors__/Canton/Provisional/Maps/L_Canton_WalledCity_PROVISIONAL/8/7K/NAK52UX50O8TCK42HAESET.uasset,8a540e7e4a965f6fb0975e24c3ca66a8f7dbe3259b278cd6539191a8df9b9d0d,4434,D_PROVISIONAL_ENGINEERING_ONLY,UE 5.5.4 CL 40574608
Content/__ExternalActors__/Canton/Provisional/Maps/L_Canton_WalledCity_PROVISIONAL/8/7U/CJWKKRMLAFMUP9WIIJPW5Y.uasset,2b55f178d93848ad33b0855e4958d127fd94fb8b723045d366caea2e34cf6424,4432,D_PROVISIONAL_ENGINEERING_ONLY,UE 5.5.4 CL 40574608
Content/__ExternalActors__/Canton/Provisional/Maps/L_Canton_WalledCity_PROVISIONAL/8/7W/R60P6ARRX6VBNNYC05VYQ6.uasset,ebabe646c3b0f45c31ce69c965771afd1117c6eb1d002c8500126870ce992960,4804,D_PROVISIONAL_ENGINEERING_ONLY,UE 5.5.4 CL 40574608
Content/__ExternalActors__/Canton/Provisional/Maps/L_Canton_WalledCity_PROVISIONAL/8/A7/QS2FBJ0UKUV3956R82TEM0.uasset,fdbba5d7c843de72e0ad11e4d3d2dbad467a627660f9fc07365e461d8d1567cd,4434,D_PROVISIONAL_ENGINEERING_ONLY,UE 5.5.4 CL 40574608
Content/__ExternalActors__/Canton/Provisional/Maps/L_Canton_WalledCity_PROVISIONAL/8/A7/TQ5NMND98DNUSH471MK54O.uasset,22fd4a93f760afe9b174f2e265ed3810ceec2bbb276a910c457b1f8105beacd0,4434,D_PROVISIONAL_ENGINEERING_ONLY,UE 5.5.4 CL 40574608
Content/__ExternalActors__/Canton/Provisional/Maps/L_Canton_WalledCity_PROVISIONAL/8/B6/GZNSAP4EW8N6FGO1915VAS.uasset,17c30cbb4a75d06bb555e4ad0309d4a8a37114f533c2ab9a0b17482b7cafb773,4432,D_PROVISIONAL_ENGINEERING_ONLY,UE 5.5.4 CL 40574608
Content/__ExternalActors__/Canton/Provisional/Maps/L_Canton_WalledCity_PROVISIONAL/8/EB/8T2PHF4WYODYC35QYMIOR3.uasset,84909479c5cc43bf5f50dfa3c9459dec0ab703fbffaabcc235b2f4adc01d7e02,1255796,D_PROVISIONAL_ENGINEERING_ONLY,UE 5.5.4 CL 40574608
Content/__ExternalActors__/Canton/Provisional/Maps/L_Canton_WalledCity_PROVISIONAL/8/ER/XGDGBGQBHE5KYACXA90Q4H.uasset,469be3542a846a154476d3da2e99de1d6f1e29636a4662b006cfdc42b6bc69d3,4687,D_PROVISIONAL_ENGINEERING_ONLY,UE 5.5.4 CL 40574608
Content/__ExternalActors__/Canton/Provisional/Maps/L_Canton_WalledCity_PROVISIONAL/8/EX/KJ5L0FBWDUEH639W8MOKX9.uasset,acf767468a994274bdff415e5d7fd7c5cb3862b3935a0b5b757db381c527eb0c,4432,D_PROVISIONAL_ENGINEERING_ONLY,UE 5.5.4 CL 40574608
Content/__ExternalActors__/Canton/Provisional/Maps/L_Canton_WalledCity_PROVISIONAL/8/I2/O0F3JT82AXUOEX23UMOU0M.uasset,22eb6caf1884626776414332fb9b0448c703600db29fd339cb48705a97880c78,4892,D_PROVISIONAL_ENGINEERING_ONLY,UE 5.5.4 CL 40574608
Content/__ExternalActors__/Canton/Provisional/Maps/L_Canton_WalledCity_PROVISIONAL/8/I7/J1L9O7Y3LU90SRXT32ONK2.uasset,75b66fe3fd9a0414c72e17ed6fa065b6fb4b28390424f81ec5d72e9b6b45ce8d,1319352,D_PROVISIONAL_ENGINEERING_ONLY,UE 5.5.4 CL 40574608
Content/__ExternalActors__/Canton/Provisional/Maps/L_Canton_WalledCity_PROVISIONAL/8/ID/CYXN4746MIQ3AYURESLKHB.uasset,5a263a55e1f02714197a3c3bf2a5d7448251e022153672a69c13dc0e9ac2b17a,4434,D_PROVISIONAL_ENGINEERING_ONLY,UE 5.5.4 CL 40574608
Content/__ExternalActors__/Canton/Provisional/Maps/L_Canton_WalledCity_PROVISIONAL/8/IH/GR1SJUW67NLPRPZSFDWJFX.uasset,79438285a0d4bfd230f17054c0dd27bbb121db10eb02aed09687cf1d0eb6bc0e,4432,D_PROVISIONAL_ENGINEERING_ONLY,UE 5.5.4 CL 40574608
Content/__ExternalActors__/Canton/Provisional/Maps/L_Canton_WalledCity_PROVISIONAL/8/ND/5Y26LOJZFL4BL77RVKFMFI.uasset,f4e7360a5af1d593540da37d5fedae62c04551dcdb9f4256a11296335904a1ce,4432,D_PROVISIONAL_ENGINEERING_ONLY,UE 5.5.4 CL 40574608
Content/__ExternalActors__/Canton/Provisional/Maps/L_Canton_WalledCity_PROVISIONAL/8/NR/7YRD7G60W3JTQWBOE702L7.uasset,102e5e6bcafc7586acc0f446aba9af1374c90b02bf624a614372c9634eae6cb1,4434,D_PROVISIONAL_ENGINEERING_ONLY,UE 5.5.4 CL 40574608
Content/__ExternalActors__/Canton/Provisional/Maps/L_Canton_WalledCity_PROVISIONAL/8/NT/RQOGRG2IO7HKH66Y8FT8Y5.uasset,e8985624253ac414120909f5a59ae2e3ee8ad5240da48a201601c464da76d6c4,4432,D_PROVISIONAL_ENGINEERING_ONLY,UE 5.5.4 CL 40574608
Content/__ExternalActors__/Canton/Provisional/Maps/L_Canton_WalledCity_PROVISIONAL/8/O4/NGRN8P390UGUY0ORRWI8BP.uasset,a26dc3614491875244722fe9d5112352d9e873c754b2bd4552c09efa9ea3157b,4814,D_PROVISIONAL_ENGINEERING_ONLY,UE 5.5.4 CL 40574608
Content/__ExternalActors__/Canton/Provisional/Maps/L_Canton_WalledCity_PROVISIONAL/8/OQ/2X9ZYNAHO7GR594S2OE9VL.uasset,5b4eafe6e287492229e9a89c083d9cbef3a1a3de295716696ea3664c3df28d7f,4432,D_PROVISIONAL_ENGINEERING_ONLY,UE 5.5.4 CL 40574608
Content/__ExternalActors__/Canton/Provisional/Maps/L_Canton_WalledCity_PROVISIONAL/8/TR/73XE80RO40QWIVD4OHNMUV.uasset,324d3444c3ba3522c811f0627ffa713e9eb9769dc518ee81e3f653977e195297,4434,D_PROVISIONAL_ENGINEERING_ONLY,UE 5.5.4 CL 40574608
Content/__ExternalActors__/Canton/Provisional/Maps/L_Canton_WalledCity_PROVISIONAL/8/UQ/6ZVTBBMLPANWE2WYN1QCTB.uasset,31bfcee863f502336ba940bf2defee149365ef84ef9cc7a5e4fc39003c0b7a8a,4434,D_PROVISIONAL_ENGINEERING_ONLY,UE 5.5.4 CL 40574608
Content/__ExternalActors__/Canton/Provisional/Maps/L_Canton_WalledCity_PROVISIONAL/8/X2/R92V14591358SZ6TKC8WLN.uasset,00b694405d87ced9df26d0d65fad8115125bd98a2ded10cfdd149366e6762f40,4824,D_PROVISIONAL_ENGINEERING_ONLY,UE 5.5.4 CL 40574608
Content/__ExternalActors__/Canton/Provisional/Maps/L_Canton_WalledCity_PROVISIONAL/8/YM/7Y2VRFFWAO3RI7IM2PNJW7.uasset,f9fccd52be45286928da7412fec796f3ad38667ae817c0da637fa1fe5d1bf37b,4434,D_PROVISIONAL_ENGINEERING_ONLY,UE 5.5.4 CL 40574608
Content/__ExternalActors__/Canton/Provisional/Maps/L_Canton_WalledCity_PROVISIONAL/8/ZN/N6JF3NJEC1M83OZA7JLPOO.uasset,9b2a29ccd96506ca05340722471a4bec4663a93cf01af7664e0c11fe92518408,4790,D_PROVISIONAL_ENGINEERING_ONLY,UE 5.5.4 CL 40574608
Content/__ExternalActors__/Canton/Provisional/Maps/L_Canton_WalledCity_PROVISIONAL/9/3D/MI07EQP74465Z33RVWWARQ.uasset,6820eb3761482084380d24e7b020ad636a1be824e3e129b16b7db622e06b1acd,4436,D_PROVISIONAL_ENGINEERING_ONLY,UE 5.5.4 CL 40574608
Content/__ExternalActors__/Canton/Provisional/Maps/L_Canton_WalledCity_PROVISIONAL/9/46/IJA1ODBVFVWCNVBP99VFR1.uasset,75b9819fa46364e2fb7cda327cf80fe100103f5e5918e4b34bebe6dde0ec6141,4814,D_PROVISIONAL_ENGINEERING_ONLY,UE 5.5.4 CL 40574608
Content/__ExternalActors__/Canton/Provisional/Maps/L_Canton_WalledCity_PROVISIONAL/9/4X/1NNPSOKF90MJXLC5I1GDXS.uasset,2a22d8309a0fc0399e6d33548d6998a9687e09895f0af038961ef8dee038cecb,4804,D_PROVISIONAL_ENGINEERING_ONLY,UE 5.5.4 CL 40574608
Content/__ExternalActors__/Canton/Provisional/Maps/L_Canton_WalledCity_PROVISIONAL/9/54/RDNA9WG0L3E2GAJDNS0868.uasset,2767b1f26902b6886502a0631befcf26dea7f069c5d26523ab1b6e3be9f476dc,4434,D_PROVISIONAL_ENGINEERING_ONLY,UE 5.5.4 CL 40574608
Content/__ExternalActors__/Canton/Provisional/Maps/L_Canton_WalledCity_PROVISIONAL/9/5I/5B0KQV5S9Q7VH8NM9VNWWQ.uasset,28671479c4be571594888eb6c9b18840b106dbf4697b5b6ebf1835e631962d5c,4434,D_PROVISIONAL_ENGINEERING_ONLY,UE 5.5.4 CL 40574608
Content/__ExternalActors__/Canton/Provisional/Maps/L_Canton_WalledCity_PROVISIONAL/9/66/47Q01P540UDJCMIUE6RZQA.uasset,10f00b89ad3223a409a8be3df93f94ceebc5e2d059123e298a24210cfb47c7f8,4434,D_PROVISIONAL_ENGINEERING_ONLY,UE 5.5.4 CL 40574608
Content/__ExternalActors__/Canton/Provisional/Maps/L_Canton_WalledCity_PROVISIONAL/9/6D/AECRFBBKHCQ4JPD3X6057Q.uasset,a901b65279d41fdc0033ef0d08c5d167dfac3303365735f1aa29895d3415c6a3,4434,D_PROVISIONAL_ENGINEERING_ONLY,UE 5.5.4 CL 40574608
Content/__ExternalActors__/Canton/Provisional/Maps/L_Canton_WalledCity_PROVISIONAL/9/6H/8FLLTI83M7TX5AHDL7A3O7.uasset,6842b94bfec80f9b3485b28aba4790ae3b1646bd95b0860ce4f718626548687f,4434,D_PROVISIONAL_ENGINEERING_ONLY,UE 5.5.4 CL 40574608
Content/__ExternalActors__/Canton/Provisional/Maps/L_Canton_WalledCity_PROVISIONAL/9/8H/QJG4QTEPPVHIWZB26CS34U.uasset,fb11ef5da70020a079150df857e9a1664a317f2efe258403fa6d9aeeb4c8ccd1,4432,D_PROVISIONAL_ENGINEERING_ONLY,UE 5.5.4 CL 40574608
Content/__ExternalActors__/Canton/Provisional/Maps/L_Canton_WalledCity_PROVISIONAL/9/8Z/7CDAGH2IMVC5AC18V4MZVN.uasset,71e86a468492f0c4249a7724fb4382cd755fc22072618fb0b4e42719a0ca5db7,4434,D_PROVISIONAL_ENGINEERING_ONLY,UE 5.5.4 CL 40574608
Content/__ExternalActors__/Canton/Provisional/Maps/L_Canton_WalledCity_PROVISIONAL/9/99/1A8NRB0604S0CG9YDNMKB5.uasset,c62e5d1d7c7dd66a76e7b47441538a5d9b0303928d463d8f6519fbb737495d67,4824,D_PROVISIONAL_ENGINEERING_ONLY,UE 5.5.4 CL 40574608
Content/__ExternalActors__/Canton/Provisional/Maps/L_Canton_WalledCity_PROVISIONAL/9/9C/ID7WL97PWYJ2LZYNLJ1G0G.uasset,ea23fea692f35b739fde1809e47938852c6dd5b082d7e16f55648924aeb9de77,4434,D_PROVISIONAL_ENGINEERING_ONLY,UE 5.5.4 CL 40574608
Content/__ExternalActors__/Canton/Provisional/Maps/L_Canton_WalledCity_PROVISIONAL/9/9Y/F136LY10QAF9SPTGM5HO15.uasset,567450d72b283781209a627573f220a4c78846d4ada9edf5cb0fc044763504e9,4434,D_PROVISIONAL_ENGINEERING_ONLY,UE 5.5.4 CL 40574608
Content/__ExternalActors__/Canton/Provisional/Maps/L_Canton_WalledCity_PROVISIONAL/9/B1/PXTUZP5G9HXCFYJSI2CY88.uasset,df944a26b7735ee4ff228cebd72b86f9358ed251384ac6558d4cba730d7fbb31,4804,D_PROVISIONAL_ENGINEERING_ONLY,UE 5.5.4 CL 40574608
Content/__ExternalActors__/Canton/Provisional/Maps/L_Canton_WalledCity_PROVISIONAL/9/BQ/JAUI8FTC21ZO81P6F3PCT6.uasset,a3341be576ff7136501d183f83c2a12194214f50dff837a95495c0ed15667b32,4434,D_PROVISIONAL_ENGINEERING_ONLY,UE 5.5.4 CL 40574608
Content/__ExternalActors__/Canton/Provisional/Maps/L_Canton_WalledCity_PROVISIONAL/9/BZ/YLWIZR3S27VYTHDYVDQOGK.uasset,7eb1b95a555a55733478cd414e12c31d9dd8b0af4fca0a8d16850174a2047ef7,4434,D_PROVISIONAL_ENGINEERING_ONLY,UE 5.5.4 CL 40574608
Content/__ExternalActors__/Canton/Provisional/Maps/L_Canton_WalledCity_PROVISIONAL/9/CH/K9SKCVVO3E9MO1YHQNZVZV.uasset,9455b9c6999870b18a3b47dea57fdae469d0eec79faadef0f12076c6508127f7,4434,D_PROVISIONAL_ENGINEERING_ONLY,UE 5.5.4 CL 40574608
Content/__ExternalActors__/Canton/Provisional/Maps/L_Canton_WalledCity_PROVISIONAL/9/E4/D2TA6CSHOE05VJVKOV1MB5.uasset,d999eead122c41b43d45b67522984f84f6b0b94303bfb26bbf8df1a1eb451689,4858,D_PROVISIONAL_ENGINEERING_ONLY,UE 5.5.4 CL 40574608
Content/__ExternalActors__/Canton/Provisional/Maps/L_Canton_WalledCity_PROVISIONAL/9/EC/U2SWROSCA2H1CE6MFFNQHZ.uasset,bffbe38727ec53aef85a8ba5ac6fef1150a3df530c4294cdabfad03d9f368961,4687,D_PROVISIONAL_ENGINEERING_ONLY,UE 5.5.4 CL 40574608
Content/__ExternalActors__/Canton/Provisional/Maps/L_Canton_WalledCity_PROVISIONAL/9/EP/OIJGHN3AWPYVM1KK3UUA28.uasset,6d881244ca49d0c596308758e31a7ed6cebd4f1dc3553d980fbf0521c88abfc0,4434,D_PROVISIONAL_ENGINEERING_ONLY,UE 5.5.4 CL 40574608
Content/__ExternalActors__/Canton/Provisional/Maps/L_Canton_WalledCity_PROVISIONAL/9/IA/051S7A5VQV58CF5L5A2310.uasset,492e280a7c5656a6bc7a99599953a510924afcfb38aff257e27d5e54a98bd629,4434,D_PROVISIONAL_ENGINEERING_ONLY,UE 5.5.4 CL 40574608
Content/__ExternalActors__/Canton/Provisional/Maps/L_Canton_WalledCity_PROVISIONAL/9/IC/PWKUPH33XCOYWLW1VAO4FF.uasset,e629b9834941f43c074bc716cf79af8585ffff56bf8c9bab2ced5afc3734702e,4434,D_PROVISIONAL_ENGINEERING_ONLY,UE 5.5.4 CL 40574608
Content/__ExternalActors__/Canton/Provisional/Maps/L_Canton_WalledCity_PROVISIONAL/9/IY/KTDS6Y0ECVECTTKAK5TE63.uasset,d41a064e5c6a551e72fd844ab94b21adfd0ddd81421d7454827731664793f2cc,4432,D_PROVISIONAL_ENGINEERING_ONLY,UE 5.5.4 CL 40574608
Content/__ExternalActors__/Canton/Provisional/Maps/L_Canton_WalledCity_PROVISIONAL/9/MA/RF3TD89OBFP36AFA7HQGAK.uasset,45a5e73b1e314e0fbb688d49023cab4469a684df1f5480ab518188e5bea5f40e,4824,D_PROVISIONAL_ENGINEERING_ONLY,UE 5.5.4 CL 40574608
Content/__ExternalActors__/Canton/Provisional/Maps/L_Canton_WalledCity_PROVISIONAL/9/MP/5UPT6ZPMLVBY7YYZ7RKWYM.uasset,b55323617481055df5265d82eff81183049f7a5bf390a9311295b0108fec7031,4432,D_PROVISIONAL_ENGINEERING_ONLY,UE 5.5.4 CL 40574608
Content/__ExternalActors__/Canton/Provisional/Maps/L_Canton_WalledCity_PROVISIONAL/9/NZ/BON6CUGTFGR16G24FGKE5F.uasset,6b579fdd60c69473e4da5b467808955aed1cdc30e04f30bb9bee7c4a93bd4af9,4434,D_PROVISIONAL_ENGINEERING_ONLY,UE 5.5.4 CL 40574608
Content/__ExternalActors__/Canton/Provisional/Maps/L_Canton_WalledCity_PROVISIONAL/9/NZ/IL3AM17ECEFZJ5816DX2BB.uasset,d4de1969b5e99cae4b9b32c4af1ca408c67acbdca2bc3c03f7504567115c4b24,4432,D_PROVISIONAL_ENGINEERING_ONLY,UE 5.5.4 CL 40574608
Content/__ExternalActors__/Canton/Provisional/Maps/L_Canton_WalledCity_PROVISIONAL/9/OK/OJACFUXBVU3ARMQTVF6DIO.uasset,b1d6fb357b6af623f8ddfb3be97bd198b4e940e22d5e37503b320e661901da1f,6681,D_PROVISIONAL_ENGINEERING_ONLY,UE 5.5.4 CL 40574608
Content/__ExternalActors__/Canton/Provisional/Maps/L_Canton_WalledCity_PROVISIONAL/9/QG/8CKPXTYIS314JRHTAGFEOR.uasset,772995c2cc44769802f6238404dfb67c89a4bccac8a740ccef0c0bfc77766249,4432,D_PROVISIONAL_ENGINEERING_ONLY,UE 5.5.4 CL 40574608
Content/__ExternalActors__/Canton/Provisional/Maps/L_Canton_WalledCity_PROVISIONAL/9/T4/O1XQQ4GWZG2UTE8E53Q65R.uasset,528312d0abd8b09175f542940d1dad24aacabc32ba894d7a836a27d3f2aec3a4,4434,D_PROVISIONAL_ENGINEERING_ONLY,UE 5.5.4 CL 40574608
Content/__ExternalActors__/Canton/Provisional/Maps/L_Canton_WalledCity_PROVISIONAL/9/T5/K7LVT5KE0CA557EIXJSQSW.uasset,b61873b8cdf08ed5191d4c3a72b016ba81699dd605dd8c039c0e792d3eb5746f,4434,D_PROVISIONAL_ENGINEERING_ONLY,UE 5.5.4 CL 40574608
Content/__ExternalActors__/Canton/Provisional/Maps/L_Canton_WalledCity_PROVISIONAL/9/Y9/EUHEZ66RT07MHFD0OBZBAO.uasset,90072e90dbe5ae351576fb57e7e3c1ccea891f604de53ba2825546ce4c416ef7,4434,D_PROVISIONAL_ENGINEERING_ONLY,UE 5.5.4 CL 40574608
Content/__ExternalActors__/Canton/Provisional/Maps/L_Canton_WalledCity_PROVISIONAL/9/YS/C099TUU7AUFYT1561ZH26W.uasset,56a985e8a6ecf1eec13870b909d7f6e294d221d68821b8555d642964fe57ed4a,4434,D_PROVISIONAL_ENGINEERING_ONLY,UE 5.5.4 CL 40574608
Content/__ExternalActors__/Canton/Provisional/Maps/L_Canton_WalledCity_PROVISIONAL/A/07/UML8CPO5WHGG672AHZRIVP.uasset,5c21f631812c1d1c87355539715510d639be57412ab82a5870c10b016635bbb6,4432,D_PROVISIONAL_ENGINEERING_ONLY,UE 5.5.4 CL 40574608
Content/__ExternalActors__/Canton/Provisional/Maps/L_Canton_WalledCity_PROVISIONAL/A/1M/I9WEI9USSPZ47VU43F1HJT.uasset,6e5260d20602557197e586ad65bf6dca2c86e603f82797a3204a0374a39f32c7,4434,D_PROVISIONAL_ENGINEERING_ONLY,UE 5.5.4 CL 40574608
Content/__ExternalActors__/Canton/Provisional/Maps/L_Canton_WalledCity_PROVISIONAL/A/1S/0MM583QCIFD2BEG14BK9GY.uasset,13f849afc72314117d15c90586f41ef76f23ae66e01e7e1843a71750908e921b,4432,D_PROVISIONAL_ENGINEERING_ONLY,UE 5.5.4 CL 40574608
Content/__ExternalActors__/Canton/Provisional/Maps/L_Canton_WalledCity_PROVISIONAL/A/2B/X7M5R9UM0Q6DW40GXYGJHA.uasset,ad53c2ad5fdbbbf0f4845e36b624571f9119333c4ced577a1391aaea9d3bb802,671356,D_PROVISIONAL_ENGINEERING_ONLY,UE 5.5.4 CL 40574608
Content/__ExternalActors__/Canton/Provisional/Maps/L_Canton_WalledCity_PROVISIONAL/A/2P/SFSG43NY4KRPSHLM4F6ZYI.uasset,4b739fddc43debbd34d20563fbd9fb066804c6b5614534a76dcccee59ba66f79,4432,D_PROVISIONAL_ENGINEERING_ONLY,UE 5.5.4 CL 40574608
Content/__ExternalActors__/Canton/Provisional/Maps/L_Canton_WalledCity_PROVISIONAL/A/3Q/51HFPGGBI0Q5WA3EY4T9UE.uasset,39364dd99c24df841789dc3efae6d7b127321fbec364ba9f8d62c156b6545e7b,4689,D_PROVISIONAL_ENGINEERING_ONLY,UE 5.5.4 CL 40574608
Content/__ExternalActors__/Canton/Provisional/Maps/L_Canton_WalledCity_PROVISIONAL/A/45/GYL18IG2J0LK48CD6ZXQK9.uasset,6899a83276634b42a8fb4c814df8da0ae102fb4bf4bf5ad53bff3d5c09e9d551,4841,D_PROVISIONAL_ENGINEERING_ONLY,UE 5.5.4 CL 40574608
Content/__ExternalActors__/Canton/Provisional/Maps/L_Canton_WalledCity_PROVISIONAL/A/69/21D579HWV0SPFPKIJEAQD9.uasset,197a2a40a39543dc04e2834ee7c52eacc8c1ef34b1867e71d57b49279e5d74bf,4434,D_PROVISIONAL_ENGINEERING_ONLY,UE 5.5.4 CL 40574608
Content/__ExternalActors__/Canton/Provisional/Maps/L_Canton_WalledCity_PROVISIONAL/A/6D/VEBAM1CTN2GBWBXV6X9ZR7.uasset,d49f69ce6f2a6fcafb510739c2d8a553cd2dbd6341efa29f04ef100457f14d20,4434,D_PROVISIONAL_ENGINEERING_ONLY,UE 5.5.4 CL 40574608
Content/__ExternalActors__/Canton/Provisional/Maps/L_Canton_WalledCity_PROVISIONAL/A/BE/403ZTLM62X0S4U2A1TH6WA.uasset,b26f94c5fe39384336bbeb7704b58eaaa1bb4287c03ad82eb80b6ab15ea93097,4432,D_PROVISIONAL_ENGINEERING_ONLY,UE 5.5.4 CL 40574608
Content/__ExternalActors__/Canton/Provisional/Maps/L_Canton_WalledCity_PROVISIONAL/A/CD/98UZF2BWN0JSQED4ETHZNW.uasset,41f9f1f9df1986c21886823e0da0e3eacd86788c44ab7ad82e1ffc5e39bfb892,4434,D_PROVISIONAL_ENGINEERING_ONLY,UE 5.5.4 CL 40574608
Content/__ExternalActors__/Canton/Provisional/Maps/L_Canton_WalledCity_PROVISIONAL/A/CV/ZY8P32D0OWHCSSBHO3CSVM.uasset,3f763b5382c867d26f287ff362e083df503f98d2626029e98a0e7cd62ad317e9,4892,D_PROVISIONAL_ENGINEERING_ONLY,UE 5.5.4 CL 40574608
Content/__ExternalActors__/Canton/Provisional/Maps/L_Canton_WalledCity_PROVISIONAL/A/DR/08DHOZLWNDS4920JY9KC8J.uasset,1bb749cd63d2c2d19abec27018f31c6d9fd5513a194a64b44a95885f21f5453c,4434,D_PROVISIONAL_ENGINEERING_ONLY,UE 5.5.4 CL 40574608
Content/__ExternalActors__/Canton/Provisional/Maps/L_Canton_WalledCity_PROVISIONAL/A/DU/U44Y23JB3SHZVYDG23QSMT.uasset,e379b8b4c8d66dc0ae32dea81b6ec34398880a87e55247970ccc42bb5407c2ea,4434,D_PROVISIONAL_ENGINEERING_ONLY,UE 5.5.4 CL 40574608
Content/__ExternalActors__/Canton/Provisional/Maps/L_Canton_WalledCity_PROVISIONAL/A/EF/XM8JGJT89O3N3L0QJB7VGT.uasset,416a551571d9e4da940223f76fa4ae855463f56397d1596db5718da826987836,4882,D_PROVISIONAL_ENGINEERING_ONLY,UE 5.5.4 CL 40574608
Content/__ExternalActors__/Canton/Provisional/Maps/L_Canton_WalledCity_PROVISIONAL/A/EH/3L4D2GM52KXDJDRJ9X3MI3.uasset,d9e3c8d898db67900815c97cdb32bc5630aa5ffdc9cf5020d3c060e8dd669830,13779,D_PROVISIONAL_ENGINEERING_ONLY,UE 5.5.4 CL 40574608
Content/__ExternalActors__/Canton/Provisional/Maps/L_Canton_WalledCity_PROVISIONAL/A/HG/BOGWCQJYOOUINL6EXQ88ZK.uasset,c4e466fefb21d7443e82c0027467a5acc7e80888302e482d7889f932d4677c05,4434,D_PROVISIONAL_ENGINEERING_ONLY,UE 5.5.4 CL 40574608
Content/__ExternalActors__/Canton/Provisional/Maps/L_Canton_WalledCity_PROVISIONAL/A/JX/7VOIPDGSEFHVOYEAAXLITR.uasset,745d731b60e6195754801f26b5bf9dbfb4e5606f294b5539cf2535b12c44a55e,4432,D_PROVISIONAL_ENGINEERING_ONLY,UE 5.5.4 CL 40574608
Content/__ExternalActors__/Canton/Provisional/Maps/L_Canton_WalledCity_PROVISIONAL/A/K5/3M3DLZ83L77MGH4HOGG5PY.uasset,a24b2a1d9720002817efa8d542e57359ad88996e7ccce4542561c4c3a21203fe,4892,D_PROVISIONAL_ENGINEERING_ONLY,UE 5.5.4 CL 40574608
Content/__ExternalActors__/Canton/Provisional/Maps/L_Canton_WalledCity_PROVISIONAL/A/KF/WQ1LJZBTK9IEC52UXRGL58.uasset,8b9f794b46ba21e1adce9695b597210608f2455ab31a1e9ff1136da1b39d4309,1303287,D_PROVISIONAL_ENGINEERING_ONLY,UE 5.5.4 CL 40574608
Content/__ExternalActors__/Canton/Provisional/Maps/L_Canton_WalledCity_PROVISIONAL/A/LU/OXWDXHEGLFPQHHAOUUAMQJ.uasset,99129e36a9e2d6d2862fe02eec5cfec5e08a1056012126897ca27d0af9f57f79,4432,D_PROVISIONAL_ENGINEERING_ONLY,UE 5.5.4 CL 40574608
Content/__ExternalActors__/Canton/Provisional/Maps/L_Canton_WalledCity_PROVISIONAL/A/M1/95CVEMM52SILEOOWF57M4D.uasset,5a3aaebedc82a391311c7273eeb8286c5e25259c512ac9842ccdd345517ac55d,4434,D_PROVISIONAL_ENGINEERING_ONLY,UE 5.5.4 CL 40574608
Content/__ExternalActors__/Canton/Provisional/Maps/L_Canton_WalledCity_PROVISIONAL/A/ML/8Y9WJTGRIRAYKVPILDP008.uasset,789371374f403ec93a17237fcafdf1b0103aeb22cf81b877b1a4e4dfba498235,4434,D_PROVISIONAL_ENGINEERING_ONLY,UE 5.5.4 CL 40574608
Content/__ExternalActors__/Canton/Provisional/Maps/L_Canton_WalledCity_PROVISIONAL/A/NU/O4PDDHUBTSY2LGU4Z81V13.uasset,065499f535b42cae3b2ab8c23601992818755e8b4f2e342198e75c8c8308e708,4814,D_PROVISIONAL_ENGINEERING_ONLY,UE 5.5.4 CL 40574608
Content/__ExternalActors__/Canton/Provisional/Maps/L_Canton_WalledCity_PROVISIONAL/A/RR/81C8WS67CU1UYJ6CK1PICN.uasset,909b9a8755fb7a3fb6618f443063c64c6c56f2b7db6d46dabe037facc8597b3a,4434,D_PROVISIONAL_ENGINEERING_ONLY,UE 5.5.4 CL 40574608
Content/__ExternalActors__/Canton/Provisional/Maps/L_Canton_WalledCity_PROVISIONAL/A/UM/1FL1W7BXKL6B78BCJBCGTL.uasset,17e21d5f83a1547225a53e8677d9a657255a11f1b53ab250f35d214eb4143aed,4432,D_PROVISIONAL_ENGINEERING_ONLY,UE 5.5.4 CL 40574608
Content/__ExternalActors__/Canton/Provisional/Maps/L_Canton_WalledCity_PROVISIONAL/A/UV/5NX0UXLYWWKDEPD4GRZLSO.uasset,2825ef9b866482cecbcb38bf5a2f8f962717924c69a2ad5419eb73464b95620c,4687,D_PROVISIONAL_ENGINEERING_ONLY,UE 5.5.4 CL 40574608
Content/__ExternalActors__/Canton/Provisional/Maps/L_Canton_WalledCity_PROVISIONAL/A/VC/GXO4DGG6PADLB94S6AU685.uasset,38f1d734a05d2bcec6a3ea824aa8c15668d5917a5944b1f577bddc234bf2594a,4434,D_PROVISIONAL_ENGINEERING_ONLY,UE 5.5.4 CL 40574608
Content/__ExternalActors__/Canton/Provisional/Maps/L_Canton_WalledCity_PROVISIONAL/A/VD/OSHHAFKVWK1FB74TAMUPP0.uasset,ca09769164ca0965836bc3892cfb5598faab5b01c3832a99abb20335c399f7b0,4432,D_PROVISIONAL_ENGINEERING_ONLY,UE 5.5.4 CL 40574608
Content/__ExternalActors__/Canton/Provisional/Maps/L_Canton_WalledCity_PROVISIONAL/A/VX/0WSIE3XB3SMRHTASTAYEUA.uasset,1df943562cde8c7c07f3c4465ae98c23c5feb312b7657f429b69bd3ac465ebed,4434,D_PROVISIONAL_ENGINEERING_ONLY,UE 5.5.4 CL 40574608
Content/__ExternalActors__/Canton/Provisional/Maps/L_Canton_WalledCity_PROVISIONAL/A/X6/2SGTRHX3E3M6H5KDLOFFC0.uasset,5b02c81d0a52d57176201800e7270ed6b592c676ee92ff832be15090aea7e6c5,4434,D_PROVISIONAL_ENGINEERING_ONLY,UE 5.5.4 CL 40574608
Content/__ExternalActors__/Canton/Provisional/Maps/L_Canton_WalledCity_PROVISIONAL/A/X7/MDU2NR9RYSBQ8KIC8NRXY1.uasset,8cd3260ac901c6c3f9fbdff8860e7c5e1b80e763e9afecafb7367c4ea6657079,4434,D_PROVISIONAL_ENGINEERING_ONLY,UE 5.5.4 CL 40574608
Content/__ExternalActors__/Canton/Provisional/Maps/L_Canton_WalledCity_PROVISIONAL/A/XY/IE4UH9MSYOD90EQIR777QJ.uasset,5abb2d73b8af19b835d3a3d54ec6bb72e949e1ad0fb9e199262d0544c628a625,4434,D_PROVISIONAL_ENGINEERING_ONLY,UE 5.5.4 CL 40574608
Content/__ExternalActors__/Canton/Provisional/Maps/L_Canton_WalledCity_PROVISIONAL/A/YH/963602O73VV1UESVT3IPDP.uasset,28ae14a5b05f73f4819aae16798849538e2c8707f0efa68d2913749e205cba11,4892,D_PROVISIONAL_ENGINEERING_ONLY,UE 5.5.4 CL 40574608
Content/__ExternalActors__/Canton/Provisional/Maps/L_Canton_WalledCity_PROVISIONAL/A/YW/0MXR9H5M51O4AA3WSKL8BG.uasset,f36039fd204a920575f2e7a372d14ef46322cce057636b314a7dc4fa562737c6,4434,D_PROVISIONAL_ENGINEERING_ONLY,UE 5.5.4 CL 40574608
Content/__ExternalActors__/Canton/Provisional/Maps/L_Canton_WalledCity_PROVISIONAL/B/09/VDWE7HL1V2T8C2X666XIG9.uasset,2b1f2ce7e8a52f4fcef672ec99dce34a2059dfb3625d35507c85171bc47d8db5,4841,D_PROVISIONAL_ENGINEERING_ONLY,UE 5.5.4 CL 40574608
Content/__ExternalActors__/Canton/Provisional/Maps/L_Canton_WalledCity_PROVISIONAL/B/0J/VMP2Z4G1TZV6IBYLIC5DP0.uasset,d455c2b65930b78063adf312e3218e63c854da0f3ed85de1020f3c394d97d338,4432,D_PROVISIONAL_ENGINEERING_ONLY,UE 5.5.4 CL 40574608
Content/__ExternalActors__/Canton/Provisional/Maps/L_Canton_WalledCity_PROVISIONAL/B/1M/AIWHWHHVZ8790U5ED048H6.uasset,3ad22d056323757fdc5f4db79413babb4dbcdd1d1fe14fb193ca1c20a4ead001,4434,D_PROVISIONAL_ENGINEERING_ONLY,UE 5.5.4 CL 40574608
Content/__ExternalActors__/Canton/Provisional/Maps/L_Canton_WalledCity_PROVISIONAL/B/2C/6GK8H8RGDK2TOKZI41GHKC.uasset,9ae840b32dc7dccffdd500b77eeb5544f91c5fa54eba5e7ae9b8ca8cb969118e,4858,D_PROVISIONAL_ENGINEERING_ONLY,UE 5.5.4 CL 40574608
Content/__ExternalActors__/Canton/Provisional/Maps/L_Canton_WalledCity_PROVISIONAL/B/3P/O66A7BKMD61H3KV0DXE24Y.uasset,3f490e849d15000e345ffd6fadd7930009cabffb68ed7d549fa1a73a688b65d6,4432,D_PROVISIONAL_ENGINEERING_ONLY,UE 5.5.4 CL 40574608
Content/__ExternalActors__/Canton/Provisional/Maps/L_Canton_WalledCity_PROVISIONAL/B/3U/Y7BXJBP1AH6OLN26LKSHWG.uasset,0255a8aab86957dfaa988cb2cbafdbd110e01e3327a8d9d7fe71453177ca60f6,4432,D_PROVISIONAL_ENGINEERING_ONLY,UE 5.5.4 CL 40574608
Content/__ExternalActors__/Canton/Provisional/Maps/L_Canton_WalledCity_PROVISIONAL/B/4E/25GAS4W9WJK408W9PH3V89.uasset,373f24f840f23168ee0a684555fea4d8e372eea1dcb838e4b66c9dc75af9584c,4462,D_PROVISIONAL_ENGINEERING_ONLY,UE 5.5.4 CL 40574608
Content/__ExternalActors__/Canton/Provisional/Maps/L_Canton_WalledCity_PROVISIONAL/B/59/PLNUJIM8RWN86XVISJ0O03.uasset,578c3ec69828d31b3389eb553d29856861ad0a2ab4ddfb5d8d3d5b5da91edfbb,4432,D_PROVISIONAL_ENGINEERING_ONLY,UE 5.5.4 CL 40574608
Content/__ExternalActors__/Canton/Provisional/Maps/L_Canton_WalledCity_PROVISIONAL/B/6P/Z3PKKODYNLTONTHY4HIMTS.uasset,ae34d5995de17b2999ec7ffafa1dcb723b55c0a086414b9220613d7ff35f3a4e,4432,D_PROVISIONAL_ENGINEERING_ONLY,UE 5.5.4 CL 40574608
Content/__ExternalActors__/Canton/Provisional/Maps/L_Canton_WalledCity_PROVISIONAL/B/9V/HQPCS3U2Y7I45SI8W5DLOP.uasset,398cebf9ced527e955cd5ec2f9359a9c79cff4e019432c6c63cfa16766d06f64,4434,D_PROVISIONAL_ENGINEERING_ONLY,UE 5.5.4 CL 40574608
Content/__ExternalActors__/Canton/Provisional/Maps/L_Canton_WalledCity_PROVISIONAL/B/AQ/XC5P84SHHE51VYPMXPJ90D.uasset,efc1a45cc8b0d02655dcf7931e13d355b7fa9f3ac17610a9c77e786c08fbf7d2,2283,D_PROVISIONAL_ENGINEERING_ONLY,UE 5.5.4 CL 40574608
Content/__ExternalActors__/Canton/Provisional/Maps/L_Canton_WalledCity_PROVISIONAL/B/FU/YXNIXDUU2EZ1PX38Q00R3E.uasset,8e48ab62a1ee20bd105b409e429a780c385bd513384e73b27d0cbbeab8a87d78,4841,D_PROVISIONAL_ENGINEERING_ONLY,UE 5.5.4 CL 40574608
Content/__ExternalActors__/Canton/Provisional/Maps/L_Canton_WalledCity_PROVISIONAL/B/G2/ZYKYK3LY7T52XK9NF7FR6Y.uasset,fa21d84ed5550bfb04ade7e50c2f2fb9139e5aff6560614810a594515128dfb1,4806,D_PROVISIONAL_ENGINEERING_ONLY,UE 5.5.4 CL 40574608
Content/__ExternalActors__/Canton/Provisional/Maps/L_Canton_WalledCity_PROVISIONAL/B/I6/0ZMTRJMWDQSAIEBR0S1ILB.uasset,f37b3a72ee284439e6d8ec24a81b8b82395f454d7c2fdf63ad476d579d9be1ba,4434,D_PROVISIONAL_ENGINEERING_ONLY,UE 5.5.4 CL 40574608
Content/__ExternalActors__/Canton/Provisional/Maps/L_Canton_WalledCity_PROVISIONAL/B/MQ/ZRKR76PFOV6CS5G5UT1YGJ.uasset,cf4a733818710e6f0b21ef4a587b738f3db27eda60367ec79e37acd9e11e2ce8,4434,D_PROVISIONAL_ENGINEERING_ONLY,UE 5.5.4 CL 40574608
Content/__ExternalActors__/Canton/Provisional/Maps/L_Canton_WalledCity_PROVISIONAL/B/O2/H0TI02ADWIBXL0DOYQC8M6.uasset,c9a8fb55e54faebbbd5a1ac34be1bdd0568d1d1c30da856243e218730db67915,4882,D_PROVISIONAL_ENGINEERING_ONLY,UE 5.5.4 CL 40574608
Content/__ExternalActors__/Canton/Provisional/Maps/L_Canton_WalledCity_PROVISIONAL/B/O7/DC252UPD0D3J9ARL54F0J4.uasset,ce9c541ad312487dfb2636dcd16c75030f15625a1036833dd6a4a691afd1d2df,4432,D_PROVISIONAL_ENGINEERING_ONLY,UE 5.5.4 CL 40574608
Content/__ExternalActors__/Canton/Provisional/Maps/L_Canton_WalledCity_PROVISIONAL/B/OV/VG517SOVW2ZAY0PA0EM2M4.uasset,d87585ba29088a41c7a1bedf67a97b8b0cdc86f7ccd614c9cd76a4e850bd6be7,4432,D_PROVISIONAL_ENGINEERING_ONLY,UE 5.5.4 CL 40574608
Content/__ExternalActors__/Canton/Provisional/Maps/L_Canton_WalledCity_PROVISIONAL/B/T8/QQ01HFO6BLNVAD9FQMXACV.uasset,65439cb194f112ba2bb0e6411c5b031ef2816f43cd626efa5deb7b16d3a0c31b,4432,D_PROVISIONAL_ENGINEERING_ONLY,UE 5.5.4 CL 40574608
Content/__ExternalActors__/Canton/Provisional/Maps/L_Canton_WalledCity_PROVISIONAL/B/TJ/MKQQI3ESM79Y9M0E2WX7O0.uasset,c7574ec76ae9850ab0c6b3a1433beed793af0bee241b0a9ac585ebf2c76b9a51,4432,D_PROVISIONAL_ENGINEERING_ONLY,UE 5.5.4 CL 40574608
Content/__ExternalActors__/Canton/Provisional/Maps/L_Canton_WalledCity_PROVISIONAL/B/UP/R6HPSYNKIQH6WG5JTF3CJV.uasset,95ab0bbf64dc2b13b288ea1f2bebaa260cabeecf9ecba1e7544dd0b4c9adcb35,4432,D_PROVISIONAL_ENGINEERING_ONLY,UE 5.5.4 CL 40574608
Content/__ExternalActors__/Canton/Provisional/Maps/L_Canton_WalledCity_PROVISIONAL/B/UU/39ZF980PKVFUD232RWF1ZR.uasset,7decb0fa91e80177d9e1f42486639eb318f1a5834bff1e52408aa856b6c83959,8512,D_PROVISIONAL_ENGINEERING_ONLY,UE 5.5.4 CL 40574608
Content/__ExternalActors__/Canton/Provisional/Maps/L_Canton_WalledCity_PROVISIONAL/B/V1/6PUGZJWL6AAR2UKKBA55YK.uasset,e98fb416253043c0af690d5ae1f1053bd24f4efc06e46013dee84f53e25388e8,4434,D_PROVISIONAL_ENGINEERING_ONLY,UE 5.5.4 CL 40574608
Content/__ExternalActors__/Canton/Provisional/Maps/L_Canton_WalledCity_PROVISIONAL/B/V7/ETFT4OWQ0R4BDJKKAE1L8R.uasset,8f81b12148cf7724058ce93969b09a1ef71973434651fa00d5c7b5dbf1eb01fc,4434,D_PROVISIONAL_ENGINEERING_ONLY,UE 5.5.4 CL 40574608
Content/__ExternalActors__/Canton/Provisional/Maps/L_Canton_WalledCity_PROVISIONAL/B/W0/7UJ12TCYH88M0X546PQQDW.uasset,7e7689df49fbd849346af852dd188aa2bdcffa93829c7832c38569173632babd,4432,D_PROVISIONAL_ENGINEERING_ONLY,UE 5.5.4 CL 40574608
Content/__ExternalActors__/Canton/Provisional/Maps/L_Canton_WalledCity_PROVISIONAL/B/ZD/ABUNETSGKKN9OWQRBUOIE5.uasset,867ffc32f76953bc8fe2b2ad6d50e62e45e74b40c796149e5b1755b0da725679,4804,D_PROVISIONAL_ENGINEERING_ONLY,UE 5.5.4 CL 40574608
Content/__ExternalActors__/Canton/Provisional/Maps/L_Canton_WalledCity_PROVISIONAL/B/ZT/7BZROL6ON82C3B9C5DXZPL.uasset,a5a7113c36e8653d29f1c79384ce01790a1204cab5ab19e5255e66e717aa4992,4432,D_PROVISIONAL_ENGINEERING_ONLY,UE 5.5.4 CL 40574608
Content/__ExternalActors__/Canton/Provisional/Maps/L_Canton_WalledCity_PROVISIONAL/C/0Z/9LV1EX02GHBJMGP0JOGZZO.uasset,9b499a65a108a50cf1169846f5ae31354ff14d7531e5a5fbd006fc76a2752cef,4434,D_PROVISIONAL_ENGINEERING_ONLY,UE 5.5.4 CL 40574608
Content/__ExternalActors__/Canton/Provisional/Maps/L_Canton_WalledCity_PROVISIONAL/C/1W/KLBH4DTW1UBZ1PNJ6GTF3L.uasset,3275037387c8856452db202fc479e0417c51545c4670144922c0c4cb3aaaff02,4432,D_PROVISIONAL_ENGINEERING_ONLY,UE 5.5.4 CL 40574608
Content/__ExternalActors__/Canton/Provisional/Maps/L_Canton_WalledCity_PROVISIONAL/C/65/1YNHRG2XLUETU1O9OU5UUW.uasset,9e85c283f4f409cd5334301bda9a376b084d6109260517b1e49f9b82810cc653,4432,D_PROVISIONAL_ENGINEERING_ONLY,UE 5.5.4 CL 40574608
Content/__ExternalActors__/Canton/Provisional/Maps/L_Canton_WalledCity_PROVISIONAL/C/6F/K33IVWIFU6JCWEO5TLV7VS.uasset,e5d532543a610a308234aef93f02b75ef3cb6cc516d819b4028c31528bb9c32d,1274849,D_PROVISIONAL_ENGINEERING_ONLY,UE 5.5.4 CL 40574608
Content/__ExternalActors__/Canton/Provisional/Maps/L_Canton_WalledCity_PROVISIONAL/C/6I/92D80FAUIGKITLLH5MIL6M.uasset,acc509513af08cbabf386925bf899f556a71fee57a27baf65f9b2488326c51b4,4858,D_PROVISIONAL_ENGINEERING_ONLY,UE 5.5.4 CL 40574608
Content/__ExternalActors__/Canton/Provisional/Maps/L_Canton_WalledCity_PROVISIONAL/C/75/VDF7O2TU94YFPS19Z1OJUM.uasset,a54383d1abe31f35de659fd2b606e99d85d063a46db54f8c1c2238d298b281a6,4432,D_PROVISIONAL_ENGINEERING_ONLY,UE 5.5.4 CL 40574608
Content/__ExternalActors__/Canton/Provisional/Maps/L_Canton_WalledCity_PROVISIONAL/C/8N/LP10D4C7QEUHQDYJN8DIKP.uasset,8ad46b795502a9446824bcb3353b06084da043fc115f459611a70a6d416ae411,4804,D_PROVISIONAL_ENGINEERING_ONLY,UE 5.5.4 CL 40574608
Content/__ExternalActors__/Canton/Provisional/Maps/L_Canton_WalledCity_PROVISIONAL/C/9R/7JLRNJTGRMKXOG96N2WXVN.uasset,9c1f074afd2a84e90afec530c9eee99ef4226a04521736aec193abd44a37b823,4434,D_PROVISIONAL_ENGINEERING_ONLY,UE 5.5.4 CL 40574608
Content/__ExternalActors__/Canton/Provisional/Maps/L_Canton_WalledCity_PROVISIONAL/C/9T/28LQNNC83Y46UMR2CA9AM7.uasset,de162cd25701fdacea2f4d7f8b15eec2a3ec3b361973e5417d192eef5e109b72,4434,D_PROVISIONAL_ENGINEERING_ONLY,UE 5.5.4 CL 40574608
Content/__ExternalActors__/Canton/Provisional/Maps/L_Canton_WalledCity_PROVISIONAL/C/AZ/85ZEWQEUZDUQEBOK4HH6DO.uasset,86fbc08f2c0265598e9689a9e39980bd20cbcfec1a01eead79c76d2c072465b6,4761,D_PROVISIONAL_ENGINEERING_ONLY,UE 5.5.4 CL 40574608
Content/__ExternalActors__/Canton/Provisional/Maps/L_Canton_WalledCity_PROVISIONAL/C/F9/03CT5GO4UARQ2KY661N6ER.uasset,28f66a9786f8d24af9da85ae188e679cc191c157b7253a120e231266dce5b412,4432,D_PROVISIONAL_ENGINEERING_ONLY,UE 5.5.4 CL 40574608
Content/__ExternalActors__/Canton/Provisional/Maps/L_Canton_WalledCity_PROVISIONAL/C/FC/X1QBKB5Y4NQO733DG4B28M.uasset,7b7840ea8bda2a6f9c87fbd927c84907234813a1a2ba9fe00d1c44f456d2e7b9,4824,D_PROVISIONAL_ENGINEERING_ONLY,UE 5.5.4 CL 40574608
Content/__ExternalActors__/Canton/Provisional/Maps/L_Canton_WalledCity_PROVISIONAL/C/FX/0EH4KRSJDXMEJYQNVJ8N4Y.uasset,c8864133dfce6a9b399be86cea435f66e91068e0bfa77b34e9589f91f47836ff,4434,D_PROVISIONAL_ENGINEERING_ONLY,UE 5.5.4 CL 40574608
Content/__ExternalActors__/Canton/Provisional/Maps/L_Canton_WalledCity_PROVISIONAL/C/JO/MVAJ9K11IMSIMTGRBXZAZX.uasset,9d62380854d65923fab7c145c3c14652c8bb53b264a427d5634a44989794fe68,4434,D_PROVISIONAL_ENGINEERING_ONLY,UE 5.5.4 CL 40574608
Content/__ExternalActors__/Canton/Provisional/Maps/L_Canton_WalledCity_PROVISIONAL/C/K7/G2VIY0U1NIQMKD16ZQ2UKL.uasset,32bf7b1882eb875259ed2a270f025cbe53cad279dd98a39989383f6585c7e2b2,4434,D_PROVISIONAL_ENGINEERING_ONLY,UE 5.5.4 CL 40574608
Content/__ExternalActors__/Canton/Provisional/Maps/L_Canton_WalledCity_PROVISIONAL/C/MR/VDVEI0R26CAQX8RJ9KK1HY.uasset,eaf28d32b109c938cd3edf7ab0588504c1684086535f652b4bf7cd62c569132c,4434,D_PROVISIONAL_ENGINEERING_ONLY,UE 5.5.4 CL 40574608
Content/__ExternalActors__/Canton/Provisional/Maps/L_Canton_WalledCity_PROVISIONAL/C/NQ/4K7IL614DN9TRIYBLT5RWY.uasset,b14c9561708836c70b38fb56cf8434f766cb160fe6d516491c56a095c6a35bd7,4432,D_PROVISIONAL_ENGINEERING_ONLY,UE 5.5.4 CL 40574608
Content/__ExternalActors__/Canton/Provisional/Maps/L_Canton_WalledCity_PROVISIONAL/C/QO/30PY0ZIHSCA9U0CW5XTXG7.uasset,62746fae84551730c0725fa9640636f910ae26f0309e94f63d4da524ae7f39fb,4841,D_PROVISIONAL_ENGINEERING_ONLY,UE 5.5.4 CL 40574608
Content/__ExternalActors__/Canton/Provisional/Maps/L_Canton_WalledCity_PROVISIONAL/C/R4/Q7XJF7WUGNBWK4EG9U5M6V.uasset,b001e993c55711ab742f8f23955ff4c932084fe09e8b62eb45039fcbf4456737,4434,D_PROVISIONAL_ENGINEERING_ONLY,UE 5.5.4 CL 40574608
Content/__ExternalActors__/Canton/Provisional/Maps/L_Canton_WalledCity_PROVISIONAL/C/RI/33ZCI3AYQMLEH3BBVFTWZ2.uasset,0a3c32f3457c4b6d027beb84a843be4bfa67eabc26b78f150a84f54d9a4f6884,4858,D_PROVISIONAL_ENGINEERING_ONLY,UE 5.5.4 CL 40574608
Content/__ExternalActors__/Canton/Provisional/Maps/L_Canton_WalledCity_PROVISIONAL/C/RO/BQNUVAFGGBXAXVTND1FUT9.uasset,5c1bf8a791f1f5148bed7e9cae013f43532f1e98ead737929c756c21388902c8,4434,D_PROVISIONAL_ENGINEERING_ONLY,UE 5.5.4 CL 40574608
Content/__ExternalActors__/Canton/Provisional/Maps/L_Canton_WalledCity_PROVISIONAL/C/S7/07JY1YL3OT0NPMJHXBX4N7.uasset,fd613d8c49a67591e046443306d6c10886c465646b4bb922b9b8b890b11eabe3,4432,D_PROVISIONAL_ENGINEERING_ONLY,UE 5.5.4 CL 40574608
Content/__ExternalActors__/Canton/Provisional/Maps/L_Canton_WalledCity_PROVISIONAL/C/T4/ZGVATWVPU2YJYF1I4HQY1P.uasset,6819bbe4ef47c42ada727bd25a669d91d3de10224051bc33367e3c25436a047f,4434,D_PROVISIONAL_ENGINEERING_ONLY,UE 5.5.4 CL 40574608
Content/__ExternalActors__/Canton/Provisional/Maps/L_Canton_WalledCity_PROVISIONAL/C/UR/UL71ORIKN2QS4V3OXMCV6R.uasset,971cb93d7464479095384f0748367db0f752298b8566b1ebffbe9e4e2c2cd914,4434,D_PROVISIONAL_ENGINEERING_ONLY,UE 5.5.4 CL 40574608
Content/__ExternalActors__/Canton/Provisional/Maps/L_Canton_WalledCity_PROVISIONAL/C/V3/RKOOZMLMET115SJSMA74P3.uasset,24f7b0c5cfb639d7799f35fa1145b36a4ecfd5c99cc454221cc623e6ee61aabb,4434,D_PROVISIONAL_ENGINEERING_ONLY,UE 5.5.4 CL 40574608
Content/__ExternalActors__/Canton/Provisional/Maps/L_Canton_WalledCity_PROVISIONAL/C/W0/QYBM0FFU6SQLF8MV28RQS5.uasset,6ddc52d21bfc1f1c55ea562f96afddfee37021fede4ac38fc4e3fd89dfe8b8c9,4432,D_PROVISIONAL_ENGINEERING_ONLY,UE 5.5.4 CL 40574608
Content/__ExternalActors__/Canton/Provisional/Maps/L_Canton_WalledCity_PROVISIONAL/C/YV/8VNIXKE5ACVF868PTH6NRC.uasset,08331a18d7f04740f4d2953d0998b66e37e4fc0f754cf623deaf96d6c9501951,4434,D_PROVISIONAL_ENGINEERING_ONLY,UE 5.5.4 CL 40574608
Content/__ExternalActors__/Canton/Provisional/Maps/L_Canton_WalledCity_PROVISIONAL/C/Z6/NL9PA8OYFGFCQKW11EG9ZH.uasset,7edc98b51541b9fefe116867713931f668b8146f629903a9b20b2266fc880413,4814,D_PROVISIONAL_ENGINEERING_ONLY,UE 5.5.4 CL 40574608
Content/__ExternalActors__/Canton/Provisional/Maps/L_Canton_WalledCity_PROVISIONAL/D/0Y/HJB27L7OKNJL2C9XLNVKQR.uasset,112a2975472ed0fea6725e47a96806145770f7f94c2a8a01f73df68fd479f691,4434,D_PROVISIONAL_ENGINEERING_ONLY,UE 5.5.4 CL 40574608
Content/__ExternalActors__/Canton/Provisional/Maps/L_Canton_WalledCity_PROVISIONAL/D/19/Z7ZKHGO32Z1CB14EDTSPLK.uasset,f447530188c32db9b17287213f882d71228afea48a6da783ca06b5c20129d8df,4434,D_PROVISIONAL_ENGINEERING_ONLY,UE 5.5.4 CL 40574608
Content/__ExternalActors__/Canton/Provisional/Maps/L_Canton_WalledCity_PROVISIONAL/D/33/C7CFJHZDVI1YZOWYK72QO5.uasset,c8b46ffb6298624a1f242de66bda6f2abc55a68712e4194164e099ca0510f356,4434,D_PROVISIONAL_ENGINEERING_ONLY,UE 5.5.4 CL 40574608
Content/__ExternalActors__/Canton/Provisional/Maps/L_Canton_WalledCity_PROVISIONAL/D/37/26PIUT0K828VKW6CLQAN89.uasset,6af060973265663e5163f22bba8deaac5edd66477ea3349d33af611a2c3ea566,4432,D_PROVISIONAL_ENGINEERING_ONLY,UE 5.5.4 CL 40574608
Content/__ExternalActors__/Canton/Provisional/Maps/L_Canton_WalledCity_PROVISIONAL/D/3T/L2LTF775QRNOR1Q7ZX4JEE.uasset,19e36c829cf5fc4280367d5e0515745326ae1955d7d3219e54538d7f91fdd745,4434,D_PROVISIONAL_ENGINEERING_ONLY,UE 5.5.4 CL 40574608
Content/__ExternalActors__/Canton/Provisional/Maps/L_Canton_WalledCity_PROVISIONAL/D/3U/PM2KR08F5K6R9CFLE9SK30.uasset,c41529d46c9d654af0d87bdbbd3bd76cbafc11a68824328091aa9a63c2ff236f,4434,D_PROVISIONAL_ENGINEERING_ONLY,UE 5.5.4 CL 40574608
Content/__ExternalActors__/Canton/Provisional/Maps/L_Canton_WalledCity_PROVISIONAL/D/40/1OS7Q7LCIT3GMLQ951ETC5.uasset,f1241e1f3fe4b24c80638795d81af46a3a4f0d9c3daecf63585b0ef6f7be699a,4432,D_PROVISIONAL_ENGINEERING_ONLY,UE 5.5.4 CL 40574608
Content/__ExternalActors__/Canton/Provisional/Maps/L_Canton_WalledCity_PROVISIONAL/D/7F/SBC7YL61TW2EL49HSITXGV.uasset,3e8285d07f112de6f444efbd3fbb77d2af09f98af9265d3e1cbe3c580af8f313,1249421,D_PROVISIONAL_ENGINEERING_ONLY,UE 5.5.4 CL 40574608
Content/__ExternalActors__/Canton/Provisional/Maps/L_Canton_WalledCity_PROVISIONAL/D/7S/KUNRT8368TZOU6MEVFNRRH.uasset,05cf018f00f10adffff31eca06a27d4fff933e32669ad50d27ad661672d7b352,4432,D_PROVISIONAL_ENGINEERING_ONLY,UE 5.5.4 CL 40574608
Content/__ExternalActors__/Canton/Provisional/Maps/L_Canton_WalledCity_PROVISIONAL/D/7S/UW02D8WSOQBCE4JFRHG1YC.uasset,4960ffdd9450648ffc07f75bcef5fac185d0e2f2feca0939f21d6e8ff861b7e3,4434,D_PROVISIONAL_ENGINEERING_ONLY,UE 5.5.4 CL 40574608
Content/__ExternalActors__/Canton/Provisional/Maps/L_Canton_WalledCity_PROVISIONAL/D/9P/KEZPHRQYJ7IFTE6MWVZSTA.uasset,df5a5d2014e2ebd137e2c2b93906d476a602b765a0bd9ea705a4ce7ee93c9f04,4434,D_PROVISIONAL_ENGINEERING_ONLY,UE 5.5.4 CL 40574608
Content/__ExternalActors__/Canton/Provisional/Maps/L_Canton_WalledCity_PROVISIONAL/D/A9/A3QXSOJHEXZE0IRXLF3GG9.uasset,0893b68ea0705129368d473c5d7b7b23adba47d9d999cbbd30c8e0894fc313a1,4434,D_PROVISIONAL_ENGINEERING_ONLY,UE 5.5.4 CL 40574608
Content/__ExternalActors__/Canton/Provisional/Maps/L_Canton_WalledCity_PROVISIONAL/D/AH/1DRCP8H65EFX9TZTHUSHEI.uasset,41419aee0496a08dabec5aaa811afc99ef90158aee84e0c7942c68d9056e3080,4434,D_PROVISIONAL_ENGINEERING_ONLY,UE 5.5.4 CL 40574608
Content/__ExternalActors__/Canton/Provisional/Maps/L_Canton_WalledCity_PROVISIONAL/D/CQ/GSE7AFBMU4ZN5RH84XNFA0.uasset,b268de806ff28898a39b496026dd3cffe50c23aecce66dc6a2f8db66ea599118,4432,D_PROVISIONAL_ENGINEERING_ONLY,UE 5.5.4 CL 40574608
Content/__ExternalActors__/Canton/Provisional/Maps/L_Canton_WalledCity_PROVISIONAL/D/CU/FVGR8C2OW0XVNVXA6ECU43.uasset,4651d40e7470247cb4c5e7742a89e4869a23b0cf2e579f29e4997e3a776f3903,4882,D_PROVISIONAL_ENGINEERING_ONLY,UE 5.5.4 CL 40574608
Content/__ExternalActors__/Canton/Provisional/Maps/L_Canton_WalledCity_PROVISIONAL/D/DQ/W48SMNGUOBSCSP2NSKTZ33.uasset,167ff4b8b3e5d340d2dec0f2006c4ce781d829a13ef0c979cb68d835c76344ea,4432,D_PROVISIONAL_ENGINEERING_ONLY,UE 5.5.4 CL 40574608
Content/__ExternalActors__/Canton/Provisional/Maps/L_Canton_WalledCity_PROVISIONAL/D/GC/A20YBDQ0HJYGJYNX9I79LL.uasset,6b509bdc3b7185ec8306a6aa63215c32eed10f383bd0986903efc3281e240c42,4434,D_PROVISIONAL_ENGINEERING_ONLY,UE 5.5.4 CL 40574608
Content/__ExternalActors__/Canton/Provisional/Maps/L_Canton_WalledCity_PROVISIONAL/D/GE/YR814IZ3F5UYMO5875LN5M.uasset,b7f8a0a52c5b2d6610e2fcae74d20636c86bb148d6482bf817f3a383cc6e9008,4892,D_PROVISIONAL_ENGINEERING_ONLY,UE 5.5.4 CL 40574608
Content/__ExternalActors__/Canton/Provisional/Maps/L_Canton_WalledCity_PROVISIONAL/D/GX/401EAAO7L9SQ3P3LBX6P4R.uasset,c0087ab0e54490ebf61c92a56f6deb437e50ad810927d7bd430d67013157968f,4434,D_PROVISIONAL_ENGINEERING_ONLY,UE 5.5.4 CL 40574608
Content/__ExternalActors__/Canton/Provisional/Maps/L_Canton_WalledCity_PROVISIONAL/D/HL/SZYH0YX01SLF8GBSOKGMVQ.uasset,0f3fb448404835f2e34be5003602784b961723c41bc5c7bf19fc0814929a6abc,4432,D_PROVISIONAL_ENGINEERING_ONLY,UE 5.5.4 CL 40574608
Content/__ExternalActors__/Canton/Provisional/Maps/L_Canton_WalledCity_PROVISIONAL/D/HQ/1ZT9VN5SG8O560W095SH8Y.uasset,3f4297c459b1436a3e418c93c15473b9f10f40466d20dc4cd3a9de9eff4e3fe7,4824,D_PROVISIONAL_ENGINEERING_ONLY,UE 5.5.4 CL 40574608
Content/__ExternalActors__/Canton/Provisional/Maps/L_Canton_WalledCity_PROVISIONAL/D/HS/NL6GCKEKN59KX5WPRFX6B7.uasset,e8bbb6c329714cc937225f735946646f7b659a0ffc706c4f1caec0c102c52caa,4687,D_PROVISIONAL_ENGINEERING_ONLY,UE 5.5.4 CL 40574608
Content/__ExternalActors__/Canton/Provisional/Maps/L_Canton_WalledCity_PROVISIONAL/D/IU/DVY5UYJFJ95KT3152RD6YK.uasset,a3bfe81115ea97812a387892d1ab98bf834c704c533d1d371ce360b7e9678f6d,4434,D_PROVISIONAL_ENGINEERING_ONLY,UE 5.5.4 CL 40574608
Content/__ExternalActors__/Canton/Provisional/Maps/L_Canton_WalledCity_PROVISIONAL/D/JP/JZSSGLZ86ON1X7PY2QL8IV.uasset,baba82497f434f218699d22f9e92abeabe7aad64051e00fddae9286b59227b25,4434,D_PROVISIONAL_ENGINEERING_ONLY,UE 5.5.4 CL 40574608
Content/__ExternalActors__/Canton/Provisional/Maps/L_Canton_WalledCity_PROVISIONAL/D/JX/X924BVEWL0VTQIF2PKTQKA.uasset,005062ebb99916cce1d7f1a537fd9a65eab01ab82c1295d81a55a1684af7d56a,4434,D_PROVISIONAL_ENGINEERING_ONLY,UE 5.5.4 CL 40574608
Content/__ExternalActors__/Canton/Provisional/Maps/L_Canton_WalledCity_PROVISIONAL/D/KN/MTCTQFMKWPRRU2V2GMUZYE.uasset,fced73a7d0e6093eb029c98be9935428f265d5ec70e44d9ebbb7328ee8c7a073,4892,D_PROVISIONAL_ENGINEERING_ONLY,UE 5.5.4 CL 40574608
Content/__ExternalActors__/Canton/Provisional/Maps/L_Canton_WalledCity_PROVISIONAL/D/NF/Q3WC24DCFBZDIA7LKSLQMD.uasset,ef099d93677390e1013194dc924380079a9ae35aa216740163b6f08c09075cb0,4434,D_PROVISIONAL_ENGINEERING_ONLY,UE 5.5.4 CL 40574608
Content/__ExternalActors__/Canton/Provisional/Maps/L_Canton_WalledCity_PROVISIONAL/D/NK/XLAAZ70GIQEPEINUNKWTUB.uasset,2cdbf654c95ffdf6459bafa3b49ba0e86f594e933a204eb341bcb61d597e3112,4436,D_PROVISIONAL_ENGINEERING_ONLY,UE 5.5.4 CL 40574608
Content/__ExternalActors__/Canton/Provisional/Maps/L_Canton_WalledCity_PROVISIONAL/D/QV/5036ROETX82WLC7V7DJ0EB.uasset,c39ad85586f184b8aaa99abd7d67e84c04acd68f8dcefeee80b5f079cfa7fede,4804,D_PROVISIONAL_ENGINEERING_ONLY,UE 5.5.4 CL 40574608
Content/__ExternalActors__/Canton/Provisional/Maps/L_Canton_WalledCity_PROVISIONAL/D/R5/NEWOR3C917ACMVJY2BIIU2.uasset,570a567d83adf26a8e674dc6d390852b58acf0f6e8805461d6002f366cb4f5cd,2323727,D_PROVISIONAL_ENGINEERING_ONLY,UE 5.5.4 CL 40574608
Content/__ExternalActors__/Canton/Provisional/Maps/L_Canton_WalledCity_PROVISIONAL/D/T2/AWVB0P0U0IPK120C8PCV18.uasset,5a124cf149ce28800b84d80b557636fc515fdc87e42e037134590b8f2a04bf87,4434,D_PROVISIONAL_ENGINEERING_ONLY,UE 5.5.4 CL 40574608
Content/__ExternalActors__/Canton/Provisional/Maps/L_Canton_WalledCity_PROVISIONAL/D/UQ/IZAMSP773QUFAK99AO2MVB.uasset,79ee519f4e3666bf131ec65db605b62dfddd299cdf76bf88622e0b3103b8940a,4824,D_PROVISIONAL_ENGINEERING_ONLY,UE 5.5.4 CL 40574608
Content/__ExternalActors__/Canton/Provisional/Maps/L_Canton_WalledCity_PROVISIONAL/D/US/H64W5ZMTOW30VWUZBF4D7W.uasset,a969cc0ba823e61165f1ef6b845894705338f00ef3204316a232e4a78f45353d,4432,D_PROVISIONAL_ENGINEERING_ONLY,UE 5.5.4 CL 40574608
Content/__ExternalActors__/Canton/Provisional/Maps/L_Canton_WalledCity_PROVISIONAL/D/UW/A0N7RE1ZGANMDUG1H7I2WV.uasset,45093771728a95076a354df94a7c6c0420a95befbb5bfb103447cf423b531b6a,4432,D_PROVISIONAL_ENGINEERING_ONLY,UE 5.5.4 CL 40574608
Content/__ExternalActors__/Canton/Provisional/Maps/L_Canton_WalledCity_PROVISIONAL/D/X9/KVZM1PF5KIYQJQWTQBHX44.uasset,3613e368e4a3d7b88b91c6487f8c9cbee83969c97c2a94145e77ed8388b49c69,4434,D_PROVISIONAL_ENGINEERING_ONLY,UE 5.5.4 CL 40574608
Content/__ExternalActors__/Canton/Provisional/Maps/L_Canton_WalledCity_PROVISIONAL/D/Y8/9BYI70DVXVN9MFZG81CFTN.uasset,40233825bf60f57accd6aec6ff7d14b94ae0e337c6a4dcaa819f38e29b9c440b,4432,D_PROVISIONAL_ENGINEERING_ONLY,UE 5.5.4 CL 40574608
Content/__ExternalActors__/Canton/Provisional/Maps/L_Canton_WalledCity_PROVISIONAL/D/YG/JVOIBR15PHIADCEWHJR4Z4.uasset,645ce547e07a5c592d5f1fd7a20cd7b2aad6acd90c4e701da6d54a46af4ca0f6,4436,D_PROVISIONAL_ENGINEERING_ONLY,UE 5.5.4 CL 40574608
Content/__ExternalActors__/Canton/Provisional/Maps/L_Canton_WalledCity_PROVISIONAL/E/0A/3NX03DX8QDX0V5JT91NYKN.uasset,8020e1fafa0b470398400c2a2c28038fffeab74664af598b771d39916d8ea173,4434,D_PROVISIONAL_ENGINEERING_ONLY,UE 5.5.4 CL 40574608
Content/__ExternalActors__/Canton/Provisional/Maps/L_Canton_WalledCity_PROVISIONAL/E/0E/16X2U9MTMP2TN74RO723KT.uasset,862c64a9aedd57f223bc61d241773347c67618ee13a854292541904177a2c6bb,4434,D_PROVISIONAL_ENGINEERING_ONLY,UE 5.5.4 CL 40574608
Content/__ExternalActors__/Canton/Provisional/Maps/L_Canton_WalledCity_PROVISIONAL/E/2I/V47PAJCJ1V7HAPL0Z5O79U.uasset,801368359d5f54ba1dd90ab7fa5a2b2fa369aed02edb1b0d641abe91b85c48b1,4434,D_PROVISIONAL_ENGINEERING_ONLY,UE 5.5.4 CL 40574608
Content/__ExternalActors__/Canton/Provisional/Maps/L_Canton_WalledCity_PROVISIONAL/E/34/S8FNP6H08GWUKLQW3MQASQ.uasset,5e7eeaea977aaa46c26d04274ac036b43c015d2cc5b01c95705b83dca836d956,4434,D_PROVISIONAL_ENGINEERING_ONLY,UE 5.5.4 CL 40574608
Content/__ExternalActors__/Canton/Provisional/Maps/L_Canton_WalledCity_PROVISIONAL/E/3N/BUU09G5TG2J72ZSRZ22MW0.uasset,b5870081d12ba999ea40abfcb56d89951b7d249c11bfdefc10a06bbaae01734a,4434,D_PROVISIONAL_ENGINEERING_ONLY,UE 5.5.4 CL 40574608
Content/__ExternalActors__/Canton/Provisional/Maps/L_Canton_WalledCity_PROVISIONAL/E/3U/YXQ0CY8WF44PDRF6J3GUKA.uasset,85e590651a9eba6dde37932484d5d065513de480591d402352393825969c5bd2,4434,D_PROVISIONAL_ENGINEERING_ONLY,UE 5.5.4 CL 40574608
Content/__ExternalActors__/Canton/Provisional/Maps/L_Canton_WalledCity_PROVISIONAL/E/5I/7H0BCBGHBCGXPDL3YRY7BH.uasset,125663e7177d1995a89d217552b3922a68469c6079220268c5aea46b92173ed2,4434,D_PROVISIONAL_ENGINEERING_ONLY,UE 5.5.4 CL 40574608
Content/__ExternalActors__/Canton/Provisional/Maps/L_Canton_WalledCity_PROVISIONAL/E/8I/2ZU08P1G7NBFDX32PBHL98.uasset,29c8eac7b6488d0b2ca211918eb79d35330413db34d8bf19a6efa87d8634c180,4432,D_PROVISIONAL_ENGINEERING_ONLY,UE 5.5.4 CL 40574608
Content/__ExternalActors__/Canton/Provisional/Maps/L_Canton_WalledCity_PROVISIONAL/E/96/4RNMJX26GOFAJQ2UFRO2HM.uasset,b1ab49d14b369cefadd3a991500b79d764f7d4260d2a8d8c97b72e757d3a0a56,4432,D_PROVISIONAL_ENGINEERING_ONLY,UE 5.5.4 CL 40574608
Content/__ExternalActors__/Canton/Provisional/Maps/L_Canton_WalledCity_PROVISIONAL/E/BI/GFREM3JPO237WWDO7F0XBL.uasset,9405f7f60dc29b9d72857d634961146bf6a5aaa406c6203b5e825fb581a13ebc,4432,D_PROVISIONAL_ENGINEERING_ONLY,UE 5.5.4 CL 40574608
Content/__ExternalActors__/Canton/Provisional/Maps/L_Canton_WalledCity_PROVISIONAL/E/BM/0KB6G020TYSGT9YER75PYX.uasset,2930056d9e5441157416780f1c146d8ed64c81f5b718288ca242e57bfd1d3c11,4434,D_PROVISIONAL_ENGINEERING_ONLY,UE 5.5.4 CL 40574608
Content/__ExternalActors__/Canton/Provisional/Maps/L_Canton_WalledCity_PROVISIONAL/E/DK/H1C1DI49NYT5XU40AD1IYS.uasset,b1c9d42c420039a8cf5b5309587d14251b2ada2ddc7e4b34eb5461dd4a65e887,4434,D_PROVISIONAL_ENGINEERING_ONLY,UE 5.5.4 CL 40574608
Content/__ExternalActors__/Canton/Provisional/Maps/L_Canton_WalledCity_PROVISIONAL/E/EV/0BH4TIJW3Q40JLDYCUDFDG.uasset,36b1c07114a9ae82d978211d98628b8f42e643f82028b2e9d9917767395f5fce,4434,D_PROVISIONAL_ENGINEERING_ONLY,UE 5.5.4 CL 40574608
Content/__ExternalActors__/Canton/Provisional/Maps/L_Canton_WalledCity_PROVISIONAL/E/FL/I0AT61DO4YP0MV732FZCGN.uasset,9289baa8280a0b246921990b4e2a0f0c62905a52d0f853a44a8101ee817ed3e2,4434,D_PROVISIONAL_ENGINEERING_ONLY,UE 5.5.4 CL 40574608
Content/__ExternalActors__/Canton/Provisional/Maps/L_Canton_WalledCity_PROVISIONAL/E/GP/OS61BKN7RXP0P1ISE1S55L.uasset,3fd07c77edf35fd8dbdaf90922f40dcaddf2b8195ec4bf93fdb99c16657630ca,4434,D_PROVISIONAL_ENGINEERING_ONLY,UE 5.5.4 CL 40574608
Content/__ExternalActors__/Canton/Provisional/Maps/L_Canton_WalledCity_PROVISIONAL/E/IR/R64GNEEAMX41HS2F6YUSGM.uasset,0658dc056221416e189ec84c96ccec938775cf03dbc0a4350c2b5ff2810a2675,4432,D_PROVISIONAL_ENGINEERING_ONLY,UE 5.5.4 CL 40574608
Content/__ExternalActors__/Canton/Provisional/Maps/L_Canton_WalledCity_PROVISIONAL/E/KB/1HRM1C3LNIGXB7WNX7QFT5.uasset,84f27842b0bb505d547ea90627bb4700afc0980be9233cc95b44d03422de55fa,4432,D_PROVISIONAL_ENGINEERING_ONLY,UE 5.5.4 CL 40574608
Content/__ExternalActors__/Canton/Provisional/Maps/L_Canton_WalledCity_PROVISIONAL/E/KW/DIG1NGM05N3JYB5RO3B71Q.uasset,6f0b9b17252080ce7361600883713e22216d9ad6f6917be48fc8caaeeb402f94,4432,D_PROVISIONAL_ENGINEERING_ONLY,UE 5.5.4 CL 40574608
Content/__ExternalActors__/Canton/Provisional/Maps/L_Canton_WalledCity_PROVISIONAL/E/L0/869IL1JHCDHADQ6796OKQ4.uasset,d39f51722e74e6c117e3634a4611c490bd73c3ffd27109fd685aa371adc3b88f,28949,D_PROVISIONAL_ENGINEERING_ONLY,UE 5.5.4 CL 40574608
Content/__ExternalActors__/Canton/Provisional/Maps/L_Canton_WalledCity_PROVISIONAL/E/N5/QOCC5RV6M0HVWLR18IGFUW.uasset,485c6f1f4e374a3798a8fccb4265b62c0f019ee88b562085d771121bd24df109,4882,D_PROVISIONAL_ENGINEERING_ONLY,UE 5.5.4 CL 40574608
Content/__ExternalActors__/Canton/Provisional/Maps/L_Canton_WalledCity_PROVISIONAL/E/O6/FZYHU5LE5UUIOVTCMCGQ4P.uasset,8b357adb25ca1cdf5e48edfe64ca5b4adc6c40542044137ed230cd165b5c1206,4434,D_PROVISIONAL_ENGINEERING_ONLY,UE 5.5.4 CL 40574608
Content/__ExternalActors__/Canton/Provisional/Maps/L_Canton_WalledCity_PROVISIONAL/E/P4/3SRT47QMHJSZO5ZQT2JJS4.uasset,468737d641b1144da80bb97f83731a5c144ae8b530d8106fea4c3c5360197ab6,4839,D_PROVISIONAL_ENGINEERING_ONLY,UE 5.5.4 CL 40574608
Content/__ExternalActors__/Canton/Provisional/Maps/L_Canton_WalledCity_PROVISIONAL/E/QB/ALJK8ZZ9C3DZMJEOZYCTH0.uasset,2d711eeb8d0cd73c02a38d9c8e416b28e17e3f7bd277a14857bb6cc6502da290,4804,D_PROVISIONAL_ENGINEERING_ONLY,UE 5.5.4 CL 40574608
Content/__ExternalActors__/Canton/Provisional/Maps/L_Canton_WalledCity_PROVISIONAL/E/QP/4XLJ4TCTVYN8EH71QO7CSR.uasset,8e1be8398086442de6f350a04ebe9b862b81fca5ae9579a68affb118b54d8cbf,1290326,D_PROVISIONAL_ENGINEERING_ONLY,UE 5.5.4 CL 40574608
Content/__ExternalActors__/Canton/Provisional/Maps/L_Canton_WalledCity_PROVISIONAL/E/QR/TU81F985PM3C8A3JYW96TW.uasset,822029ac486d5d320551959024ad2bea711174ee7e938744c1e273c03a3fc91d,4434,D_PROVISIONAL_ENGINEERING_ONLY,UE 5.5.4 CL 40574608
Content/__ExternalActors__/Canton/Provisional/Maps/L_Canton_WalledCity_PROVISIONAL/E/QV/YMPK7A1J5OGV22CDHFSOBR.uasset,b47ccc83f2fd2e92a5790edd94f4144276ad13540b3c0ace734f039fd2523a11,4434,D_PROVISIONAL_ENGINEERING_ONLY,UE 5.5.4 CL 40574608
Content/__ExternalActors__/Canton/Provisional/Maps/L_Canton_WalledCity_PROVISIONAL/E/SE/EESBERT07ZVSWLIXO0UN0V.uasset,06c801f8f327e302d313dcbe5733beba51db8ce30057846f02eca0a4db6b1635,4434,D_PROVISIONAL_ENGINEERING_ONLY,UE 5.5.4 CL 40574608
Content/__ExternalActors__/Canton/Provisional/Maps/L_Canton_WalledCity_PROVISIONAL/E/TN/5IJWO18K8LSWQTI5IZ4MAB.uasset,645e97d8082607e85bf852ef4b0968fb1ebb7165e2ba59db84664c588db0e4df,4434,D_PROVISIONAL_ENGINEERING_ONLY,UE 5.5.4 CL 40574608
Content/__ExternalActors__/Canton/Provisional/Maps/L_Canton_WalledCity_PROVISIONAL/E/V3/57PS85G07OD1M8TWP7KYGF.uasset,b7508a739adc87c2f27af0a4b2be8a4f257b261106aab6c481e90990b5637bd8,4432,D_PROVISIONAL_ENGINEERING_ONLY,UE 5.5.4 CL 40574608
Content/__ExternalActors__/Canton/Provisional/Maps/L_Canton_WalledCity_PROVISIONAL/E/VN/HNFEJ87VG4HZ4ZQH30S8PJ.uasset,9ba13eb81ea3e7040c5e7cb4423021c1b4cc6c344b24e4c28d7757ecf1e7e975,4432,D_PROVISIONAL_ENGINEERING_ONLY,UE 5.5.4 CL 40574608
Content/__ExternalActors__/Canton/Provisional/Maps/L_Canton_WalledCity_PROVISIONAL/E/XV/65AQG9LQEE22I1MC0VOV7H.uasset,45fb8fa33e5b02aeb0d4a5109f6ddc69ad6908fb01111a2c5bec0857b6550b59,4434,D_PROVISIONAL_ENGINEERING_ONLY,UE 5.5.4 CL 40574608
Content/__ExternalActors__/Canton/Provisional/Maps/L_Canton_WalledCity_PROVISIONAL/E/XW/ZT40STQ4ZGGIKVOB7XAD8G.uasset,8536f2ea202b8768cd026db899c2117fb53acdb0c8a8adf7c805982b8ba514af,2760092,D_PROVISIONAL_ENGINEERING_ONLY,UE 5.5.4 CL 40574608
Content/__ExternalActors__/Canton/Provisional/Maps/L_Canton_WalledCity_PROVISIONAL/E/Y2/FEJ0UAPEUYTRFEKKH6K8RD.uasset,238af6bd7edcc3f26eba48b29c4e66e84d4131aae68546665ea2fe3ffe45656f,4434,D_PROVISIONAL_ENGINEERING_ONLY,UE 5.5.4 CL 40574608
Content/__ExternalActors__/Canton/Provisional/Maps/L_Canton_WalledCity_PROVISIONAL/E/ZN/9HJ2UCD6BH3SJ1C0QEKQUP.uasset,af3eea0e6ec68da18c677605e8f62e0c5c7bd01ae318f37389de3def2ded4e6d,4824,D_PROVISIONAL_ENGINEERING_ONLY,UE 5.5.4 CL 40574608
Content/__ExternalActors__/Canton/Provisional/Maps/L_Canton_WalledCity_PROVISIONAL/F/0B/MQ5R0ZR06YTFTEZMH1HP69.uasset,0c97095ec40b851a6a34807f7ba5db7763ad01034c5ee8b266b21bec8dbdaae5,4804,D_PROVISIONAL_ENGINEERING_ONLY,UE 5.5.4 CL 40574608
Content/__ExternalActors__/Canton/Provisional/Maps/L_Canton_WalledCity_PROVISIONAL/F/0P/PJGLXOJ7XRIHIM96KQ4ESM.uasset,7e1d5d580a7242c823f7ad8df2f4c63cef00713bc3f28980f677afd8c563a31f,4804,D_PROVISIONAL_ENGINEERING_ONLY,UE 5.5.4 CL 40574608
Content/__ExternalActors__/Canton/Provisional/Maps/L_Canton_WalledCity_PROVISIONAL/F/0X/TS28REYUCKS2SDAN14RUHN.uasset,908fedd8afbe9a41fb1c44d534db3e9134082f52e78c041e53c25c6b8d1813e0,4432,D_PROVISIONAL_ENGINEERING_ONLY,UE 5.5.4 CL 40574608
Content/__ExternalActors__/Canton/Provisional/Maps/L_Canton_WalledCity_PROVISIONAL/F/18/XWK2C55BUHXZG3KFN2UJFR.uasset,b9b1e4b2f3ca0b2a6ebd1cf18f40f92fb96deacf9409a0eea4b4cbb31a624f4f,4436,D_PROVISIONAL_ENGINEERING_ONLY,UE 5.5.4 CL 40574608
Content/__ExternalActors__/Canton/Provisional/Maps/L_Canton_WalledCity_PROVISIONAL/F/1M/PK0IBM30S9H6SZ4XZ45AMS.uasset,a1040bc3fac228eb014ce64f352bd23d7b8547ae5594c312ea9c159f49c60f2d,4434,D_PROVISIONAL_ENGINEERING_ONLY,UE 5.5.4 CL 40574608
Content/__ExternalActors__/Canton/Provisional/Maps/L_Canton_WalledCity_PROVISIONAL/F/31/KX5LBOZQTWP85EOMYUJI60.uasset,08ee88f5519dcebd7d9eae091340c4592545b0023d572b11d3ff0dd0ae954db6,4434,D_PROVISIONAL_ENGINEERING_ONLY,UE 5.5.4 CL 40574608
Content/__ExternalActors__/Canton/Provisional/Maps/L_Canton_WalledCity_PROVISIONAL/F/32/R553XGBHLMXJVWC8XAK4CA.uasset,91ff06d7c34bcd5cdf18ac68d7ca227db1ee909b59e7cf34b7ffd5be87ed5f0e,4432,D_PROVISIONAL_ENGINEERING_ONLY,UE 5.5.4 CL 40574608
Content/__ExternalActors__/Canton/Provisional/Maps/L_Canton_WalledCity_PROVISIONAL/F/4R/X1JFVO9QBJWT8Z3XEOSTKB.uasset,6af1f2092d5e0b991e3bf5d200ef6235f07070c535cfcf2d696be20c90088231,4892,D_PROVISIONAL_ENGINEERING_ONLY,UE 5.5.4 CL 40574608
Content/__ExternalActors__/Canton/Provisional/Maps/L_Canton_WalledCity_PROVISIONAL/F/5A/7WGXP5E8KNU28VWZFWRNEG.uasset,3968745b69cd2ef6e573c162e0412ccb312ae29357f277abf348d1509b3faa77,4434,D_PROVISIONAL_ENGINEERING_ONLY,UE 5.5.4 CL 40574608
Content/__ExternalObjects__/Canton/Provisional/Maps/L_Canton_WalledCity_PROVISIONAL/0/J2/6ZPKWS7C9UE5NJPNK3B5V7.uasset,018ba3d2369f8c4f87030841857f0af87f1f959836118f6eb9e1b0f754b436b8,2583,D_PROVISIONAL_ENGINEERING_ONLY,UE 5.5.4 CL 40574608
Content/__ExternalObjects__/Canton/Provisional/Maps/L_Canton_WalledCity_PROVISIONAL/1/1U/GRQJ2DDEJ292SJ62F83G55.uasset,c987d33885a3517c1537739be3bee3074dd9a0e3978203c13ab8e714c13d0874,2463,D_PROVISIONAL_ENGINEERING_ONLY,UE 5.5.4 CL 40574608
Content/__ExternalObjects__/Canton/Provisional/Maps/L_Canton_WalledCity_PROVISIONAL/2/JE/MUO0K2EJCKRZ9P27RQGNG4.uasset,7468ac5eecf7300e3fb816746e618167462d4d7691faaa2fb9f7936b211e9fa2,2591,D_PROVISIONAL_ENGINEERING_ONLY,UE 5.5.4 CL 40574608
Content/__ExternalObjects__/Canton/Provisional/Maps/L_Canton_WalledCity_PROVISIONAL/9/6V/4EJF4Y2B8JFF49LU6J5EWU.uasset,c37326a3bf742a5abe2bcc69b3a5808b1d1b9b261998eefecf9645fe5e0c5e62,2553,D_PROVISIONAL_ENGINEERING_ONLY,UE 5.5.4 CL 40574608
ContentSource/CantonDistrict/Earth_BaseColor.png,0b193239f83a039e4c3501eb7b52361bc13f93320e08c961f7601d55929f32a5,175507,D_PROVISIONAL_ENGINEERING_ONLY,UE 5.5.4 CL 40574608
ContentSource/CantonDistrict/Earth_Normal.png,7054ef6fbc47ca338d2af5e354bf4888c67ddad978fc092a50a867f1c6337c35,422984,D_PROVISIONAL_ENGINEERING_ONLY,UE 5.5.4 CL 40574608
ContentSource/CantonDistrict/Earth_Roughness.png,abefc39ae11fcdea0ed46bc8fdad5cf4ea0558a74e49437d2d8fbaff7e9c54da,44736,D_PROVISIONAL_ENGINEERING_ONLY,UE 5.5.4 CL 40574608
ContentSource/CantonDistrict/Pebble_BaseColor.png,2eb52f2dea6ed05d7d4c32f5e156da4c84e49ef357bafa7f898057ddf632c5e6,176992,D_PROVISIONAL_ENGINEERING_ONLY,UE 5.5.4 CL 40574608
ContentSource/CantonDistrict/Pebble_Normal.png,61ba1d9b5bb612eb670779b212cb64140c69c563ee6bb0e8cc72cffffbdacc89,428237,D_PROVISIONAL_ENGINEERING_ONLY,UE 5.5.4 CL 40574608
ContentSource/CantonDistrict/Pebble_Roughness.png,1c4c015d2a2360703308b38a072fb2e62bf2841c00cfb358d8c0c833d32231be,44099,D_PROVISIONAL_ENGINEERING_ONLY,UE 5.5.4 CL 40574608
ContentSource/CantonDistrict/SM_Canton_DampPatch.glb,afc93181ab1a900a43a3f95192dd15559e1eb2d555e3a582cc1f5292cda3210d,4388,D_PROVISIONAL_ENGINEERING_ONLY,UE 5.5.4 CL 40574608
ContentSource/CantonDistrict/SM_Canton_GrassTuft.glb,5780bcee4f84001ce5cf7eae94115f5dd0a98ee28dc56085075b1ab5019e8caa,19968,D_PROVISIONAL_ENGINEERING_ONLY,UE 5.5.4 CL 40574608
ContentSource/CantonDistrict/SM_Canton_Leaf.glb,3da49fc29fb930629d5af6d35edac115da3f1200cb48b1095238a17259ddedeb,2256,D_PROVISIONAL_ENGINEERING_ONLY,UE 5.5.4 CL 40574608
ContentSource/CantonDistrict/SM_Canton_Paving.glb,dce9c3da8391da90df3c730387205a83be942b9b153c9c88a6260917313690f2,59204,D_PROVISIONAL_ENGINEERING_ONLY,UE 5.5.4 CL 40574608
ContentSource/CantonDistrict/Stone_BaseColor.png,14cbcf3f99a4b631413fa287f9a114c48bf32480d5c31e47fff807a64b0422c6,175402,D_PROVISIONAL_ENGINEERING_ONLY,UE 5.5.4 CL 40574608
ContentSource/CantonDistrict/Stone_Normal.png,9cd0a714b6f5b41127e9f15bdfc9e718975430dc15dca349ed2b5f92e53b8266,422551,D_PROVISIONAL_ENGINEERING_ONLY,UE 5.5.4 CL 40574608
ContentSource/CantonDistrict/Stone_Roughness.png,cc630bc51daac74482b853a3df41a7543e4024115a5962c7fa3105761e5c7f8c,44295,D_PROVISIONAL_ENGINEERING_ONLY,UE 5.5.4 CL 40574608
ContentSource/CantonDistrict/manifest.json,22da02f646d4f4bee04054c9e750061bf03723364eee21af26db2e83ef53e264,1564,D_PROVISIONAL_ENGINEERING_ONLY,UE 5.5.4 CL 40574608
ContentSource/GuangzhouLandmarks/Wenmingmen/README_UE5.md,e751980d968936b6054804ff1f94d151103505c81041d2bc24359e31df39b144,6824,D_PROVISIONAL_ENGINEERING_ONLY,UE 5.5.4 CL 40574608
ContentSource/GuangzhouLandmarks/Wenmingmen/asset_manifest.json,277f81531c83f01f37378c10ebb7b166dc5e457c380a1c69f5dabbcfd9846296,4796,D_PROVISIONAL_ENGINEERING_ONLY,UE 5.5.4 CL 40574608
Data/Artifact_Manifest.csv,9bd469280918b85af259bf660212cc10747ea8b9bb335eab76333674ed77e225,18021,D_PROVISIONAL_ENGINEERING_ONLY,UE 5.5.4 CL 40574608
Data/Canton_Prototype_Contract.json,7fd3210431c98d4370aac525913e9b8aab70718c50f7b3b589739113affa3038,1600,D_PROVISIONAL_ENGINEERING_ONLY,UE 5.5.4 CL 40574608
Data/Canton_WalledCity_Provisional_Landmark_Placements.json,05340bfe43ca0ce50a370f990f6b5f20efa8ffebbf67f0f4c6a3da99f1a335d9,8201,D_PROVISIONAL_ENGINEERING_ONLY,UE 5.5.4 CL 40574608
Data/Canton_WalledCity_Provisional_Wall_Gate_Fit_Config.json,409f9ba578cf7d2ff864fbe66a22ad9fdb8ed760ff894663176059e1c351270c,2225,D_PROVISIONAL_ENGINEERING_ONLY,UE 5.5.4 CL 40574608
Data/Foliage_SpawnRules.json,aadd94b668ecc5574168d97f9a381b2d47d555fbe48ee17ff55435ac8dccdea8,587,D_PROVISIONAL_ENGINEERING_ONLY,UE 5.5.4 CL 40574608
Data/M01_Native_Artifacts.csv,d571d4d896e7f4a963168441af58ad563f4ffa50130fd14f3587be21809a6081,214257,D_PROVISIONAL_ENGINEERING_ONLY,UE 5.5.4 CL 40574608
Data/M01_Provisional_Artifacts.csv,8b6496403180e390170d53c743feb9169d1ec1258dea79d08b84b34ba8f3f3d7,7589,D_PROVISIONAL_ENGINEERING_ONLY,UE 5.5.4 CL 40574608
Data/Material_Evidence_Register.csv,a88731dfbac4f563669f8a046bf6cc898fa23fa73c876f00e14fd0c55eb60762,1632,D_PROVISIONAL_ENGINEERING_ONLY,UE 5.5.4 CL 40574608
Data/Open_Issues.csv,8d34c66e4eab277273f140b0172da920483901d5692eafb948d674d42b04ac8d,3940,D_PROVISIONAL_ENGINEERING_ONLY,UE 5.5.4 CL 40574608
Data/Road_Surface_Register.csv,7cf1ddebf46b675e03de3f1e0b75b78c08333395045cf3213491cd0afaccdc8b,329,D_PROVISIONAL_ENGINEERING_ONLY,UE 5.5.4 CL 40574608
Data/Source_Register.csv,24a8967a409364ba6c898f37b7264b087f1a82ea81ddf01d750b94774cb2667e,8944,D_PROVISIONAL_ENGINEERING_ONLY,UE 5.5.4 CL 40574608
Docs/Citywide_Terrain_Replication.md,6a19f7e8cd7a0d5563aca03d80a6a5916683b180b35ca7af8a270f980bcc5461,2524,D_PROVISIONAL_ENGINEERING_ONLY,UE 5.5.4 CL 40574608
Docs/Gate_Ground_Datum.md,82e7e8d116b3acadf2663c54ea606de6f3882303d6dc87173461b98ee86bb381,1609,D_PROVISIONAL_ENGINEERING_ONLY,UE 5.5.4 CL 40574608
Docs/Plans/Canton-Terrain-Implementation/Day-01-project-datum-scope-and-source-register.md,aa4dc135a72abe4f50e41ca1de417b332c7b3bb6cf930bbae527c645c3d6914f,4528,D_PROVISIONAL_ENGINEERING_ONLY,UE 5.5.4 CL 40574608
Docs/Plans/Canton-Terrain-Implementation/Day-02-historical-wall-and-landmark-source-acquisition.md,a71821c5f1c4152bcba6eb99a9003c04eaaf28b9e155613a57578bc4d10e4409,2605,D_PROVISIONAL_ENGINEERING_ONLY,UE 5.5.4 CL 40574608
Docs/Plans/Canton-Terrain-Implementation/Day-03-georeference-historic-city-map.md,fd34b95b5960f05e93b825d8cd9ec7f95034f4662e4c767aabda01477b5b4d34,3497,D_PROVISIONAL_ENGINEERING_ONLY,UE 5.5.4 CL 40574608
Docs/Plans/Canton-Terrain-Implementation/Day-04-digitize-the-walled-city-plan.md,083e9bac064445c303bb2d6fd17810e0194baa24a86ed8c62753f2a2e86a0e9b,2626,D_PROVISIONAL_ENGINEERING_ONLY,UE 5.5.4 CL 40574608
Docs/Plans/Canton-Terrain-Implementation/Day-05-acquire-elevation-and-archaeological-constraints.md,aae7899a886a1a3e00f964c028a3aaac8cf90818db77d491870b8c97b39c36c9,3765,D_PROVISIONAL_ENGINEERING_ONLY,UE 5.5.4 CL 40574608
Docs/Plans/Canton-Terrain-Implementation/Day-06-build-preliminary-historical-elevation-model.md,843d43948b18545d7d647a11ef47c9a89acfb8180849fb3ca55e6c71f346a160,2685,D_PROVISIONAL_ENGINEERING_ONLY,UE 5.5.4 CL 40574608
Docs/Plans/Canton-Terrain-Implementation/Day-07-interpolate-historical-terrain-and-confidence-surface.md,d2224fa1fbebf81fc7c00f87dba2893a6696ffafddc3f633a2df11db53b899d9,2665,D_PROVISIONAL_ENGINEERING_ONLY,UE 5.5.4 CL 40574608
Docs/Plans/Canton-Terrain-Implementation/Day-08-resample-encode-and-audit-heightmap.md,d0bd624ad02e946fdf0e7bf0146e1f2bc4280233e89999bc09d876878adcbd23,3180,D_PROVISIONAL_ENGINEERING_ONLY,UE 5.5.4 CL 40574608
Docs/Plans/Canton-Terrain-Implementation/Day-09-import-and-inspect-ue5-landscape.md,9c23db55737dd29627fb225eb68e2e389842aa660261b6b8454b38b4048be63d,3100,D_PROVISIONAL_ENGINEERING_ONLY,UE 5.5.4 CL 40574608
Docs/Plans/Canton-Terrain-Implementation/Day-10-m01-source-and-terrain-acceptance-review.md,28b325910c54795ebe0c6e6834b457ed8fb5d6603ad8a970804cf8ea706732fa,3362,D_PROVISIONAL_ENGINEERING_ONLY,UE 5.5.4 CL 40574608
Docs/Plans/Canton-Terrain-Implementation/Day-11-urban-road-and-parcel-layout-plan.md,931f20f4d32642a68653ac02cec4a81d913f19958b2306424280fb26e649c789,2881,D_PROVISIONAL_ENGINEERING_ONLY,UE 5.5.4 CL 40574608
Docs/Plans/Canton-Terrain-Implementation/Day-12-street-gradients-and-built-area-grading.md,66b1ac0cf33f8d444d28a7db68ff03793f9cfe1ea9d90bb27e19b85ca343923c,3432,D_PROVISIONAL_ENGINEERING_ONLY,UE 5.5.4 CL 40574608
Docs/Plans/Canton-Terrain-Implementation/Day-13-drainage-and-low-area-blockout.md,43d66128a1169734f4847d8180859038a5ea2c0e53f7922507eeaa0b5e2879e0,2539,D_PROVISIONAL_ENGINEERING_ONLY,UE 5.5.4 CL 40574608
Docs/Plans/Canton-Terrain-Implementation/Day-14-m02-geometry-review-and-blocker-cleanup.md,6ca69f76ecf5bb6c7e285eecd9f26eace1b18ef315792ea54b6696e501cb9b2d,4546,D_PROVISIONAL_ENGINEERING_ONLY,UE 5.5.4 CL 40574608
Docs/Plans/Canton-Terrain-Implementation/Day-15-author-master-ground-materials.md,e1d31b53a9cdc97582053f09846d1048153f4a058e5f96c2678b7277a292045c,3235,D_PROVISIONAL_ENGINEERING_ONLY,UE 5.5.4 CL 40574608
Docs/Plans/Canton-Terrain-Implementation/Day-16-build-modular-historical-stone-paving.md,26c3e317da07ce9f43a7464f9053b306bef9865cf500fab68eecd9d6b0f64812,3188,D_PROVISIONAL_ENGINEERING_ONLY,UE 5.5.4 CL 40574608
Docs/Plans/Canton-Terrain-Implementation/Day-17-terrain-road-blending-and-material-qa.md,6264714386b82edae8ff93f14a2cbec8b36b2d01075fc1eeb83021d4611a4d5a,3250,D_PROVISIONAL_ENGINEERING_ONLY,UE 5.5.4 CL 40574608
Docs/Plans/Canton-Terrain-Implementation/Day-18-add-urban-vegetation-with-controls.md,45e50d7572880bcebedd56f2103e1b8d1e1d3226db15dbe66eb5850bc7e9a586,3324,D_PROVISIONAL_ENGINEERING_ONLY,UE 5.5.4 CL 40574608
Docs/Plans/Canton-Terrain-Implementation/Day-19-add-weathering-wetness-and-small-ground-details.md,abdc86dcad1c7f6c77437e5391ec0de5a30052a92a192a556418e678305005c1,3403,D_PROVISIONAL_ENGINEERING_ONLY,UE 5.5.4 CL 40574608
Docs/Plans/Canton-Terrain-Implementation/Day-20-m05-gate-district-integration-and-production-handoff.md,553ccfc5a4e5232a4d672b25c94067a68c91442f3d686d41374ef5364b620f59,4755,D_PROVISIONAL_ENGINEERING_ONLY,UE 5.5.4 CL 40574608
Docs/Plans/Canton-Terrain-Implementation/Resources/Day-01-Resources.md,96241c275e3a2520b1d77641570f86eb1f40a0816ab31bdd784e519a49913a24,4994,D_PROVISIONAL_ENGINEERING_ONLY,UE 5.5.4 CL 40574608
Docs/Plans/Canton_1880_1900_UE5_Terrain_20_Day_Plan.md,9576125c9f6d4eb589a59996d787cbdf49482809a857b7c3d08953709a99eb51,52253,D_PROVISIONAL_ENGINEERING_ONLY,UE 5.5.4 CL 40574608
Docs/Reports/Change-Archive/2026-09-27-canton-days-11-20-provisional-district.md,20480531b18083ae64a76c4c1026577500ce47ac97fd0a6ba2f77511bf30edb9,2954,D_PROVISIONAL_ENGINEERING_ONLY,UE 5.5.4 CL 40574608
Docs/Reports/Change-Archive/2026-09-27-canton-days-11-20-provisional-district.svg,58784a1f219dd7fde19db8c3c861715688013c9a731a23b18cc8eb5c3f13e273,5852,D_PROVISIONAL_ENGINEERING_ONLY,UE 5.5.4 CL 40574608
Docs/Reports/Change-Archive/2026-09-28-canton-m05-independent-audit-resolution.md,9130e534be09aa122eda8379e7e3933752e0b2a85482559ed92fc166ddb422b8,2083,D_PROVISIONAL_ENGINEERING_ONLY,UE 5.5.4 CL 40574608
Docs/Reports/Change-Archive/2026-09-28-canton-m05-independent-audit-resolution.svg,d8f7d4d73d6bf7379ff32d223d5b1e0014ce823ffa5420c41d0913b2b1676e73,3639,D_PROVISIONAL_ENGINEERING_ONLY,UE 5.5.4 CL 40574608
Docs/Reports/Change-Archive/2026-09-28-canton-m05-review-hardening.md,31d5c30f11aeaf22315cb23ccf9eab9c6f648fe49e533bf470ddd79a6b382312,1578,D_PROVISIONAL_ENGINEERING_ONLY,UE 5.5.4 CL 40574608
Docs/Reports/Change-Archive/2026-09-28-canton-m05-review-hardening.svg,88a81a7b73e960a0f78d814f1737e42954ee2541c5dd210a9f2d86222d1ca2c5,3751,D_PROVISIONAL_ENGINEERING_ONLY,UE 5.5.4 CL 40574608
Docs/Reports/Change-Archive/2026-09-29-canton-district-runtime-implementation.md,d0f2d0747a7ffd15e675c8a0ec5826e97e7ea5d4140c959018bce68d185b5dab,2606,D_PROVISIONAL_ENGINEERING_ONLY,UE 5.5.4 CL 40574608
Docs/Reports/Change-Archive/2026-09-29-canton-district-runtime-implementation.svg,043b43198249d225acfe6d081de330d5fd630e29ad6c468d5740157463789202,3327,D_PROVISIONAL_ENGINEERING_ONLY,UE 5.5.4 CL 40574608
Docs/Reports/Change-Archive/2026-09-29-canton-walled-landmark-provisional-placement.md,ded8240427d69f647ca0af67d25ae06a51780eda5cf285f4668787a074b95f2c,4139,D_PROVISIONAL_ENGINEERING_ONLY,UE 5.5.4 CL 40574608
Docs/Reports/Change-Archive/2026-09-29-canton-walled-landmark-provisional-placement.svg,2dbe08e70e4d37ffc7163d6c545b5ce7d55f413bcc5f6ad89aaf54e87b793bf4,5400,D_PROVISIONAL_ENGINEERING_ONLY,UE 5.5.4 CL 40574608
Docs/Reports/Change-Archive/2026-09-29-canton-walled-runtime-visibility.md,dd5306542801a569c901540621a7bd17fb17bb974f3b3a3bc49f24133c7fd4cf,2147,D_PROVISIONAL_ENGINEERING_ONLY,UE 5.5.4 CL 40574608
Docs/Reports/Change-Archive/2026-09-29-canton-walled-runtime-visibility.svg,223e2b0977f184a8e5e5433de7b193ae0f7cbb9d558c8de976bd9c852c663664,4216,D_PROVISIONAL_ENGINEERING_ONLY,UE 5.5.4 CL 40574608
Docs/Reports/Change-Archive/2026-09-30-canton-walls-fit-gates.md,619ea2b68c5fa9c2d75cdb8936e19182bcccd1843f5a9a8eda7a790d675902be,2464,D_PROVISIONAL_ENGINEERING_ONLY,UE 5.5.4 CL 40574608
Docs/Reports/Change-Archive/2026-09-30-canton-walls-fit-gates.svg,8465c3a76a22f75e59e9c0327d038ee88f789a93a9c025d371dd4c413c627ba4,4690,D_PROVISIONAL_ENGINEERING_ONLY,UE 5.5.4 CL 40574608
Docs/Terrain_Acceptance_Budget.md,08d6efc88790ef7b30bb4062f27b139dc257b803778e4bf8902b0a9333b3d862,6841,D_PROVISIONAL_ENGINEERING_ONLY,UE 5.5.4 CL 40574608
Export/Provisional/Canton_Modern_Context_SouthFirst.r16,ab89d3510e6ef6dfe34a69eb3df5b219d6fe953a9dd4de3d0095f6f150a55765,8136578,D_PROVISIONAL_ENGINEERING_ONLY,UE 5.5.4 CL 40574608
Export/Provisional/Heightmap_Metadata.json,c64d159a4837703c32445812dc401fcc415aeeb2c0470b71434c718922a737e9,1715,D_PROVISIONAL_ENGINEERING_ONLY,UE 5.5.4 CL 40574608
GIS/District_Parcel_Reference.geojson,f43160ac0930f1c0f305e5df814b43fff65d511b88706c7e44360fe7bb197a34,3055,D_PROVISIONAL_ENGINEERING_ONLY,UE 5.5.4 CL 40574608
GIS/Drainage_Locations.geojson,2f1a9fa15f597a2d024c69bf6e8dc87c5acdbedb5c287acd8ea7efc6bf5c1455,2336,D_PROVISIONAL_ENGINEERING_ONLY,UE 5.5.4 CL 40574608
GIS/Provisional/Terrain_Confidence_PROVISIONAL.tif,59554e9b5e469b05dd2c357764337ab16dc8b0b2a92e509d11b333b8776824ab,24651,D_PROVISIONAL_ENGINEERING_ONLY,UE 5.5.4 CL 40574608
GIS/Road_Classifications.geojson,3e8078dba060baff4b4738b91b4669f4acba32e3ea5b85bd85ce6522996335e1,2092,D_PROVISIONAL_ENGINEERING_ONLY,UE 5.5.4 CL 40574608
Maps/District_Test_Bounds.json,f071f0109a926f894a079107b17b0ed50f82a88f82d2534aa494e996eaea0e39,601,D_PROVISIONAL_ENGINEERING_ONLY,UE 5.5.4 CL 40574608
PlayCantonDistrict.command,7e8a411a2a2efeead2949c9c098ab604dfffbe62c2f7ae185f26825cb29d946f,774,D_PROVISIONAL_ENGINEERING_ONLY,UE 5.5.4 CL 40574608
QA/Canton_Continuation/Delivery_Cook.json,eabaf8e8e4523cfebf4284769a4c436b8a55c04bbdd781031014922797cf0a35,1429,D_PROVISIONAL_ENGINEERING_ONLY,UE 5.5.4 CL 40574608
QA/Canton_Continuation/Delivery_Stage.json,94f9e4aef707eb72200887e9d577bfc2c0828568c351b5bbcc410a16ddca5b44,798,D_PROVISIONAL_ENGINEERING_ONLY,UE 5.5.4 CL 40574608
QA/Canton_Continuation/Finalization.json,d565bad09e47a45b6a1403e7eefcaad0db2aabbf556cc8279fd4f82a0f407dea,184,D_PROVISIONAL_ENGINEERING_ONLY,UE 5.5.4 CL 40574608
QA/Canton_Continuation/Historical_Source_Followup.md,8f20990ae1e1f40ad62de224ddea632a998f93393d43f8bc74b666b9d5e123e6,1288,D_PROVISIONAL_ENGINEERING_ONLY,UE 5.5.4 CL 40574608
QA/Canton_Continuation/Implementation.json,df55d844d85a096b7f73e56a52ae48c3143aba6bb582e89721e67d58025a1c0d,1264,D_PROVISIONAL_ENGINEERING_ONLY,UE 5.5.4 CL 40574608
QA/Canton_Continuation/Logs/Delivery_Cook.log,2374b544ebb65e192a1231a2db010517a4bb3296058e81abd33245bbc7a2d0bb,195671,D_PROVISIONAL_ENGINEERING_ONLY,UE 5.5.4 CL 40574608
QA/Canton_Continuation/Logs/Delivery_Stage.log,c9ed5e00e62e09cb965313b8d48e9a50c43026bd501356342e62bc618c88fc29,40154,D_PROVISIONAL_ENGINEERING_ONLY,UE 5.5.4 CL 40574608
QA/Canton_Continuation/Logs/District_Navigation.log,7f81d53efce28dc1be26242bbf2e2f41da0ae5e739054558346806869c7d64a0,137287,D_PROVISIONAL_ENGINEERING_ONLY,UE 5.5.4 CL 40574608
QA/Canton_Continuation/Logs/District_Review.log,ed859e3bcd8c53f0a547147b46463fa67c47f519e2216c02c2923c905d6aa19c,137533,D_PROVISIONAL_ENGINEERING_ONLY,UE 5.5.4 CL 40574608
QA/Canton_Continuation/Logs/Editor_Build.log,cea5eb1045e52dd576f61910366909a97fb5b4eb8b8b839bf7fc61fd69789dcc,1842,D_PROVISIONAL_ENGINEERING_ONLY,UE 5.5.4 CL 40574608
QA/Canton_Continuation/Logs/Game_Build.log,a9ef55bec2cb14638b48ce4edac24d51ba96154dcf0ad866f2efe35e4ed2c277,13889,D_PROVISIONAL_ENGINEERING_ONLY,UE 5.5.4 CL 40574608
QA/Canton_Continuation/Logs/M01_Automation.log,995017b3ae2a508929cb7fb2d14e578892867e175c29fb855b126705cf2cb076,135330,D_PROVISIONAL_ENGINEERING_ONLY,UE 5.5.4 CL 40574608
QA/Canton_Continuation/Logs/Runtime_Performance.log,38d4e305ace475a768ccde5f986246b6d1b9a009dc6c006bfd7bfa5bf3735582,98399,D_PROVISIONAL_ENGINEERING_ONLY,UE 5.5.4 CL 40574608
QA/Canton_Continuation/Logs/Runtime_Traversal.log,9491e85b97c9f6502db7eb34c0dda395810e3b77dc66b600ffd1ad380adf498e,99582,D_PROVISIONAL_ENGINEERING_ONLY,UE 5.5.4 CL 40574608
QA/Canton_Continuation/README.md,766b70352e24f758f65521c1fe28ab5aea998cc89ef37dc21e5a09f735d67459,3513,D_PROVISIONAL_ENGINEERING_ONLY,UE 5.5.4 CL 40574608
QA/Canton_Continuation/Runner_performance.json,50d925d8b2d1054b56355a213f91774a44156ccb99c2247913e3a5900e94118f,821,D_PROVISIONAL_ENGINEERING_ONLY,UE 5.5.4 CL 40574608
QA/Canton_Continuation/Runner_traversal.json,d8211c70f54de3c123fab9fc335c2a364c18f538bd11c9c9d5497ce50e4b0245,813,D_PROVISIONAL_ENGINEERING_ONLY,UE 5.5.4 CL 40574608
QA/Canton_Continuation/Runtime_Sample_Audit.json,2d0314a672f00a3b575b6fc8884686de6a188faf603fff49cff0d96c9ea85514,137,D_PROVISIONAL_ENGINEERING_ONLY,UE 5.5.4 CL 40574608
QA/Canton_Continuation/Runtime_performance.csv,2354a0136b4f631787ec95c290775a810885993c603f23bd13ed127dab854210,520090,D_PROVISIONAL_ENGINEERING_ONLY,UE 5.5.4 CL 40574608
QA/Canton_Continuation/Runtime_performance.json,1d7c07034d2261038a9dc1e4c04fc8dab44f61d15c47f8fe74be8f527c8d5a0a,1413,D_PROVISIONAL_ENGINEERING_ONLY,UE 5.5.4 CL 40574608
QA/Canton_Continuation/Runtime_performance.png,bf1b6a2c0aa644974f56cb2e92e0d2481c1a91158030b0c9ca3088cac5961888,2188156,D_PROVISIONAL_ENGINEERING_ONLY,UE 5.5.4 CL 40574608
QA/Canton_Continuation/Runtime_traversal.json,2e4afb2cb544a6bed5d20be3b2b217e1ce6de1eb72f06e7695833fe871b06523,2057,D_PROVISIONAL_ENGINEERING_ONLY,UE 5.5.4 CL 40574608
QA/Canton_Continuation/Source_Reproduction.json,d83bbfe4aa2fe08ad3aa0865a2873bb5c80c7866258bca9b7fd97892f638840d,136,D_PROVISIONAL_ENGINEERING_ONLY,UE 5.5.4 CL 40574608
QA/Canton_Continuation/Validation_Summary.json,5911cd2ac9a112f9a37d06deadaadb43ade2f9e54da20bb947935815f5029a5a,1189,D_PROVISIONAL_ENGINEERING_ONLY,UE 5.5.4 CL 40574608
QA/Canton_Continuation/Wall_Gate_Fit/After_Capture.json,2d653e60f91ff6fa08370be08e521a2581d9c4197bfb68d46c656e53dff53d13,2734,D_PROVISIONAL_ENGINEERING_ONLY,UE 5.5.4 CL 40574608
QA/Canton_Continuation/Wall_Gate_Fit/After_ContactSheet.png,5d7a34a4d1411a19007e6eeda259b43dd55e3ea77c2e81b76b8f254a674d0a32,1307594,D_PROVISIONAL_ENGINEERING_ONLY,UE 5.5.4 CL 40574608
QA/Canton_Continuation/Wall_Gate_Fit/After_GreatNorthGate.png,432acc83c8010eeea53f2f270a5f9d73143a7c48e123c8ba9b51703c9b4b57d9,655300,D_PROVISIONAL_ENGINEERING_ONLY,UE 5.5.4 CL 40574608
QA/Canton_Continuation/Wall_Gate_Fit/After_Guidemen_ReferenceRepaired.png,12fee7421c52c44076c4e46facd8c8d918b3b5bb9fc46c3421f18d8efac4f21c,684751,D_PROVISIONAL_ENGINEERING_ONLY,UE 5.5.4 CL 40574608
QA/Canton_Continuation/Wall_Gate_Fit/After_Wenmingmen.png,2e99c930064e15c189e71e599f81b7fd7fb653a488ec45aed323f4bc39120ef3,802934,D_PROVISIONAL_ENGINEERING_ONLY,UE 5.5.4 CL 40574608
QA/Canton_Continuation/Wall_Gate_Fit/After_Wuxianmen_V5_FullPBR.png,46e79ca3c216191a33f917fec76e598b2fbc1dde2dca4b6aaff8469086a75c7a,666667,D_PROVISIONAL_ENGINEERING_ONLY,UE 5.5.4 CL 40574608
QA/Canton_Continuation/Wall_Gate_Fit/After_Xiaobeimen_AAA_V3.png,d4dc6c6ec9c5fc96a01f12633225d4d96798b528f43078e8349cf13700567e2a,635606,D_PROVISIONAL_ENGINEERING_ONLY,UE 5.5.4 CL 40574608
QA/Canton_Continuation/Wall_Gate_Fit/After_Zhengdongmen.png,09f19ddf3630b5779051f3d7fc8ab6b47dc3378d34cb23bebc16c8a8288ed1fb,659999,D_PROVISIONAL_ENGINEERING_ONLY,UE 5.5.4 CL 40574608
QA/Canton_Continuation/Wall_Gate_Fit/After_Zhengnanmen_HighFidelity.png,f1947866f3816829838c5cc8ed0a73b7123eb80860b496e97b08c94ce22e455b,657502,D_PROVISIONAL_ENGINEERING_ONLY,UE 5.5.4 CL 40574608
QA/Canton_Continuation/Wall_Gate_Fit/After_Zhengximen.png,0eea404f0d226186461ac34231ea831b70acce1a7d1f9c6605510ad2ff779d29,645549,D_PROVISIONAL_ENGINEERING_ONLY,UE 5.5.4 CL 40574608
QA/Canton_Continuation/Wall_Gate_Fit/Before_Capture.json,d433c895fe729352e46570b20b919393992be66e393ff24c4c20200a88af1b41,2743,D_PROVISIONAL_ENGINEERING_ONLY,UE 5.5.4 CL 40574608
QA/Canton_Continuation/Wall_Gate_Fit/Before_ContactSheet-0.png,8c7c8ffbd1c6143959f6ba6dd83e332f16ef3ab5c064f19e296c2c3bd445889d,8084329,D_PROVISIONAL_ENGINEERING_ONLY,UE 5.5.4 CL 40574608
QA/Canton_Continuation/Wall_Gate_Fit/Before_ContactSheet-1.png,7424984258dd17f00d7a726944aafaf16f04f2b467d0d7284efa0104459d58fc,1088165,D_PROVISIONAL_ENGINEERING_ONLY,UE 5.5.4 CL 40574608
QA/Canton_Continuation/Wall_Gate_Fit/Before_ContactSheet.png,75c16268641ef081109983959294a4c3a0545063c0dce329b09ba9eed053a176,1301330,D_PROVISIONAL_ENGINEERING_ONLY,UE 5.5.4 CL 40574608
QA/Canton_Continuation/Wall_Gate_Fit/Before_GreatNorthGate.png,350b2cdcc3a39c4b4fa73a807abfbedbc71bf42aa00e61974c4591412d1cf10f,657150,D_PROVISIONAL_ENGINEERING_ONLY,UE 5.5.4 CL 40574608
QA/Canton_Continuation/Wall_Gate_Fit/Before_Guidemen_ReferenceRepaired.png,244fc26a360894f026e19e870473cf5e70aa058078d50bc7607199aa1fc67ee3,685486,D_PROVISIONAL_ENGINEERING_ONLY,UE 5.5.4 CL 40574608
QA/Canton_Continuation/Wall_Gate_Fit/Before_Wenmingmen.png,711b4aa349677c3db73bc2ebd705735d8a844d5c158a1a7bc6b989e34c654a4a,806014,D_PROVISIONAL_ENGINEERING_ONLY,UE 5.5.4 CL 40574608
QA/Canton_Continuation/Wall_Gate_Fit/Before_Wuxianmen_V5_FullPBR.png,09312df3cceaa47b0b2cbb123d48301c327f3aaa0c398c1b38f46c4c6b02aa83,665648,D_PROVISIONAL_ENGINEERING_ONLY,UE 5.5.4 CL 40574608
QA/Canton_Continuation/Wall_Gate_Fit/Before_Xiaobeimen_AAA_V3.png,ad54761641dc2361c3fa97b9e209d8e46529476c2363eb2a1cb1a0ee1d54cb9b,637840,D_PROVISIONAL_ENGINEERING_ONLY,UE 5.5.4 CL 40574608
QA/Canton_Continuation/Wall_Gate_Fit/Before_Zhengdongmen.png,6a8192e6134db07ac4b3338a3b513807985a56c7275daa899385a56c0367ea9e,652910,D_PROVISIONAL_ENGINEERING_ONLY,UE 5.5.4 CL 40574608
QA/Canton_Continuation/Wall_Gate_Fit/Before_Zhengnanmen_HighFidelity.png,d535883518dae0cf9982b88a8ecf1122cbbc4dc70ad99f1c3171654219a00d59,656325,D_PROVISIONAL_ENGINEERING_ONLY,UE 5.5.4 CL 40574608
QA/Canton_Continuation/Wall_Gate_Fit/Before_Zhengximen.png,99f216a51c06f42d9cac097aaf75748a2a64cdfd4d269187b445d63a34b9bac6,654598,D_PROVISIONAL_ENGINEERING_ONLY,UE 5.5.4 CL 40574608
QA/Canton_Continuation/Walled_Disk_Save.json,56ffdf05ced3b80c321d1797c3d34ae8fcb2364c494806c1c8282c40557ede17,312,D_PROVISIONAL_ENGINEERING_ONLY,UE 5.5.4 CL 40574608
QA/Canton_Continuation/Walled_Disk_Save_Diagram.png,ebc36f1342f7418de4594d006523e1418de23e254df8d7d6fdba6cf4dc7abb15,111352,D_PROVISIONAL_ENGINEERING_ONLY,UE 5.5.4 CL 40574608
QA/Canton_Continuation/Walled_Landmark_Archive_Diagram.png,f3bcb8feac201fcdee7cf551fc8a416e0da4acb07bb4524a8b0f0464f2a9c22b,191634,D_PROVISIONAL_ENGINEERING_ONLY,UE 5.5.4 CL 40574608
QA/Canton_Continuation/Walled_Landmark_Capture_Settings.json,a0c1a4e3792a68e3a207b4c03ae2392ced1d4978cf83b2166fafe518f3700b1b,940,D_PROVISIONAL_ENGINEERING_ONLY,UE 5.5.4 CL 40574608
QA/Canton_Continuation/Walled_Landmark_Placement.json,0556b71a70e6144a3e609ca1c10b0986d1f1d215f2b6c23e00cc7a3c1c88c052,8106,D_PROVISIONAL_ENGINEERING_ONLY,UE 5.5.4 CL 40574608
QA/Canton_Continuation/Walled_Landmark_Reload_Validation.json,b5b4affb501b01ee40f4fe5f4e3791525e21e2afe9b744dea56ab976211c09b6,2482,D_PROVISIONAL_ENGINEERING_ONLY,UE 5.5.4 CL 40574608
QA/Canton_Continuation/Walled_Landmarks_Citywide.png,78816319375cfd0bcc8d5dd8b8313b4f26864c8da9d40e8b1c5f86936d4e721a,900855,D_PROVISIONAL_ENGINEERING_ONLY,UE 5.5.4 CL 40574608
QA/Canton_Continuation/Walled_Landmarks_North.png,dd803df5bc3961c7fa93097aa83653335ac2050d53ae16d9372c03d06831c801,876960,D_PROVISIONAL_ENGINEERING_ONLY,UE 5.5.4 CL 40574608
QA/Canton_Continuation/Walled_Landmarks_South.png,d3a0136e178e07b5c18ec01d665db39bea7c1f1835746dc0434eb740c0f59d1b,949543,D_PROVISIONAL_ENGINEERING_ONLY,UE 5.5.4 CL 40574608
QA/Canton_Continuation/Walled_Runtime_Map_Setup.json,189537fb015a2e2085d9352045d31b511446871c982b823d621b2f7f1a1b4acf,383,D_PROVISIONAL_ENGINEERING_ONLY,UE 5.5.4 CL 40574608
QA/Canton_Continuation/Walled_Runtime_Visibility.json,0aa9ece80da9f75d07afd42f5799ac86015a0b75aa71e69ef4c988496f7ce641,615,D_PROVISIONAL_ENGINEERING_ONLY,UE 5.5.4 CL 40574608
QA/Canton_Continuation/Walled_Runtime_Visibility.png,52c1a8a57f9d2f6ad2fd614b15072473e28c0caaa0d83402e9596fa4382b9fc9,1011164,D_PROVISIONAL_ENGINEERING_ONLY,UE 5.5.4 CL 40574608
QA/Canton_Continuation/Walled_Runtime_Visibility_Check.json,e80938d8380cb9b43f855a7c53a496bc29d5c1130ae9960ed9c3e08a7c8baf0c,1056,D_PROVISIONAL_ENGINEERING_ONLY,UE 5.5.4 CL 40574608
QA/Canton_Continuation/Walled_WallGate_Baseline.json,8bd411f386da586d85bf511df959aafe39753656832e46496847449bb0d29f3e,249581,D_PROVISIONAL_ENGINEERING_ONLY,UE 5.5.4 CL 40574608
QA/Canton_Continuation/Walled_WallGate_Fit_Application.json,75a5007afac0420193188fd592c3e875ca4f607752f346b9b223af11edb838ca,16151,D_PROVISIONAL_ENGINEERING_ONLY,UE 5.5.4 CL 40574608
QA/Canton_Continuation/Walled_WallGate_Fit_Archive_Diagram.png,115618733597cf5d0d5ebc080abb1dbb7f5528c9b9e279c54d6319ae94e86b92,151866,D_PROVISIONAL_ENGINEERING_ONLY,UE 5.5.4 CL 40574608
QA/Canton_Continuation/Walled_WallGate_Fit_Plan.json,f5144112a2e504bddb5559faad614ce7881601cfa2748ff2114c072aa6f26998,40051,D_PROVISIONAL_ENGINEERING_ONLY,UE 5.5.4 CL 40574608
QA/Canton_Continuation/Walled_WallGate_Fit_Reload_Validation.json,3c0093b7b03cb706ee9f05a0b22af1430c5d3b3ed9be86378e621b3ab0beb57a,4486,D_PROVISIONAL_ENGINEERING_ONLY,UE 5.5.4 CL 40574608
QA/Canton_Days_11_20_Execution.md,a920d1f74f5ce57b43c10525a3953d5e252a7e88b4a1818abded47bd5ccfc3e4,4607,D_PROVISIONAL_ENGINEERING_ONLY,UE 5.5.4 CL 40574608
QA/Canton_District/Build_Result.json,ae6d8e33196eabd45428040c2a73341d809b0ec3bedc3774b367d30db3d1e5a3,745,D_PROVISIONAL_ENGINEERING_ONLY,UE 5.5.4 CL 40574608
QA/Canton_District/Capture_QA.json,7cbcd2bc3376dc44b27b85d65c5b252c2dba09ea22c8bc30a54c5f90cf3474d8,913,D_PROVISIONAL_ENGINEERING_ONLY,UE 5.5.4 CL 40574608
QA/Canton_District/Capture_Settings.json,b89d7569d1e7fc9996665fcc240eddde1cea0dbc3a61ee79b71b6666b909affc,1599,D_PROVISIONAL_ENGINEERING_ONLY,UE 5.5.4 CL 40574608
QA/Canton_District/Cook_Result.json,23c8a5f1ffd239026ade2a25610fa7161681763771c24fc52a8d553ea7397b67,1134,D_PROVISIONAL_ENGINEERING_ONLY,UE 5.5.4 CL 40574608
QA/Canton_District/Gate_Threshold_Attempt.json,aecde3e481bbaa6d704497ee7e1bbd6993d696756cc29ebbd2ae09bbc02a9e7e,3949,D_PROVISIONAL_ENGINEERING_ONLY,UE 5.5.4 CL 40574608
QA/Canton_District/Landscape_Material.json,55f3976b1eb5ca8e89460cbf3775245c0f4f0978df1313df7697297530be38b6,335,D_PROVISIONAL_ENGINEERING_ONLY,UE 5.5.4 CL 40574608
QA/Canton_District/Nav_to_Floor_Diagnostic.md,01bba0b5b8b9193677afbcf90a07eda7502d71fa79c4fcce2c15e6c8d12b2242,2226,D_PROVISIONAL_ENGINEERING_ONLY,UE 5.5.4 CL 40574608
QA/Canton_District/Navigation_Result.json,a1bb70796c7f4252446e56f642ef89298677fdcc3de95f3a7dde04cf11c279a4,353,D_PROVISIONAL_ENGINEERING_ONLY,UE 5.5.4 CL 40574608
QA/Canton_District/Performance_Probe.json,3e1881a21d21512c31f8651ebc895cb34c9a1188d5173c8916ee59c5c0e6bb0f,833,D_PROVISIONAL_ENGINEERING_ONLY,UE 5.5.4 CL 40574608
QA/Canton_District/Reload_Validation.json,a001a3d53ee3c83dc8f461beb8ca6ed2da2c93835d51212f39d1b40c1da00371,540,D_PROVISIONAL_ENGINEERING_ONLY,UE 5.5.4 CL 40574608
QA/Canton_District/Runner_review.json,b32f6305cdfa00d30fd3b52f0475f9579af877989a2240f8e4edf4034f4cad69,692,D_PROVISIONAL_ENGINEERING_ONLY,UE 5.5.4 CL 40574608
QA/Canton_District/Runner_seam.json,e30cb248ee1bcb232f765469d73d252be95c5ad2af74338a7652c295d876a78f,674,D_PROVISIONAL_ENGINEERING_ONLY,UE 5.5.4 CL 40574608
QA/Canton_District/Runner_traversal.json,0beb6c86b173baf7e9f20172c733b7973e20167011327f695d7428ae16177e19,706,D_PROVISIONAL_ENGINEERING_ONLY,UE 5.5.4 CL 40574608
QA/Canton_District/Seam_Probe.json,b732e38a1e48a7dc32b9fea40450dbef789d3f6e8f074cc67e9cd6d2215dba93,399,D_PROVISIONAL_ENGINEERING_ONLY,UE 5.5.4 CL 40574608
QA/Canton_District/Slope_Refinement.json,aa5d87f83d1a0b898a91a99866d697f061e0d493b4234a9c9947efda17dfd5ea,190,D_PROVISIONAL_ENGINEERING_ONLY,UE 5.5.4 CL 40574608
QA/Canton_District/Surface_Conformance.json,136254154d280f9a6ffdbe05a03c4a6179b30654c04d3c8c7fdcabda981f37d2,284,D_PROVISIONAL_ENGINEERING_ONLY,UE 5.5.4 CL 40574608
QA/Canton_District/Traversal_Route_Matrix.json,8a349f88567f794890e927ea5d3288794311c53f83ec44feee53a24ca3950b7a,24041,D_PROVISIONAL_ENGINEERING_ONLY,UE 5.5.4 CL 40574608
QA/Canton_District/Wetness_Refinement.json,e3b35047addd2919da1e8debf3c84916bb4bcb0f2a1da8a54c7f5be1f3f43c2d,277,D_PROVISIONAL_ENGINEERING_ONLY,UE 5.5.4 CL 40574608
QA/Canton_District/after_rain_ground.png,2724d7915d27cf03f61f78222a8f504106b8e70501a5bc3549d5169092806fee,1959839,D_PROVISIONAL_ENGINEERING_ONLY,UE 5.5.4 CL 40574608
QA/Canton_District/courtyard_edge.png,0e495230b085bfc1f73ff038d20725e3c877c1e225fab1535b5bab9c65f67805,1628232,D_PROVISIONAL_ENGINEERING_ONLY,UE 5.5.4 CL 40574608
QA/Canton_District/district_overview.png,07898a35e6d4d82fb9b930fe93498a6d041b1921123661bebafb56f0210c67b6,972939,D_PROVISIONAL_ENGINEERING_ONLY,UE 5.5.4 CL 40574608
QA/Canton_District/dry_ground.png,faf354048ba94e88bd8ca5976486b3bc32685d8970024a975809ebd84c006aa8,1960495,D_PROVISIONAL_ENGINEERING_ONLY,UE 5.5.4 CL 40574608
QA/Canton_District/gate_approach.png,5f044361c688bc4326a2cb7733ff09df9e4ed81bb72c73c58256425286248a4a,1327504,D_PROVISIONAL_ENGINEERING_ONLY,UE 5.5.4 CL 40574608
QA/Canton_District/main_street.png,47a520cc9feb9efb86d217d419f27cabebbbbbe5fa2530685a6395c6214b1a66,1382704,D_PROVISIONAL_ENGINEERING_ONLY,UE 5.5.4 CL 40574608
QA/Canton_District/mixed_lane.png,f49caf8d2307f69caff5fd25d62253c6fb713698d7e62d3fbec6616ab34dbfd4,1483552,D_PROVISIONAL_ENGINEERING_ONLY,UE 5.5.4 CL 40574608
QA/Drainage_Flow_Notes.md,89c6308e48c26936a0ee7dc3ba49b128785c54d985db2895c5a25bf22b9dd347,1066,D_PROVISIONAL_ENGINEERING_ONLY,UE 5.5.4 CL 40574608
QA/Provisional/North_South_Modern_Context_Profile.csv,12a1f5d441080d566c8e3099677a8a954511e349771f5ffeb6164477d184ff95,95713,D_PROVISIONAL_ENGINEERING_ONLY,UE 5.5.4 CL 40574608
QA/Provisional/North_South_Modern_Context_Profile.svg,5dffb09735048f7c06d21c858430c5a987a1229eed622f120b874ef89e57454a,29924,D_PROVISIONAL_ENGINEERING_ONLY,UE 5.5.4 CL 40574608
QA/Road_Edge_Blockout_Profile.svg,5dc982f8b2c413ad98d38a4069c692b20ac23c17f98c6f52712400a1e6ca0d08,2672,D_PROVISIONAL_ENGINEERING_ONLY,UE 5.5.4 CL 40574608
QA/Road_Nav_Collision.md,87941482f53330d4a8c61bbf7535089aa7db7f895633829651a285f5fe762641,2831,D_PROVISIONAL_ENGINEERING_ONLY,UE 5.5.4 CL 40574608
QA/StoneRoad_Seams.md,6172b86ba7f8cd86bb0351d06a70a0bd702e84f97e869fa6e10d80f06c8de01a,2264,D_PROVISIONAL_ENGINEERING_ONLY,UE 5.5.4 CL 40574608
QA/Street_Grade_Profiles.csv,f29e18e48f71eb6948526af3ffbe56ba9c2084fca3d101485bd4d72f4db93175,15529,D_PROVISIONAL_ENGINEERING_ONLY,UE 5.5.4 CL 40574608
QA/UE_Import_Screenshots/Automation_Report.json,251130c3b858eccb51e595e910e087b4a4b888e30cb06cfd5f14a2eb1e7b961f,999,D_PROVISIONAL_ENGINEERING_ONLY,UE 5.5.4 CL 40574608
QA/UE_Import_Screenshots/Automation_Validation.json,c4ee774219f7235aef053369fa066950454a2bb5d90171211a730fee1e250be2,254,D_PROVISIONAL_ENGINEERING_ONLY,UE 5.5.4 CL 40574608
QA/UE_Import_Screenshots/Capture_Settings.json,d4777c89d4df64c3ce1ad27934b28b9d90ab4c08bb897d0cb54d4bad6f148180,663,D_PROVISIONAL_ENGINEERING_ONLY,UE 5.5.4 CL 40574608
QA/UE_Import_Screenshots/Creation_Validation.json,77a59bb8d4be4074bd03f88b6f2ed1f80ff056b8590f84b7d6d40ddcc5eac900,263,D_PROVISIONAL_ENGINEERING_ONLY,UE 5.5.4 CL 40574608
QA/UE_Import_Screenshots/Import_Settings.json,7fd3210431c98d4370aac525913e9b8aab70718c50f7b3b589739113affa3038,1600,D_PROVISIONAL_ENGINEERING_ONLY,UE 5.5.4 CL 40574608
QA/UE_Import_Screenshots/Reload_Validation.json,77a59bb8d4be4074bd03f88b6f2ed1f80ff056b8590f84b7d6d40ddcc5eac900,263,D_PROVISIONAL_ENGINEERING_ONLY,UE 5.5.4 CL 40574608
QA/UE_Import_Screenshots/north-hills.png,3a24ef945d0a9be79aac128a3d57dd84390bf27fc824cbf603feefd6b476f5e6,631168,D_PROVISIONAL_ENGINEERING_ONLY,UE 5.5.4 CL 40574608
QA/UE_Import_Screenshots/overview.png,c79425711eefb7f7c6606f233cce75afdd124e07c4e67715376522db45651e8c,393847,D_PROVISIONAL_ENGINEERING_ONLY,UE 5.5.4 CL 40574608
QA/UE_Import_Screenshots/south-gate.png,e6644d732e8e1813dac566d5d85c82f0b37e7f2ffd70390b350da2d9d752b851,659710,D_PROVISIONAL_ENGINEERING_ONLY,UE 5.5.4 CL 40574608
QA/Vegetation_Exclusions.md,b3e766af4ad58e13076bc3071438c975c58ac0b346e798ce08fea4f3ba5f50a0,1234,D_PROVISIONAL_ENGINEERING_ONLY,UE 5.5.4 CL 40574608
Review/M01_Terrain_Review.md,c66b667f59b35bba6060924a555131e0e187b04243c329ed6f40165f39666361,9652,D_PROVISIONAL_ENGINEERING_ONLY,UE 5.5.4 CL 40574608
Review/M02_Roads_Review.md,75a9ba5d60a9291766c6fe467966a9920582378577a7eac3457e55153d63ee75,4820,D_PROVISIONAL_ENGINEERING_ONLY,UE 5.5.4 CL 40574608
Review/M02_Screenshots/district_overview.png,22ad708365b24615782b8f5a58a6be4dff40612719f775871ce4562f66607692,866118,D_PROVISIONAL_ENGINEERING_ONLY,UE 5.5.4 CL 40574608
Review/M02_Screenshots/gate_approach.png,dc2484e91a3535dfdbea2077bc84329c36c34ad04134812d78ca82cfee5c5bdb,904950,D_PROVISIONAL_ENGINEERING_ONLY,UE 5.5.4 CL 40574608
Review/M02_Screenshots/main_street.png,bfdefb849d5059350bda51b206bd48bf4805dc9cad9b9961729fb9f0e32fa4ec,849541,D_PROVISIONAL_ENGINEERING_ONLY,UE 5.5.4 CL 40574608
Review/M02_Screenshots/mixed_lane.png,7d7002619e96c2114ced0be79859433bdfed72407f8a2eed94207925d3cef775,842190,D_PROVISIONAL_ENGINEERING_ONLY,UE 5.5.4 CL 40574608
Review/M03_Material_Atlas.png,a605936c81245c6016b37cdc48f796476b3b263b9845138ef8dfbc08488c5db5,1209318,D_PROVISIONAL_ENGINEERING_ONLY,UE 5.5.4 CL 40574608
Review/M03_Material_QA.md,76986dd0437006df00016c7b4ccc3e06f5d4cc29397987511b6484529574cf60,2542,D_PROVISIONAL_ENGINEERING_ONLY,UE 5.5.4 CL 40574608
Review/M04_Weathering_QA.md,ec753fb4dbe030b261a3e33723e76e2c494af95a9d57d12aada949b0d565cd43,3035,D_PROVISIONAL_ENGINEERING_ONLY,UE 5.5.4 CL 40574608
Review/M05_2026_09_28_Handoff_Snapshot.md,e1645cb4a96fe588e415504604a91642a0674658d2c5b87eaaedf2c889399f8a,17985,D_PROVISIONAL_ENGINEERING_ONLY,UE 5.5.4 CL 40574608
Review/M05_Final_Handoff.md,d4ac525754a64b05554827a993b558528a329143bca9978169b8ebf6a4de23b9,7501,D_PROVISIONAL_ENGINEERING_ONLY,UE 5.5.4 CL 40574608
Review/M05_Independent_Audit_Disposition.md,73934bf6121923ac5ed6cb60fc4f923ece58a09b8889a7cdaab22c97edbd3dd4,4749,D_PROVISIONAL_ENGINEERING_ONLY,UE 5.5.4 CL 40574608
Review/M05_Independent_Audit_Findings.md,1fd09622720a4b6b111c265bbfa4a123722aeb8e3076789cc381ecbc7734e1e0,13217,D_PROVISIONAL_ENGINEERING_ONLY,UE 5.5.4 CL 40574608
Review/M05_QA_Screenshots/after_rain_ground.png,2724d7915d27cf03f61f78222a8f504106b8e70501a5bc3549d5169092806fee,1959839,D_PROVISIONAL_ENGINEERING_ONLY,UE 5.5.4 CL 40574608
Review/M05_QA_Screenshots/courtyard_edge.png,0e495230b085bfc1f73ff038d20725e3c877c1e225fab1535b5bab9c65f67805,1628232,D_PROVISIONAL_ENGINEERING_ONLY,UE 5.5.4 CL 40574608
Review/M05_QA_Screenshots/district_overview.png,07898a35e6d4d82fb9b930fe93498a6d041b1921123661bebafb56f0210c67b6,972939,D_PROVISIONAL_ENGINEERING_ONLY,UE 5.5.4 CL 40574608
Review/M05_QA_Screenshots/dry_ground.png,faf354048ba94e88bd8ca5976486b3bc32685d8970024a975809ebd84c006aa8,1960495,D_PROVISIONAL_ENGINEERING_ONLY,UE 5.5.4 CL 40574608
Review/M05_QA_Screenshots/gate_approach.png,5f044361c688bc4326a2cb7733ff09df9e4ed81bb72c73c58256425286248a4a,1327504,D_PROVISIONAL_ENGINEERING_ONLY,UE 5.5.4 CL 40574608
Review/M05_QA_Screenshots/main_street.png,47a520cc9feb9efb86d217d419f27cabebbbbbe5fa2530685a6395c6214b1a66,1382704,D_PROVISIONAL_ENGINEERING_ONLY,UE 5.5.4 CL 40574608
Review/M05_QA_Screenshots/mixed_lane.png,f49caf8d2307f69caff5fd25d62253c6fb713698d7e62d3fbec6616ab34dbfd4,1483552,D_PROVISIONAL_ENGINEERING_ONLY,UE 5.5.4 CL 40574608
Review/M05_Review_Finding_Disposition.md,cc47f88890c019a5e1608038e20dbc55d5f11f1b7696747104c6792aada82ca9,3604,D_PROVISIONAL_ENGINEERING_ONLY,UE 5.5.4 CL 40574608
Review/M05_Source_to_Prototype_Change_Log.md,dcce6bafb9b918efa4b9cfef2c9d22b81fd24a0451257ab3a68bffd09ddd4851,3250,D_PROVISIONAL_ENGINEERING_ONLY,UE 5.5.4 CL 40574608
Scripts/AuthorCantonLandscapeMaterial.py,3d6f3ab6c5f72ee12ff5c04cb0876cab07701936df53306c90e7fc0ab69cc68a,4090,D_PROVISIONAL_ENGINEERING_ONLY,UE 5.5.4 CL 40574608
Scripts/BuildCantonDistrictNavigation.py,a522fe23dca1951d04a54d1fc2dcd79582bd2e466a7bacb2e5f8d4874fad828c,5551,D_PROVISIONAL_ENGINEERING_ONLY,UE 5.5.4 CL 40574608
Scripts/BuildCantonDistrictPrototype.py,d70c802bc40ca96e986f81c618d07d33099e80cd118c43a1de4e2a2befb29010,10062,D_PROVISIONAL_ENGINEERING_ONLY,UE 5.5.4 CL 40574608
Scripts/CantonMaterialAuthoring.py,e4240e1fe31181d63edb8aef33b25255c317fb902b027133bfa31c56313b1596,5244,D_PROVISIONAL_ENGINEERING_ONLY,UE 5.5.4 CL 40574608
Scripts/CaptureCantonWallGateCloseups.py,607f66cd2febc9cbfa43eeb0085d10417fb1159efb763ed10047685f51965b5f,4610,D_PROVISIONAL_ENGINEERING_ONLY,UE 5.5.4 CL 40574608
Scripts/CaptureCantonWalledLandmarks.py,1714bdf27b5c25bbf4b957930215b08ca7b324aee7a8604d820b704c593d7a2b,4181,D_PROVISIONAL_ENGINEERING_ONLY,UE 5.5.4 CL 40574608
Scripts/CompleteCantonDistrict.py,63c1807863bb36f74a3a2b11c7d1ab2834e3434c5f7bf891e7d78ab191f0552b,14180,D_PROVISIONAL_ENGINEERING_ONLY,UE 5.5.4 CL 40574608
Scripts/ConformCantonDistrictPrototype.py,0c63d955204fb54d32d19978c387762cb872c6afb4957afa118def23afe3dc0f,5398,D_PROVISIONAL_ENGINEERING_ONLY,UE 5.5.4 CL 40574608
Scripts/FinalizeCantonDistrict.py,780d508e2ff8fbba8b3c2f972dd652a36b8868d57c2d8d7ec6abc92cd5155a31,6304,D_PROVISIONAL_ENGINEERING_ONLY,UE 5.5.4 CL 40574608
Scripts/FitCantonWalledCityWallsToGates.py,3f30074ae592425bd5140a2d7abae1b1d5a40e0bb6bef5a5f3611d010ec4b0c3,7428,D_PROVISIONAL_ENGINEERING_ONLY,UE 5.5.4 CL 40574608
Scripts/FixCantonWalledRuntime.py,c08aecbc96758c6d405207b4d2c0d0386a1cd52ed174ff3543a4f8d4b94903a2,5211,D_PROVISIONAL_ENGINEERING_ONLY,UE 5.5.4 CL 40574608
Scripts/PlaceCantonWalledCityLandmarks.py,e7927da949258376743bbc73ae94e2fe922f1c7a7b1c8422d5fd2ed1e82c82fb,10104,D_PROVISIONAL_ENGINEERING_ONLY,UE 5.5.4 CL 40574608
Scripts/ProbeCantonDistrictPerformance.py,4857c97a625cb730f5741ff490379a5a622a7fea3482e3daa55a3da9dbff8d27,4807,D_PROVISIONAL_ENGINEERING_ONLY,UE 5.5.4 CL 40574608
Scripts/ProbeCantonDistrictSeams.py,5b6cb2127060bfe3df56105ecb72e449278fe24c165721a42dfa6d02c8867d49,1871,D_PROVISIONAL_ENGINEERING_ONLY,UE 5.5.4 CL 40574608
Scripts/ProbeCantonWalledWallGateFit.py,89a6b52a80244732bb72367b52dc96da3769e4efe58850e9b99d8dbc387819d2,2733,D_PROVISIONAL_ENGINEERING_ONLY,UE 5.5.4 CL 40574608
Scripts/RefineCantonDistrictPrototype.py,e06a68061cd9e32d0d657acf7b318219264545f7c8f0b1669839a8438c1b19e0,2312,D_PROVISIONAL_ENGINEERING_ONLY,UE 5.5.4 CL 40574608
Scripts/RefineCantonDistrictWetness.py,fef4683c5d1bfa5b72e0993ad05c8446e951a4f02a393416285ff30e6b97dcdb,4196,D_PROVISIONAL_ENGINEERING_ONLY,UE 5.5.4 CL 40574608
Scripts/ReviewCantonDistrictPrototype.py,a11579c84998ddfb474bf162764cacbcea3838f900f828422f8a9e8fe77b03ff,6549,D_PROVISIONAL_ENGINEERING_ONLY,UE 5.5.4 CL 40574608
Scripts/ReviewCantonDistrictTraversal.py,df43e7734ff43685d6bfb633e81018885c16b277afe0a1703220d6c50dc44c24,8621,D_PROVISIONAL_ENGINEERING_ONLY,UE 5.5.4 CL 40574608
Scripts/SaveCantonWalledCityToDisk.py,4eb10e2d42bd9e6b33ddaf3bd94a903a09f98ae8a72785091d5d61315973f892,3442,D_PROVISIONAL_ENGINEERING_ONLY,UE 5.5.4 CL 40574608
Scripts/ValidateCantonWalledCityLandmarks.py,7213a3179fe69200141c6f5f512b6fd645c63ac3c1246a88cf0ff59ddbf59acf,4611,D_PROVISIONAL_ENGINEERING_ONLY,UE 5.5.4 CL 40574608
Scripts/ValidateCantonWalledGateWallFit.py,f80285bad5584edd2594cbb41128c9b70c0975394a61c130dc1702aa13eea9c2,5752,D_PROVISIONAL_ENGINEERING_ONLY,UE 5.5.4 CL 40574608
Scripts/check_canton_runtime_samples.py,8c215c3d70a74e14baa64df4e6510871a97394d2c54d1ef5ed419fc3e056034e,1889,D_PROVISIONAL_ENGINEERING_ONLY,UE 5.5.4 CL 40574608
Scripts/cook_canton_delivery.py,c3eb860837bb4c2b9c614a68d6be9cddff4914382b7aca3422a44a727e330b42,2395,D_PROVISIONAL_ENGINEERING_ONLY,UE 5.5.4 CL 40574608
Scripts/create_canton_material_atlas.py,7ce97e692b045d282dc8899927032aca886e7673776d342db920a48cdadffb27,1358,D_PROVISIONAL_ENGINEERING_ONLY,UE 5.5.4 CL 40574608
Scripts/create_canton_north_south_profile.py,33d10b2b4e73a053a5ee61c71446262717415eb09cd83db4d942e07fe4da2c44,3353,D_PROVISIONAL_ENGINEERING_ONLY,UE 5.5.4 CL 40574608
Scripts/generate_canton_district_assets.py,55af504e74f02328387a8e6285e54abc64b49b61b80f37365ff20544aa0dfe27,5592,D_PROVISIONAL_ENGINEERING_ONLY,UE 5.5.4 CL 40574608
Scripts/macos/unreal-common.sh,713e80f1bc0f02353ad027ee19889d7437670498615fe8d1d53042e6908e828f,5677,D_PROVISIONAL_ENGINEERING_ONLY,UE 5.5.4 CL 40574608
Scripts/plan_canton_walled_gate_wall_fit.py,565fc4be67f84c65223809b17fa0a9abd2a353d81ea413f8401abf8ab5394697,9065,D_PROVISIONAL_ENGINEERING_ONLY,UE 5.5.4 CL 40574608
Scripts/prepare_canton_district.py,8adc3068a671f20c8abed0a60f439fc09b3cd8184290941258f5fee6db9160f0,7648,D_PROVISIONAL_ENGINEERING_ONLY,UE 5.5.4 CL 40574608
Scripts/refresh_canton_district_freeze.py,7deac2c72633bcec1eb5549ab53a4d0f437f4e37114a2ec23521158ff3915b82,2731,D_PROVISIONAL_ENGINEERING_ONLY,UE 5.5.4 CL 40574608
Scripts/refresh_canton_district_manifest.py,efd7e2e6a710dcfd2cf6f04972af45c271ccb6ddd13edb49b6b0da3e0e611616,8786,D_PROVISIONAL_ENGINEERING_ONLY,UE 5.5.4 CL 40574608
Scripts/repair_canton_mac_framework.py,46de3a666328e68c4c235b71473136101b4a4d2a2cc453464b468d849f56fde4,1246,D_PROVISIONAL_ENGINEERING_ONLY,UE 5.5.4 CL 40574608
Scripts/run_canton_district_check.py,c2702685192d84a5ec82be4c4840a211e3fef49ef56dc638573d24d5065d3eb8,7100,D_PROVISIONAL_ENGINEERING_ONLY,UE 5.5.4 CL 40574608
Scripts/run_canton_runtime_check.py,7a7da6d96e7797807c34f56589f698033a8d22277f02794ff79f13c0b3a4d36a,5366,D_PROVISIONAL_ENGINEERING_ONLY,UE 5.5.4 CL 40574608
Scripts/run_canton_walled_visibility.py,a1a31f63a70836f9a1946e0a683c5429a7eed3d10fba80497d4b4bfb26ec4bb5,4115,D_PROVISIONAL_ENGINEERING_ONLY,UE 5.5.4 CL 40574608
Scripts/stage_canton_delivery.py,bae50215918ce028c86eb04d201d744d6bc21a733dc4e18ab036d4fe20109c38,1782,D_PROVISIONAL_ENGINEERING_ONLY,UE 5.5.4 CL 40574608
Scripts/test_canton_district_check_runner.py,645e19031e02215723841f967bc82c8189c5235e8a327cf2caac45f326c1a875,3515,D_PROVISIONAL_ENGINEERING_ONLY,UE 5.5.4 CL 40574608
Scripts/test_canton_district_contract.py,b493b4fb77187245bd35682312e07e8ac8b685344ca7819138b4d7ca4fea1c7e,5601,D_PROVISIONAL_ENGINEERING_ONLY,UE 5.5.4 CL 40574608
Scripts/test_canton_handoff_freeze.py,3d6800f872fff2d6cde5a245b8a63656b69ff232c33e3956555cc79d99bd4508,2905,D_PROVISIONAL_ENGINEERING_ONLY,UE 5.5.4 CL 40574608
Scripts/test_canton_runtime_check.py,ad1e22b05ae900d4bfa2886d144204a02f5d3052c2edbe77691ae1943b88483d,1393,D_PROVISIONAL_ENGINEERING_ONLY,UE 5.5.4 CL 40574608
Scripts/test_canton_source_manifest.py,7fd40918d95475cbf9b959312d571f871085d581ba2a2a2e1cc11160cbcec3fa,995,D_PROVISIONAL_ENGINEERING_ONLY,UE 5.5.4 CL 40574608
Scripts/verify_canton_capture_pair.py,fd2ff9b243b991a62591d263159e2d0e26fa1a8c3f1c6cf22ff553bcac36c2ed,1836,D_PROVISIONAL_ENGINEERING_ONLY,UE 5.5.4 CL 40574608
Source/Aura/Aura.Build.cs,d4e351417afb72b760bedc438f469fedc0374ea1b9a4497b5b2661ad28918736,1137,D_PROVISIONAL_ENGINEERING_ONLY,UE 5.5.4 CL 40574608
Source/Aura/Private/Terrain/CantonDistrictGameMode.cpp,20b3826eff7f386119dd47f45d25527250beaae68f9427dd1f34d6da2b639c75,20251,D_PROVISIONAL_ENGINEERING_ONLY,UE 5.5.4 CL 40574608
Source/Aura/Public/Terrain/CantonDistrictGameMode.h,5e3a20141fa34783c3b217bd06455fa032c694a73953fd0179c13be4233c13c7,2029,D_PROVISIONAL_ENGINEERING_ONLY,UE 5.5.4 CL 40574608
Source/AuraEditor/Private/AuraEditorModule.cpp,fbd6a6c177c27f23569942d5c6b6504490817f97d4f52495091c0a009b6de3e3,112699,D_PROVISIONAL_ENGINEERING_ONLY,UE 5.5.4 CL 40574608
Source/AuraEditor/Private/Terrain/CantonTerrainLibrary.cpp,f81aeb39959a2aa6e87b90154a0b68599960091773dfa59687386c052d81b321,20504,D_PROVISIONAL_ENGINEERING_ONLY,UE 5.5.4 CL 40574608
Source/AuraEditor/Public/Terrain/CantonTerrainLibrary.h,ab2dcbcaf450c4c7d73165fdd1b90d7d70d37a191fc2fbcff2795038e9af844f,1491,D_PROVISIONAL_ENGINEERING_ONLY,UE 5.5.4 CL 40574608
